R_um,w_nm,g_nm,Lc_um,n_eff,n_g,lambda_res_nm,FSR_nm,FWHM_nm,Q_L,IL_dB,kappa2,t,a,loss_bend_dB,loss_rough_dB,m_order,n_res_in_window,origin,flag
14.84226043951444,483.3561121560248,325.42828041601774,1.683907895912822,2.419502525710533,4.244390894587562,1548.233072828906,5.828019955592026,0.01719379883226353,90046.01530661763,2.183906930751074,0.007161336214492749,0.996412898243247,0.9979475818901059,0.005284213065660526,0.01256118350639303,151,17,dual-fidelity: 3D FDTD coupler/mode/bend + CMT Eqs 2-7,
6.499058226521123,463.2024377648363,227.04777205960193,2.415641807084169,2.3781727764038227,4.287057193691822,1551.454375985544,12.21979979052503,0.19927790010575955,7785.3809938892655,0.47002143620731845,0.04708292971345427,0.9761747129927848,0.99732251314457,0.017350956112208157,0.005936589200561564,70,8,dual-fidelity: 3D FDTD coupler/mode/bend + CMT Eqs 2-7,
13.028718863673244,411.45496140621043,175.1258403951535,2.901219705033454,2.26125670223424,4.386214372826037,1548.6833838733316,6.217322734097252,1.2210661091475852,1268.3042894003938,0.031531488592092406,0.44809199686968926,0.7429051104483739,0.9979023737555667,0.006842527673695842,0.011396358264937383,128,17,dual-fidelity: 3D FDTD coupler/mode/bend + CMT Eqs 2-7,
14.383561348799192,412.8177238386729,349.3113171602345,2.4563182838346456,2.2621376165905547,4.385791488474389,1550.7395682762913,5.737181832520946,0.05953040839270911,26049.5368693996,0.5733142752073805,0.0299641993950383,0.9849039550153922,0.997926545282558,0.005641157619029206,0.012387338326916875,139,18,dual-fidelity: 3D FDTD coupler/mode/bend + CMT Eqs 2-7,
11.484454152129842,456.3936182743896,273.63447376560146,0.6251050068026338,2.3656039853335344,4.299193227819414,1550.5090176771257,7.588421423191903,0.04307976340750161,35991.58618886776,1.081760796609193,0.01556366576389399,0.9921876507173963,0.9979217739175938,0.008526834436176588,0.009543191268421862,112,13,dual-fidelity: 3D FDTD coupler/mode/bend + CMT Eqs 2-7,
6.332419122599147,487.16454740318704,304.605860395121,1.1163206366360332,2.428501723012385,4.2345608802023476,1546.1609646875238,13.346733334019518,0.02875327117903341,53773.393470965086,4.405009817907725,0.004040785500743323,0.9979775621221435,0.9973290559565916,0.017767910257846208,0.00546265252822771,66,7,dual-fidelity: 3D FDTD coupler/mode/bend + CMT Eqs 2-7,
7.2322161650292625,489.18053612921483,317.7066557992546,1.7698685887026384,2.43136458829612,4.231441289714052,1546.6349536001792,11.476296124374585,0.02682079288032116,57665.51945356432,3.70029360626355,0.004756763882136326,0.99761878296164,0.9974706814669291,0.01562967046014172,0.006367541898102299,77,9,dual-fidelity: 3D FDTD coupler/mode/bend + CMT Eqs 2-7,
9.598457105079325,405.03169510467575,286.85104756881844,2.2710974708026974,2.2440793310858247,4.398306699798605,1548.2017799958637,8.366515761288156,0.19943112627409146,7763.089989614094,0.2670056102218924,0.06971829771268928,0.9645111208728029,0.9977475462250708,0.011155991838706135,0.00843064034745833,94,12,dual-fidelity: 3D FDTD coupler/mode/bend + CMT Eqs 2-7,
13.58674174641862,460.4629540293965,319.50608883774487,1.1934315859227471,2.3710674215326804,4.294039604251457,1552.7816071202462,6.37817454781748,0.02473827704455846,62768.38133566795,1.5979388298896868,0.010054072432680066,0.9949602643157766,0.9979611137230834,0.006319485326455701,0.011408134307100241,134,16,dual-fidelity: 3D FDTD coupler/mode/bend + CMT Eqs 2-7,
12.188700784946645,444.2524295073774,193.95461813018983,1.6959905580159524,2.3424826601125814,4.320516143485138,1548.281275707504,6.913146585978893,0.2949456324352323,5249.37854791762,0.13706127990131792,0.12302788791436495,0.936467891646924,0.9979172378201354,0.007712647804753044,0.010396860084210206,121,15,dual-fidelity: 3D FDTD coupler/mode/bend + CMT Eqs 2-7,
8.505628480811277,466.01673218039423,339.05994697959954,2.645062900075854,2.3808972396637835,4.284465968550396,1553.7355950154538,9.547962991450504,0.034086011933128935,45582.79208678398,2.0828374513235657,0.008743722237611122,0.9956185402865843,0.9976229773592843,0.01303590040490521,0.007635233540884735,90,10,dual-fidelity: 3D FDTD coupler/mode/bend + CMT Eqs 2-7,
11.051677401986048,434.9195235642503,190.52250432419396,1.4931350156882093,2.3153915162037575,4.344304138494694,1552.727429623311,7.632752794517955,0.3580198427645532,4336.987072094887,0.1273051137834426,0.1344532602134016,0.9303476445859356,0.9978741408442431,0.009069251921383524,0.009415380923419097,108,14,dual-fidelity: 3D FDTD coupler/mode/bend + CMT Eqs 2-7,
10.23317504496025,426.1860247516391,237.76001835950498,2.216977913190747,2.298982322843255,4.357508005262127,1549.1284631970623,7.979858674180832,0.2683690518099083,5772.381177149831,0.18404018692741445,0.09780166466578702,0.949841215853583,0.9978004315364031,0.010191235576683508,0.00893501581890743,102,13,dual-fidelity: 3D FDTD coupler/mode/bend + CMT Eqs 2-7,
6.092130756224979,400.6335149143408,180.05896692427473,1.0866578129069342,2.225702392918081,4.411240947541023,1552.2855145209385,13.408735259097284,0.8138443534747806,1907.3493695610443,0.1265377413865555,0.16977133614223605,0.9111688448678236,0.9972814112770442,0.01838684814958526,0.005258669270756658,58,7,dual-fidelity: 3D FDTD coupler/mode/bend + CMT Eqs 2-7,
12.525410842244616,446.7431258804047,230.17204060037446,1.565656409779392,2.3471300278207385,4.316342311949253,1548.9314907669548,6.769211025421328,0.14702448998661174,10535.193768793231,0.26886746624733665,0.0637778913309945,0.9675857112778203,0.9979310461182644,0.007351318319804688,0.010638002724691946,124,15,dual-fidelity: 3D FDTD coupler/mode/bend + CMT Eqs 2-7,
9.623315970382095,491.9528903793857,293.48695277870377,1.239705003427752,2.4345453676150863,4.22799863312161,1547.8910151979778,8.963502900796357,0.02432921060224859,63622.73895787298,2.6356171147030647,0.006248078864175598,0.99687106545221,0.997780549648214,0.011116542314107433,0.008182783377379902,99,11,dual-fidelity: 3D FDTD coupler/mode/bend + CMT Eqs 2-7,
9.453652816799995,425.3446420599342,267.6881585678509,0.5660881497058121,2.2999153158555306,4.356595931590318,1546.8522239113524,9.031072488153995,0.08654773440108042,17872.821681765967,0.6677546147512204,0.027365634402593507,0.9862222698750046,0.9977853375534704,0.01138858632773491,0.007869059741023815,90,11,dual-fidelity: 3D FDTD coupler/mode/bend + CMT Eqs 2-7,
7.279691821654321,470.15632826107674,343.75708306543606,2.782774414068826,2.3904464899021023,4.274857777543717,1552.4346695415352,10.928999799864869,0.03425829631068335,45315.5829893798,2.625795716198029,0.007212877930161006,0.9963870342742518,0.9974480872773411,0.015524286664924567,0.006669676197957694,79,9,dual-fidelity: 3D FDTD coupler/mode/bend + CMT Eqs 2-7,
9.12146596926732,459.0766060514135,238.78833945166218,1.181155848323934,2.3681050924558993,4.29689958221812,1552.908924743479,9.360742274108361,0.0955627548550464,16250.148157605927,0.6402022370882146,0.029216011289488253,0.9852837097559828,0.9977347193042425,0.01194065519720715,0.007757642445109296,91,10,dual-fidelity: 3D FDTD coupler/mode/bend + CMT Eqs 2-7,
8.877064062422333,480.9338083485273,307.6885935695317,0.2646483053726808,2.4171794450530375,4.24682917943469,1546.5975236723573,9.953922619278046,0.01785889067261701,86600.98502331678,4.495674349321933,0.0033369945365435798,0.9983301084628553,0.997736411274447,0.012363848458760046,0.007319719562824409,88,10,dual-fidelity: 3D FDTD coupler/mode/bend + CMT Eqs 2-7,
10.173356864596727,475.85936131385597,287.63719592306677,0.5424990812402769,2.4058479255651166,4.258876506008704,1548.4629072950984,8.623652318156928,0.02531871774513523,61158.820240516405,2.324344575728834,0.007003162438136602,0.9964922666844251,0.9978460362004058,0.01027847919170674,0.008450790990045209,101,11,dual-fidelity: 3D FDTD coupler/mode/bend + CMT Eqs 2-7,
9.849772879268663,453.79099521392243,349.4555281298807,1.0096143683092458,2.357124643177286,4.307305529784698,1552.960636221834,8.722823399646131,0.02052611546896815,75657.79499631264,3.077213288348532,0.005151194567552647,0.9974210772950647,0.9978067252518729,0.010763531536387995,0.008307933006190394,97,12,dual-fidelity: 3D FDTD coupler/mode/bend + CMT Eqs 2-7,
12.828387282209663,444.34989552248965,172.96953757945738,0.8169110388747667,2.3389629927629656,4.323806287370144,1551.2032100078713,6.743980528633983,0.2832450674593451,5476.5409471094135,0.13629303465154846,0.1212582097894878,0.9374122840087558,0.9979606695889105,0.0070406808629701525,0.010690804353338038,124,15,dual-fidelity: 3D FDTD coupler/mode/bend + CMT Eqs 2-7,
7.51553843724426,430.5618978773903,192.93969758217042,1.9601091522206433,2.3061336620931114,4.351916879915359,1551.837971318829,10.76056108901571,0.5161475667567389,3006.578101433175,0.14629045889453285,0.1367812392229539,0.9290956682586816,0.9975094491974814,0.015011206757981918,0.0066484260685541205,76,9,dual-fidelity: 3D FDTD coupler/mode/bend + CMT Eqs 2-7,
6.726381873894466,450.4912350080684,285.17639881957587,0.31211430700635145,2.351735873600262,4.312247207676334,1551.6873548959475,12.933927050059538,0.04234095140749603,36647.43713390524,2.5232195861821975,0.0076122414898866396,0.9961866082768396,0.9974274993061841,0.016797893862740818,0.005575353208690916,65,8,dual-fidelity: 3D FDTD coupler/mode/bend + CMT Eqs 2-7,
11.040914193092924,440.13002928661894,237.9468260077081,0.9900924708679568,2.3279472774876777,4.333563670602393,1552.377386635801,7.762907338967807,0.12124581562805586,12803.554321396196,0.38415725375133625,0.045674347832279895,0.9768959269890115,0.9978885775301397,0.009083172831283397,0.00927579832108903,107,12,dual-fidelity: 3D FDTD coupler/mode/bend + CMT Eqs 2-7,
5.162212490960342,453.9283109810841,249.91012769957123,1.8921832753144647,2.3577690374500966,4.306689172614411,1552.676829395052,15.335974837208823,0.1518324681844867,10226.250340002673,0.8755398780138669,0.027516006959691853,0.986146030281676,0.9970454667035442,0.020992200158657142,0.004708535549428085,55,6,dual-fidelity: 3D FDTD coupler/mode/bend + CMT Eqs 2-7,
5.249036090378465,487.9097397603456,233.90884474203327,1.1483929099056143,2.4215412784066674,4.242445811233598,1553.1964880720548,15.992885540597626,0.07618490918118542,20387.193536953524,1.8984418509618028,0.01186211789398451,0.994051247223208,0.9970891556558654,0.020734073333454856,0.004586068793765235,55,6,dual-fidelity: 3D FDTD coupler/mode/bend + CMT Eqs 2-7,
13.116940433758494,400.0420780431058,340.3646454434122,2.784430157147723,2.2234730751241414,4.412758519300002,1552.6376202839565,6.188874759994405,0.10185839010437135,15243.099941919498,0.3605775004331269,0.048229697964738305,0.9755871575801219,0.9979074045659039,0.00675704352888415,0.011438053603968764,126,16,dual-fidelity: 3D FDTD coupler/mode/bend + CMT Eqs 2-7,
10.692414804701649,477.72805370440494,346.513581392045,2.4761180734778927,2.4070600081096782,4.2576707759479735,1550.2897738705415,7.7953067070941415,0.02116186904494654,73258.64131272238,2.573704312714148,0.006297032958463095,0.9968465112751997,0.9978237627291778,0.009545649107557829,0.00937750576699647,112,13,dual-fidelity: 3D FDTD coupler/mode/bend + CMT Eqs 2-7,
11.544159020310872,447.13501533984453,235.78311113577203,1.9787525777934882,2.3484310990081743,4.315142344844483,1548.579669611814,7.238700260650148,0.1597067524375727,9696.394460322732,0.27080533776568516,0.06472297263625473,0.9670972171212909,0.9978840359131812,0.008454595279158102,0.009943907414447362,116,13,dual-fidelity: 3D FDTD coupler/mode/bend + CMT Eqs 2-7,
6.119583858261381,456.55060091807553,202.53402775753344,2.8945664274334018,2.373682063136304,4.291245378123604,1544.276089002516,12.482565184376426,0.4058040648695204,3805.4722036829585,0.2408424233099859,0.09392158414940631,0.9518815135564896,0.9972331104846344,0.018315057022344358,0.00575114959108925,68,8,dual-fidelity: 3D FDTD coupler/mode/bend + CMT Eqs 2-7,
6.938965970322775,428.1412355427822,186.96588140629262,0.4532246396448696,2.3007445319531508,4.356267390484935,1551.442874277121,12.336288019783524,0.28351435144740905,5472.184622600696,0.31365051540414435,0.06683184990120056,0.9660062888505433,0.9974609058610832,0.016296654337064165,0.005785683580435323,66,8,dual-fidelity: 3D FDTD coupler/mode/bend + CMT Eqs 2-7,
5.904189388602996,492.4653130195465,311.8818169017037,2.939931588386911,2.425888390525957,4.237975926474043,1556.0799236824028,13.209079904074542,0.04302478522764937,36167.0584861492,2.8187601079396267,0.007322567011280427,0.9963319893432708,0.997186413511276,0.018885938975752487,0.005587007295226473,67,8,dual-fidelity: 3D FDTD coupler/mode/bend + CMT Eqs 2-7,
7.580414407867585,458.2517696563057,199.64345295454993,0.8247518100002327,2.3650915690625847,4.299833019291427,1553.9803266381427,11.332085130828318,0.1592659729971249,9757.139565939773,0.4988976203425164,0.04059874698566232,0.9794903026647777,0.9975531293369904,0.014873068239849739,0.006406224766480048,75,8,dual-fidelity: 3D FDTD coupler/mode/bend + CMT Eqs 2-7,
5.765133416691619,477.85092930056453,348.012434709005,0.43928481584287177,2.414297157650386,4.2498579381318535,1544.3997178278382,15.013842817139675,0.02016171356928616,76600.61792468559,9.428914376206835,0.001413110674104927,0.999293194876206,0.9972307039907936,0.01926391091690683,0.004823256257218434,58,7,dual-fidelity: 3D FDTD coupler/mode/bend + CMT Eqs 2-7,
5.75526510598943,457.5733024336908,287.3336862005315,2.5304379827925856,2.368750658948613,4.296159391093456,1549.9251843288098,13.472753691060007,0.09742436217939147,15909.01033023823,1.1676277125642498,0.019531452005931562,0.9901861178556628,0.9971660967133371,0.019291019946099875,0.0053588955053999725,63,7,dual-fidelity: 3D FDTD coupler/mode/bend + CMT Eqs 2-7,
14.37561088539695,464.597838792012,275.4347416151611,0.3243115176844807,2.383861884804057,4.281345235213567,1549.0547394782807,6.141915167064781,0.029836476516224807,51918.15255517583,1.2319293589035543,0.0131156648009514,0.9934205228396726,0.9979902450425906,0.005647552434371001,0.01182652251718938,140,17,dual-fidelity: 3D FDTD coupler/mode/bend + CMT Eqs 2-7,
9.488597509110015,480.7445963856461,253.7782848517729,1.6179832797208804,2.4144877094949573,4.2497656951952845,1548.5879405485096,8.938163628710981,0.05940903012186364,26066.54135527791,0.9928534269518228,0.01837196083374995,0.9907714363899729,0.9977571402943849,0.011332015641062324,0.008171095791874942,98,11,dual-fidelity: 3D FDTD coupler/mode/bend + CMT Eqs 2-7,
9.777187662161609,453.6340577365308,344.6546010771426,2.043694057524247,2.362857693663828,4.301717713774772,1548.1271115425143,8.467228988777379,0.03033839212581875,51028.64730346136,1.9295577515085025,0.008935338151129405,0.9955223060528933,0.9977697950194945,0.010875442404707386,0.008517505097332382,100,11,dual-fidelity: 3D FDTD coupler/mode/bend + CMT Eqs 2-7,
11.71892259054044,467.0083988154862,247.15395720182102,2.6998877623314717,2.389732387995638,4.275430563980824,1548.0752570062587,7.0674965018001785,0.11343046794659158,13647.790448463684,0.3768297907851852,0.04696192606571685,0.9762366895042837,0.9978699866497492,0.008246640756507159,0.010274151908997806,122,14,dual-fidelity: 3D FDTD coupler/mode/bend + CMT Eqs 2-7,
10.924451475306086,413.76290777161375,315.6340420513735,2.358575245583807,2.2633510440339495,4.385011705233021,1551.717589825974,7.4563555736272065,0.10517141232834315,14754.176591082958,0.4361738194996059,0.041103558023897466,0.9792325780814803,0.9978411673196992,0.009235176680923943,0.009536475453674934,107,14,dual-fidelity: 3D FDTD coupler/mode/bend + CMT Eqs 2-7,
6.766828611071773,441.80471006049305,186.74181643237196,2.7314548286123044,2.3307259494754335,4.331192658416014,1553.1746590243786,11.540384846830875,0.641460361050311,2421.3104243592693,0.1338165324758146,0.15677724906812956,0.9182716106533352,0.9973625603594277,0.016701353564826386,0.0062374192091267195,72,8,dual-fidelity: 3D FDTD coupler/mode/bend + CMT Eqs 2-7,
12.807440349094323,473.4063956429951,169.9670784364836,2.081865268141823,2.3993269416664447,4.265702783134879,1550.1346510177543,6.633850225606011,0.2821057416328677,5494.8709730094715,0.13713408542748437,0.12267801361866512,0.9366546783000311,0.9979224304491177,0.0070617285673901615,0.011002582702837972,131,15,dual-fidelity: 3D FDTD coupler/mode/bend + CMT Eqs 2-7,
13.88564902939997,461.2007624435944,187.021664546749,0.17775417594162915,2.373741492443801,4.291405410210468,1551.8178112115445,6.385292453070861,0.11693053724330141,13271.279238054158,0.30981060333128596,0.053820139040239606,0.9727177704554185,0.9979936811214943,0.006055959637332049,0.011388209860828013,134,16,dual-fidelity: 3D FDTD coupler/mode/bend + CMT Eqs 2-7,
11.751092075091215,457.8106553360302,211.2962283279227,0.5330522128445075,2.3646398202241232,4.300246008868116,1553.618008853028,7.465942104545093,0.10391677601334988,14950.598627631012,0.4221692465387811,0.04064171765762014,0.9794683671984409,0.9979360263161499,0.008208922865854177,0.009737051154378161,114,14,dual-fidelity: 3D FDTD coupler/mode/bend + CMT Eqs 2-7,
11.20227987567889,488.6338338736832,294.32526845422524,2.5227165999958157,2.4257477998791037,4.237760318680102,1550.657914467478,7.494568781675071,0.03517924346493025,44078.77378071843,1.3749354658767943,0.01246290113145169,0.9937490120088414,0.9978513776141532,0.008876688869325284,0.009806086357830205,118,13,dual-fidelity: 3D FDTD coupler/mode/bend + CMT Eqs 2-7,
7.87253210388651,457.1737539484077,259.21263736989323,2.5882770882749826,2.361806243186624,4.3029968118871,1554.8405688756638,10.229430941662258,0.13167287861068896,11808.3586026306,0.5482586913529653,0.03706143707561762,0.981294330425068,0.9975427121669934,0.014266650621774556,0.007103347188858607,83,10,dual-fidelity: 3D FDTD coupler/mode/bend + CMT Eqs 2-7,
11.358772420675885,406.8168887327875,337.9693431366751,0.7374621950755268,2.2509492980596764,4.393371272526812,1546.8735159413739,7.447650598816381,0.046374120325480814,33356.39587521029,0.9853970665514367,0.017244666213298808,0.9913401705704764,0.9979125086726152,0.008680925043543211,0.009469745528274004,106,13,dual-fidelity: 3D FDTD coupler/mode/bend + CMT Eqs 2-7,
9.134006172084792,409.41254379591624,221.76071306685708,2.4080690289813,2.248314551912712,4.396050931872165,1554.0048267674592,8.790552633209927,0.5494328636899529,2828.37982484497,0.10361378118598227,0.1751373822416651,0.90821947664556,0.9976993494665412,0.011919336236859554,0.008086882886432145,90,12,dual-fidelity: 3D FDTD coupler/mode/bend + CMT Eqs 2-7,
9.512225951617587,474.40281735739393,249.09985176275956,0.08656830749234626,2.4028874020756605,4.26197033056293,1548.7052407279118,9.345213777302206,0.03568774228393844,43395.999343587486,1.7663551118833556,0.009696698811533734,0.9951398400167015,0.9978050380418223,0.011293923744350877,0.007792227943858889,93,11,dual-fidelity: 3D FDTD coupler/mode/bend + CMT Eqs 2-7,
8.809860637122918,458.9770343970001,265.7736355564427,2.4729670239791615,2.3685224769464113,4.296476706571983,1552.40997994822,9.259013676530458,0.10467572250507214,14830.659323827424,0.5948715259544145,0.032469700887207985,0.9836311804293274,0.9976630998644739,0.012482821227870915,0.00783898972498575,92,10,dual-fidelity: 3D FDTD coupler/mode/bend + CMT Eqs 2-7,
13.908781674953715,477.24936700683793,153.26114751287142,0.5682566501723373,2.4031119660608127,4.261898295486903,1552.8657980462929,6.371147480874242,0.18206949093812416,8528.97314121689,0.19854815853286362,0.08370438658955451,0.9572333118996881,0.9979821344397813,0.006036029332283181,0.01150863557495373,137,16,dual-fidelity: 3D FDTD coupler/mode/bend + CMT Eqs 2-7,
11.878002243483401,412.1195875473818,159.05691857407683,0.9007830479882534,2.2660919093235674,4.3824750445023835,1546.4712622553445,7.113225588046589,0.7154972410387693,2161.393746270992,0.058296186042424696,0.26669162021735937,0.8563342687190795,0.9979300349298396,0.00806179914424653,0.009936323185214086,112,14,dual-fidelity: 3D FDTD coupler/mode/bend + CMT Eqs 2-7,
5.518689422484427,405.68762461963496,179.0144874897987,0.5718072654185252,2.246758034156957,4.39638214390707,1547.6085346000204,15.089288918821694,0.5574945282820453,2776.0066800459444,0.21685539218643146,0.10612725821780233,0.9454484342269533,0.9971708089836115,0.019952455799635224,0.004656413167260218,52,7,dual-fidelity: 3D FDTD coupler/mode/bend + CMT Eqs 2-7,
13.86699051308219,483.55114159546486,330.06742715744724,1.419133130228859,2.4152714606218457,4.249084011347019,1552.10756522554,6.282361252295914,0.015483018526078647,100245.79913866699,2.6745141291657153,0.005656951180101428,0.9971675129184157,0.9979564959694637,0.006072083120317541,0.011695727849917079,140,16,dual-fidelity: 3D FDTD coupler/mode/bend + CMT Eqs 2-7,
12.20713553773118,494.8075191570688,226.59502810172273,1.6753344058730193,2.4380440790333564,4.2241934230155165,1548.9390053231891,7.070673058693728,0.06449857980625526,24015.086998442228,0.6581436846558695,0.02612570417024299,0.9868506958145984,0.9979184495947409,0.007692413336871648,0.010406547250471887,126,15,dual-fidelity: 3D FDTD coupler/mode/bend + CMT Eqs 2-7,
10.02366024888319,483.7894102596249,292.1719320805872,0.20874265704205108,2.4191426830555263,4.244814272467455,1549.1798797596157,8.87905091192033,0.018604580877777974,83268.73311131753,3.4685325887405662,0.004386501681408287,0.9978043386950127,0.9978445926299808,0.010500095935605075,0.008241740014823515,99,11,dual-fidelity: 3D FDTD coupler/mode/bend + CMT Eqs 2-7,
11.360337680878569,406.94039574467655,220.01339535567996,2.514586917253161,2.2492850769540076,4.394699995379011,1548.3243728772213,7.112717863071566,0.5672142359275151,2729.699423614402,0.07566238201154085,0.21821092880151655,0.8841883686175042,0.9978595009212491,0.008678988954156612,0.009933076482628152,111,14,dual-fidelity: 3D FDTD coupler/mode/bend + CMT Eqs 2-7,
12.975326183984446,421.82152365507477,250.99643264320463,0.7226725680097028,2.2831306959892537,4.370272137637329,1552.7482778487706,6.6264097834323366,0.12179779176738925,12748.574956221097,0.3129811263168248,0.05398411658245293,0.9726334784581225,0.9979664571868295,0.006894788081813007,0.010786324116242097,122,15,dual-fidelity: 3D FDTD coupler/mode/bend + CMT Eqs 2-7,
9.051705713851174,436.2203182911675,229.3534718516067,2.2994076912282027,2.320950473819755,4.339478121053954,1550.8076352065711,8.974362221855472,0.27140995970578513,5713.89361277561,0.21496331721287665,0.08807385000334433,0.9549482446691316,0.9976941648853231,0.012059949019538439,0.007991406764723149,92,11,dual-fidelity: 3D FDTD coupler/mode/bend + CMT Eqs 2-7,
11.903939841793001,402.4132261046224,304.27937856853225,0.14876228529217894,2.2317022846832617,4.4071675489202935,1551.6981450975225,7.247866751594756,0.06160956376325693,25185.994678685474,0.6960995642188523,0.024254278879625734,0.9877984212987861,0.9979534823692534,0.008032056425888189,0.009761983982671418,108,14,dual-fidelity: 3D FDTD coupler/mode/bend + CMT Eqs 2-7,
12.42625815956593,458.85741179136267,210.069613794884,0.8943975281047429,2.3696870573737727,4.295309268988473,1551.276352558065,6.990387628247618,0.1215662738344895,12760.746082174917,0.3341602476026436,0.05102726574942845,0.9741523157343371,0.9979483843783441,0.007455925807956577,0.010382486107189896,122,14,dual-fidelity: 3D FDTD coupler/mode/bend + CMT Eqs 2-7,
5.465461031179237,487.27521604370486,289.5526675274005,0.37576195715926963,2.42639191291762,4.236938519646218,1548.1275241158255,15.992707215420296,0.028942536511987138,53489.69754170085,6.080780089282625,0.0027969573863131365,0.9986005420655883,0.9971642114207833,0.020104373761279094,0.004561963687110248,55,7,dual-fidelity: 3D FDTD coupler/mode/bend + CMT Eqs 2-7,
5.741834312365761,438.3894721920146,335.78668822860897,2.6862166990087304,2.3230643388427192,4.337817539531884,1553.0600237292529,13.32388309996304,0.07373271927898946,21063.3764618499,1.5642266714892465,0.014317768941606386,0.9928153056124758,0.9971584636342441,0.01932797670042558,0.00538842751014537,62,8,dual-fidelity: 3D FDTD coupler/mode/bend + CMT Eqs 2-7,
14.598538267558073,468.01753358095436,336.9379330652152,0.9175683842010867,2.387690711643519,4.277591996846391,1551.3433079621036,5.995517632391511,0.015301407175822596,101385.66277834536,2.5448499690953934,0.005945911788385427,0.9970226116852188,0.9979718905671626,0.005470962889536372,0.012162859529264861,144,16,dual-fidelity: 3D FDTD coupler/mode/bend + CMT Eqs 2-7,
9.870790295275125,459.4834468277265,226.94305598353242,0.12253915981442381,2.3691084569391108,4.295928691422235,1552.765625334736,8.973362447432692,0.06515558475514642,23831.65819430526,0.87136253938279,0.020330760057988076,0.9897824205056442,0.99783494639416,0.010731342705898062,0.008094460773509808,95,12,dual-fidelity: 3D FDTD coupler/mode/bend + CMT Eqs 2-7,
6.168845099363347,464.99788519836636,305.1889209181671,0.9864760755871924,2.3895944401930933,4.275504085710137,1545.003627981914,13.612757384760926,0.03757483394709005,41118.04273459911,3.2724043249283907,0.005891372432868789,0.9970499624227119,0.9973001604226038,0.018186938633529375,0.005295283375428925,63,7,dual-fidelity: 3D FDTD coupler/mode/bend + CMT Eqs 2-7,
14.519466180673728,440.3408856183889,185.8638570946401,1.0128191086295038,2.329406537308376,4.33225010636474,1551.6199372497153,5.941213778105521,0.2647975324526072,5859.646511348895,0.1278203814443572,0.12832418401838272,0.9336358047877219,0.9979693429760755,0.005532957988600226,0.01212303752292868,140,16,dual-fidelity: 3D FDTD coupler/mode/bend + CMT Eqs 2-7,
6.81682008903048,414.24954737629776,315.42499901155304,1.0294466051195332,2.272723513896008,4.377520483745094,1545.8045038566934,12.083214409837638,0.07499923047400958,20610.9381934576,1.2417311294927005,0.01665471853618354,0.991637676504789,0.9974222995081166,0.016582797733352164,0.005835730814591863,66,8,dual-fidelity: 3D FDTD coupler/mode/bend + CMT Eqs 2-7,
5.289565249379872,425.6818501590403,206.35265102577912,2.1592518372725036,2.3035337993491414,4.3535452386096285,1544.7589113176423,14.486156622241424,0.5644434450829826,2736.7824443253776,0.2129595923914811,0.11166555794627062,0.9425149558780112,0.9970688919649491,0.02061466902901054,0.004881996903006124,56,7,dual-fidelity: 3D FDTD coupler/mode/bend + CMT Eqs 2-7,
13.284287673482572,415.85837375742966,340.19014917601453,0.13087915758462126,2.274025689001552,4.376747428248672,1547.9902866238888,6.516787588534044,0.027722460723087382,55838.848581529994,1.4231004137199001,0.011242459248231772,0.9943628818252259,0.9979892616097638,0.006597812219252878,0.010884821927400439,123,15,dual-fidelity: 3D FDTD coupler/mode/bend + CMT Eqs 2-7,
8.274762470512824,485.98983280970964,233.4333082892423,2.7478441144006047,2.4239718442254348,4.2395729112175395,1548.3134753745119,9.788706523082055,0.1163671387497482,13305.418454124036,0.5827889317790554,0.03415448737046468,0.9827743955911424,0.9975914904462213,0.013471899722828038,0.007473382046510698,90,11,dual-fidelity: 3D FDTD coupler/mode/bend + CMT Eqs 2-7,
14.550751581309818,422.690088685842,234.43128500968044,0.6332920405682172,2.2899357590194325,4.364687162924574,1549.3279555412423,5.915129989874686,0.1456377894351122,10638.227630003497,0.2309581611801711,0.07230656107415775,0.9631684374634804,0.9979805723484955,0.005508345663175213,0.012049914841281515,137,17,dual-fidelity: 3D FDTD coupler/mode/bend + CMT Eqs 2-7,
5.150204293194134,473.3197974119727,283.8441044918457,1.8730725501720134,2.401388479520314,4.2635133353861985,1548.2880627875184,15.45277971451901,0.06622885643147089,23377.846851237442,2.176464532366899,0.010345558135380906,0.9948137724542313,0.9970430360226329,0.02102815262707813,0.004693758295760904,56,7,dual-fidelity: 3D FDTD coupler/mode/bend + CMT Eqs 2-7,
12.62221003645422,423.7865447791587,328.6927863928105,1.1834573313894288,2.293943993648412,4.3614622845593845,1548.4045993069576,6.707222189845879,0.04412228642430708,35093.48052402691,0.914127035721944,0.01836618015555146,0.9907743536469081,0.9979449495688628,0.007250609767149834,0.010617697910035155,121,15,dual-fidelity: 3D FDTD coupler/mode/bend + CMT Eqs 2-7,
9.341424278558774,428.8537200634406,313.72298210078,2.5780813101862887,2.305239969189273,4.3524675181432535,1549.3654302045945,8.599757220363927,0.09133796602105645,16962.994663658417,0.6199383601460471,0.030454920250515403,0.9846548023289606,0.9977146868556968,0.01157218597183524,0.008300508111420685,95,11,dual-fidelity: 3D FDTD coupler/mode/bend + CMT Eqs 2-7,
6.717335366824992,431.5860231589046,339.90442454519524,0.5507493318942154,2.3181833690867117,4.341462812826722,1544.5435779034246,12.605680275754594,0.03322103160952989,46492.94447136771,3.276297433412769,0.00562501230838455,0.9971835275873823,0.9974187347440292,0.01681956277013136,0.005630009000722733,65,8,dual-fidelity: 3D FDTD coupler/mode/bend + CMT Eqs 2-7,
5.587674300594712,438.6632488189885,310.9267215100348,2.4140175133067623,2.328141924494543,4.333234880546944,1549.6278759806937,13.778668716433458,0.09618332338734321,16111.190811531156,1.2287538717714275,0.01872515063911764,0.9905931805544002,0.9971317603607845,0.019757274308049147,0.0051917356521439745,60,7,dual-fidelity: 3D FDTD coupler/mode/bend + CMT Eqs 2-7,
6.436205359202731,483.1314256654544,313.14062470508577,1.128153426219854,2.4235769302024046,4.2398765902566,1544.4398734683589,13.091070513605473,0.027476762555774827,56208.9463900019,4.512803332126843,0.003888916153560027,0.9980536477797374,0.9973489201788472,0.017507060878035427,0.005550503113918467,67,8,dual-fidelity: 3D FDTD coupler/mode/bend + CMT Eqs 2-7,
9.230836519804619,424.85190895717,345.13432775899906,2.31439369563051,2.2978974786202464,4.358251706094602,1547.44477769961,8.733463362094426,0.05750029251345591,26911.946184230026,1.0245218087467105,0.018132680773098032,0.9908921834523179,0.9977118241588974,0.011755996449992052,0.00814161969211164,93,11,dual-fidelity: 3D FDTD coupler/mode/bend + CMT Eqs 2-7,
5.821514395112263,426.23474126594397,185.43912163441058,2.857401833171803,2.303118626954237,4.353967142089802,1546.1039106319517,12.895082080322481,0.9895727360232534,1562.3954201135355,0.10434911035113231,0.20983223917002694,0.8889138095619693,0.9971709344200986,0.01910975688895144,0.005498019459302167,63,8,dual-fidelity: 3D FDTD coupler/mode/bend + CMT Eqs 2-7,
6.253670823707324,456.67118443858175,254.65302136753792,2.693392786220623,2.3632968648042705,4.301485234747211,1552.816654307873,12.467664445597393,0.16446526005616496,9441.608846619556,0.5976011113679709,0.03770988474416124,0.9809638705150352,0.9972663392006155,0.017968421110343993,0.005808368567026581,68,8,dual-fidelity: 3D FDTD coupler/mode/bend + CMT Eqs 2-7,
12.543052018711816,457.7139280931674,257.9735794325397,1.0451568607783743,2.3719930007300682,4.292957089988022,1547.5462685541,6.871847243724005,0.06201961594886965,24952.529048711483,0.6559754686549929,0.025858183039703313,0.9869862293671056,0.9979470594896176,0.007332861014806017,0.010517082403453091,124,15,dual-fidelity: 3D FDTD coupler/mode/bend + CMT Eqs 2-7,
13.5590490425177,498.02742843717283,270.38310135623533,0.08719218053189813,2.445872609590389,4.2153342803753455,1546.6684176487583,6.626127844961275,0.016483746387812685,93829.9086421454,2.5893812047790528,0.005765206329973742,0.9971132301148281,0.997993888425811,0.0063444729850815835,0.011097892270963998,135,15,dual-fidelity: 3D FDTD coupler/mode/bend + CMT Eqs 2-7,
14.338625920699622,451.9041119754091,279.23982316478293,1.771218953986601,2.3540365418727927,4.310146696474413,1552.249733207972,5.952380216174561,0.06327590464214251,24531.450668097677,0.5534540135464812,0.030755148391692924,0.9845023370253151,0.9979470639403,0.005677396070249486,0.012172508610347469,142,16,dual-fidelity: 3D FDTD coupler/mode/bend + CMT Eqs 2-7,
8.902173758953705,440.0204885161017,271.41079458743656,2.0722398499384824,2.3266904997259155,4.334701310117294,1553.1560565548348,9.219616314258019,0.12048790713346696,12890.555521346814,0.5072660990078449,0.037807569075089746,0.9809140792775431,0.9976851441084751,0.012319687380869531,0.007810203318332292,90,10,dual-fidelity: 3D FDTD coupler/mode/bend + CMT Eqs 2-7,
6.8840992410464175,484.59049508024356,311.67676685999515,1.5954861260877218,2.4266891087383775,4.236476748277381,1543.9408371399559,12.042638789319199,0.030051507840125707,51376.484845743355,3.5025695846597813,0.005193245062402234,0.9973999974622005,0.9974172585726966,0.016424571174557208,0.006037855649368977,73,8,dual-fidelity: 3D FDTD coupler/mode/bend + CMT Eqs 2-7,
13.344350493885276,436.3427569485966,204.50680296940376,0.05843210467346063,2.3240363069066547,4.3367171720788935,1548.6546306921903,6.5645545731019865,0.134637700764229,11502.384710238917,0.27637067275282595,0.06029123760450203,0.9693857655213934,0.9979922496782382,0.006541582009041335,0.0109150458516296,126,15,dual-fidelity: 3D FDTD coupler/mode/bend + CMT Eqs 2-7,
14.032360766099934,457.6200755283488,225.70156935688493,0.013201219675432162,2.370477752228139,4.294452645955731,1548.6124911442416,6.311840127118785,0.06199559084041513,24979.397246661872,0.5848971535543983,0.028344435603059836,0.9857259073378056,0.9979992242372527,0.005930663642301626,0.011465262305893923,135,15,dual-fidelity: 3D FDTD coupler/mode/bend + CMT Eqs 2-7,
6.280687637643099,401.18802664114986,281.7765792868199,1.6707368729642678,2.2377036953458544,4.4022751327583585,1544.8889049595493,12.581743035807449,0.21690731202649535,7122.345902155849,0.4476645719521658,0.0498039852870557,0.9747799827206878,0.9973022615716605,0.017899376529145174,0.005564545743867775,62,8,dual-fidelity: 3D FDTD coupler/mode/bend + CMT Eqs 2-7,
8.623421367149595,473.7581391699209,256.6451357167716,2.526986305760074,2.403263656346936,4.261542392755132,1547.4020931648495,9.440740632639972,0.0929212821939956,16652.8276044908,0.693824895826408,0.028011558569976072,0.9858947415571421,0.9976403753670399,0.012818909510881276,0.007700748515617689,92,11,dual-fidelity: 3D FDTD coupler/mode/bend + CMT Eqs 2-7,
8.646663622416717,445.41016334526387,328.84749357058587,2.3781883951772698,2.339142429983855,4.323738132746063,1552.9005886778189,9.394661409154878,0.05193410456478704,29901.364463511603,1.272463173142266,0.014817717843609716,0.992563490239486,0.9976475068720543,0.012776522613426705,0.007681045660450173,89,10,dual-fidelity: 3D FDTD coupler/mode/bend + CMT Eqs 2-7,
12.966358079822278,460.1685560019796,304.568477670275,2.5345566498823735,2.3775908035102797,4.287489089700208,1547.0276136822827,6.429458784261442,0.048071375385835335,32181.88789618298,0.8122588016268528,0.02109614354499198,0.9893957026665358,0.9979121613399544,0.006903605072725655,0.011250088703689343,133,16,dual-fidelity: 3D FDTD coupler/mode/bend + CMT Eqs 2-7,
13.470638725366243,442.75620959628014,250.7233360354445,1.2728109428739678,2.3332763976824737,4.3289366313499595,1552.860297113441,6.368565943997282,0.10067621798756682,15424.301072823515,0.36651059457659796,0.046340166110534285,0.9765550849232549,0.9979575256676467,0.006424910459443221,0.011333938356428151,131,16,dual-fidelity: 3D FDTD coupler/mode/bend + CMT Eqs 2-7,
7.434470069347471,414.70638600131616,200.24393970121812,1.1865618913076263,2.2708117362395432,4.379153523197753,1548.1030949461347,11.085253986641192,0.44276037354718045,3496.4806867052866,0.17506534656479375,0.11495006470622472,0.9407709260461737,0.9975201202899477,0.015185627976128581,0.0063810859955707394,72,9,dual-fidelity: 3D FDTD coupler/mode/bend + CMT Eqs 2-7,
6.846236405265191,411.3013368455076,158.65644795279928,2.1331464160199882,2.260439925250088,4.386835251242516,1548.9734963814983,11.498080392191014,1.4973826461669255,1034.4540190489301,0.05742111214602773,0.3287224001454949,0.8193153238250247,0.9973945538518275,0.016513430010263497,0.006146720427000429,69,9,dual-fidelity: 3D FDTD coupler/mode/bend + CMT Eqs 2-7,
9.588815214227829,430.2149466320809,313.47258522320175,1.0226342349649946,2.3106811192851393,4.347895244856206,1547.7481628147405,8.804541994486499,0.049930492018616816,30998.055501589195,1.1607802143530008,0.015396549414235702,0.9922718632440226,0.9977839764322673,0.011171330592624774,0.008098164273839427,93,11,dual-fidelity: 3D FDTD coupler/mode/bend + CMT Eqs 2-7,
11.804117420000308,445.83139036348945,322.1975394628223,0.43663704611447474,2.3393205118739466,4.323612515540411,1553.4895733795154,7.4104216793805335,0.02432154887567626,63872.97048064011,1.9452437244962628,0.00817751065737992,0.995902851357812,0.9979410299498154,0.008147128171825382,0.009755295059873676,113,14,dual-fidelity: 3D FDTD coupler/mode/bend + CMT Eqs 2-7,
13.791746004888036,470.2704640974656,306.9082903836403,0.8566730576187964,2.390012180990113,4.275319536123423,1552.970902529198,6.363313559351354,0.021808099730303353,71210.73920857366,1.8203405266591814,0.008665681278266881,0.9956577317139325,0.9979728388728142,0.006137541348695376,0.011488027456555375,136,16,dual-fidelity: 3D FDTD coupler/mode/bend + CMT Eqs 2-7,
10.656980726085575,476.30815581044845,253.04374119291367,1.8296682347670117,2.4089665903518043,4.255550611358631,1546.537305258679,7.927379911474873,0.06710515258980272,23046.476247692644,0.7394472069531797,0.024032318423388464,0.9879107659989396,0.9978408451115961,0.009593971099740521,0.009180485754254224,110,12,dual-fidelity: 3D FDTD coupler/mode/bend + CMT Eqs 2-7,
12.510029653421624,433.7120799975692,318.7432183124272,1.5484893102610173,2.315385965884548,4.344160688716546,1550.5459077013097,6.750560068571531,0.048280989978675255,32115.039654036813,0.8430412654332481,0.020114546460995544,0.9898916372709714,0.997931149100356,0.0073674489918966034,0.010620975707066624,122,15,dual-fidelity: 3D FDTD coupler/mode/bend + CMT Eqs 2-7,
14.658935804681285,428.30008952695255,299.2668630527787,2.164049624953323,2.3008962588498423,4.356158989200151,1551.6232187199976,5.714367494426824,0.08418394929710907,18431.342692701175,0.39833514147371524,0.043113234128505894,0.9782058913498192,0.9979343739711898,0.005424077590520155,0.012536278211179952,143,18,dual-fidelity: 3D FDTD coupler/mode/bend + CMT Eqs 2-7,
12.959095592730158,428.61029666011035,288.79420009935916,1.7752775158258765,2.3012208578196667,4.3559226278723635,1551.953465570327,6.485435755425215,0.09014244540648912,17216.678098446682,0.42287711813116846,0.040598957014523186,0.9794901954514281,0.997934702368497,0.006910753448117919,0.011046744027049851,126,16,dual-fidelity: 3D FDTD coupler/mode/bend + CMT Eqs 2-7,
7.8685697812483335,437.92232320593075,180.36035915455741,1.4642680853186074,2.3316324417123857,4.330003383571083,1545.613120127396,10.478686352354089,0.4320194963190149,3577.6466879311242,0.16566566003302768,0.11858102790798876,0.9388391619931559,0.9975757219696277,0.014274708408464381,0.006807868367130226,79,10,dual-fidelity: 3D FDTD coupler/mode/bend + CMT Eqs 2-7,
14.643437309606725,482.5963837289505,302.5989140331743,1.154845026248957,2.415956730881811,4.248260538200307,1550.109397220423,5.9791983947473,0.020240420829642114,76584.84031865021,1.853446634692235,0.008529272106512808,0.9957262313977107,0.9979645977598678,0.0054360702743665775,0.012261225626367155,147,17,dual-fidelity: 3D FDTD coupler/mode/bend + CMT Eqs 2-7,
7.7439407482235225,419.21985181891404,257.15228943587454,2.172451773471231,2.2805723172342,4.371951593653249,1549.664042965201,10.308291331396731,0.24923659026800737,6217.642607366867,0.288522108083867,0.07044627920314804,0.9641336633459346,0.9975368906254316,0.014530490409707364,0.006890197375860473,78,9,dual-fidelity: 3D FDTD coupler/mode/bend + CMT Eqs 2-7,
6.789427680598467,455.31990361463585,152.21444091396555,1.851683674802687,2.3683587886681536,4.2964304977247245,1546.5249326742737,11.934691281846654,0.6135505753951068,2520.6152429705758,0.1430168865070547,0.14578977413238556,0.9242349408389701,0.9973928724886135,0.016647654787063097,0.006027137947545006,71,8,dual-fidelity: 3D FDTD coupler/mode/bend + CMT Eqs 2-7,
10.663018792160214,415.3162019781345,210.3919697400906,0.1253946536678428,2.2645051310889026,4.384406164642018,1553.924501934312,8.155121222903972,0.196806517530965,7895.696349028795,0.24645817789012392,0.07072438814523767,0.9639894251778711,0.9978921326786839,0.009585719641083701,0.008742306600614152,98,12,dual-fidelity: 3D FDTD coupler/mode/bend + CMT Eqs 2-7,
8.978750763206943,437.2495469009807,263.05096237433423,0.7511099644662709,2.3262133031162064,4.334844639168546,1548.5996292411917,9.505607645197188,0.08212078133019897,18857.58518315159,0.7625509897534952,0.024434003200318282,0.9877074449449501,0.9977327731874633,0.012185981068947877,0.007529258724148447,87,11,dual-fidelity: 3D FDTD coupler/mode/bend + CMT Eqs 2-7,
7.891488689002381,458.5844787007559,317.253075781613,1.2834208755273933,2.3738529598318894,4.291150858989395,1547.4710517794488,10.643367377062305,0.03478102067180076,44491.82404339515,2.3479145954146956,0.007762290008746357,0.9961112939783654,0.997584317946741,0.01422816336469475,0.006779568579363899,80,9,dual-fidelity: 3D FDTD coupler/mode/bend + CMT Eqs 2-7,
13.947292412486822,418.92900953027186,255.80395904302026,1.3331653691820686,2.281079357605656,4.371481361329881,1548.7285992815691,6.057176138705245,0.15190980513684968,10195.053557513153,0.22911535185302753,0.07360885052764458,0.9624921555380882,0.9979594657362469,0.006002995166975202,0.011738967954927028,133,17,dual-fidelity: 3D FDTD coupler/mode/bend + CMT Eqs 2-7,
11.309454996850086,484.73836910300724,251.59152988968395,2.9403475628658993,2.4188115886834285,4.245244548332945,1550.8633106362506,7.337090817906073,0.08188755723626848,18938.937281540548,0.5539280729424739,0.03224339523829321,0.9837462095285078,0.9978443025947514,0.008742148049211026,0.010002212557239373,120,14,dual-fidelity: 3D FDTD coupler/mode/bend + CMT Eqs 2-7,
10.392904217148994,415.2826872153577,298.18165579883515,1.238449400313359,2.266995958171955,4.382369655429303,1552.0321897960491,8.075809971594026,0.0894788050826903,17345.24939578446,0.5593205279626499,0.0319755610087981,0.98388232985007,0.9978410178943257,0.009961885391017356,0.008811067443976466,99,12,dual-fidelity: 3D FDTD coupler/mode/bend + CMT Eqs 2-7,
9.950199728204458,460.35414393575417,251.24318381033174,0.9370907749736768,2.3781787314168517,4.2869076798469345,1546.8522514627816,8.630280629913386,0.066797960161429,23157.177969574845,0.8217851443570636,0.021782956438246303,0.9890485547038395,0.9978170373765965,0.0106105912086222,0.00837110693714151,99,11,dual-fidelity: 3D FDTD coupler/mode/bend + CMT Eqs 2-7,
14.874275868500414,410.4854869745335,243.61079510928838,2.975095972102456,2.258780800037925,4.387987134678424,1548.5581719521851,5.48182332167903,0.3750980123529797,4128.409431545962,0.08589500729440622,0.1905837357838886,0.8996756438940154,0.9979087710583274,0.0052601599893984125,0.012923043059693337,145,19,dual-fidelity: 3D FDTD coupler/mode/bend + CMT Eqs 2-7,
7.7642198278419245,432.5300224055411,169.07015336895094,1.2601782167709135,2.3193560330056604,4.340518062302971,1545.3654896511364,10.66535714398401,0.5260041364461943,2937.9341008456386,0.13895236837760763,0.14045274072113614,0.9271177159772452,0.9975670445781546,0.014488560643771426,0.006669570489081582,77,9,dual-fidelity: 3D FDTD coupler/mode/bend + CMT Eqs 2-7,
10.9585156101008,490.2491647261553,259.71919312185184,1.789577493811552,2.4335936750835967,4.228972883363547,1546.2614298332226,7.775526931665354,0.045548698097659504,33947.43416195855,1.0793547624011541,0.016059983451875297,0.9919375063723141,0.9978601040009476,0.009190455814597435,0.009416360103475857,114,13,dual-fidelity: 3D FDTD coupler/mode/bend + CMT Eqs 2-7,
10.418807824738021,420.68659053901274,275.14438489084375,2.7590858861887178,2.288168026813173,4.365864560338545,1546.8336643912735,7.690186502841016,0.19702338042309114,7851.015757975415,0.24251576960746135,0.07496070606983687,0.9617896308081946,0.9977973849543653,0.00992518068336474,0.009227591361962882,105,13,dual-fidelity: 3D FDTD coupler/mode/bend + CMT Eqs 2-7,
12.615720967863187,495.43890124529634,245.87307417651635,1.1207645673102433,2.4362661117614857,4.226317039187602,1551.3769881316587,6.9630003981351365,0.03802014846117114,40804.074968724395,1.1126711892474603,0.014927562203352963,0.9925081550277796,0.9979466606320382,0.007257317550055288,0.010596097428718868,128,14,dual-fidelity: 3D FDTD coupler/mode/bend + CMT Eqs 2-7,
7.5259121689057125,478.67823714733026,168.2823387503182,1.4510488772660484,2.409026038355653,4.255598794947945,1550.078493102826,11.187473074098534,0.2438157151026247,6357.582375075294,0.32210311767824173,0.06348059693009424,0.9677393259912019,0.9975262228479767,0.01498903240578716,0.006524543807252189,78,9,dual-fidelity: 3D FDTD coupler/mode/bend + CMT Eqs 2-7,
10.799639401657226,443.4581599955843,317.10517346498193,2.4713232213953873,2.340148594880088,4.3226269529485055,1548.7269775721227,7.5927173201394,0.05882635874475259,26327.092320842854,0.8152062291515445,0.02183131576984565,0.9890241070015201,0.9978304728621294,0.009400902814340802,0.009463841667035755,110,13,dual-fidelity: 3D FDTD coupler/mode/bend + CMT Eqs 2-7,
6.824275420668779,470.4434228099568,183.0595995637779,2.9260561545533963,2.390257236982868,4.275074987541261,1553.0393428813056,11.511565099305926,0.4151545150238004,3740.8706558141885,0.2061314601006563,0.10407289583095608,0.9465342593741887,0.9973669977291736,0.01656518951630938,0.006334938917371956,75,8,dual-fidelity: 3D FDTD coupler/mode/bend + CMT Eqs 2-7,
8.313475669434789,432.2683785848176,190.64251355560282,2.836352566849201,2.307626648734423,4.350843037681768,1553.83271125027,9.53623872902358,0.6938563135813007,2239.4156842506036,0.09327745798627735,0.2007527383700226,0.8940062984285835,0.9975937280276497,0.01339778375202523,0.007528015730493185,86,10,dual-fidelity: 3D FDTD coupler/mode/bend + CMT Eqs 2-7,
7.855685818048201,461.4373987519059,257.7278685331099,1.1354617822661797,2.3743336246266162,4.290825053090078,1551.7217948988914,10.810162824731606,0.07103409557547496,21844.74627751345,1.088987832898819,0.01794894952162874,0.9909848891271609,0.997583736373692,0.014300940731511254,0.006711854925660542,79,9,dual-fidelity: 3D FDTD coupler/mode/bend + CMT Eqs 2-7,
12.142632943115178,469.41135971132763,198.81578856054097,1.5524891012244508,2.3960103942744957,4.26901306821845,1546.6810274578331,7.032817174349475,0.15692122555325552,9856.416950636958,0.26306172183266524,0.06549732981632272,0.9666967829592055,0.9979200113668459,0.007763446078770414,0.010321920843143652,123,14,dual-fidelity: 3D FDTD coupler/mode/bend + CMT Eqs 2-7,
7.984797248852594,458.72001295892363,295.33710986165113,2.5234878529129645,2.3651387328377904,4.299824435547263,1554.7108944245986,10.129106388237687,0.07175455500916218,21667.068999676478,1.0154579978690952,0.019505803163007446,0.9901990692971755,0.997560119307339,0.014040228444688262,0.007178201739881189,84,10,dual-fidelity: 3D FDTD coupler/mode/bend + CMT Eqs 2-7,
9.895058583534826,465.6884143275665,163.7855881705854,0.2944740203668816,2.3895754217896727,4.2755434350114525,1546.1152773860563,8.868803137308305,0.17128698265373032,9026.461050526215,0.3180505913675282,0.056554165894727094,0.9713113991430724,0.9978317897462551,0.010694294792036926,0.008158986517042534,97,11,dual-fidelity: 3D FDTD coupler/mode/bend + CMT Eqs 2-7,
11.349444320830932,442.27193885638667,198.7331739918997,2.8734810166644253,2.3346912825553074,4.327579772599698,1550.9117467338692,7.186620701736956,0.4408850401624706,3517.7236818068095,0.098583718488264,0.17244965093337064,0.9096979438619335,0.9978482542201335,0.008692472043427667,0.010017491098501455,116,14,dual-fidelity: 3D FDTD coupler/mode/bend + CMT Eqs 2-7,
10.98686106630198,477.9257307433275,222.797063431288,2.997518479726438,2.4118130372269126,4.252545285110331,1546.6013098996073,7.469227227798683,0.15296172076591488,10111.034984147767,0.30029797120141277,0.06002261124683047,0.9695243105529482,0.9978256202448078,0.009153407797644612,0.00975357772782444,117,13,dual-fidelity: 3D FDTD coupler/mode/bend + CMT Eqs 2-7,
8.851434519764254,472.46277384268086,343.36927742018787,2.803197478776165,2.4009957940228355,4.263893470857052,1547.2926312912502,9.129674995514051,0.02920563355565529,52979.25238782013,2.3199474262947057,0.007629924603987691,0.9961777328348653,0.9976578066743679,0.012409087056995421,0.007958807776347648,95,11,dual-fidelity: 3D FDTD coupler/mode/bend + CMT Eqs 2-7,
13.578803274441352,442.16350806389215,277.6083141638198,1.656013606582249,2.3392126127818065,4.323394386442743,1547.199988971068,6.227381840779799,0.07664095447604492,20187.639879337155,0.47602351430375855,0.03582402479713635,0.9819246280661585,0.9979472184736664,0.006326638282984335,0.011521921376708141,134,16,dual-fidelity: 3D FDTD coupler/mode/bend + CMT Eqs 2-7,
9.282278951086454,499.56890384900794,285.8624669901668,0.594883780903548,2.4460896883718246,4.21522390483919,1548.6361994703873,9.516098657584735,0.0193934660772666,79853.5028911479,3.7497075514576768,0.004129973302707245,0.9979328768495869,0.9977682154187129,0.011670132401349129,0.007736566016974061,94,11,dual-fidelity: 3D FDTD coupler/mode/bend + CMT Eqs 2-7,
7.406121583048364,452.03591113654136,267.99785447100487,1.7063728270241936,2.357764783506301,4.306557389661147,1549.509984969992,11.099642918476547,0.09435715585592344,16421.75382369496,0.8599191228476242,0.023765234638397022,0.9880459328197263,0.9975001991011748,0.015247097723542461,0.006493081395819653,76,9,dual-fidelity: 3D FDTD coupler/mode/bend + CMT Eqs 2-7,
14.744749116970329,493.0836248695742,264.7668186264247,0.4504910871283493,2.434720131113728,4.2278865087911,1549.3593835082295,6.051670403143817,0.021964828181578383,70538.19728067152,1.6963657809826391,0.0093082016066862,0.9953350181689147,0.997985083349119,0.005358152740255858,0.012160846513927,147,17,dual-fidelity: 3D FDTD coupler/mode/bend + CMT Eqs 2-7,
12.640108669973163,483.84440305719716,238.23218605382365,1.4880290350070213,2.421885643184506,4.241778002346887,1546.9316391708644,6.823745518621763,0.06070652316855292,25482.13204165517,0.6694120263262531,0.025457391327531356,0.9871892466353493,0.997936293741871,0.007232139977043148,0.010711506409024556,129,15,dual-fidelity: 3D FDTD coupler/mode/bend + CMT Eqs 2-7,
8.058584041114312,419.6551754386746,152.1214854568316,0.7467598521490615,2.285230483349347,4.368154277778579,1547.0445459767716,10.453977224809023,0.6771705889892627,2284.5713785146413,0.10342802942519212,0.1807203197009101,0.9051406964108342,0.9976231197041017,0.013893372057317836,0.0067765225512529306,77,9,dual-fidelity: 3D FDTD coupler/mode/bend + CMT Eqs 2-7,
9.322446698272053,465.35662209726775,177.1061346131619,2.0965479810785603,2.3891103117956733,4.276009670644638,1545.9700341015985,8.86527703147135,0.32809341792000424,4711.981251871797,0.1728250565714433,0.10715788598842181,0.9449032299720317,0.9977272489586843,0.01160352351205453,0.008159808290881641,97,11,dual-fidelity: 3D FDTD coupler/mode/bend + CMT Eqs 2-7,
7.538190733477691,470.5092896377844,219.59107018220516,2.9573014431451687,2.390327228409215,4.275006252982283,1553.0845713550282,10.534800653455704,0.2195687057815702,7073.34210413417,0.34296679014514786,0.06067384930022695,0.9691883979391072,0.9974831052847061,0.014962828707254081,0.006926198778927308,82,10,dual-fidelity: 3D FDTD coupler/mode/bend + CMT Eqs 2-7,
10.377079406696854,486.55098024575983,345.68271096539706,0.472520130072448,2.418933090180556,4.24525417582434,1553.4283356260694,8.55760009883943,0.011410514110292388,136140.0827877565,6.2475852276617,0.0020298321768516107,0.9989845683608674,0.997862796921014,0.00998437547726092,0.008598999905565997,103,12,dual-fidelity: 3D FDTD coupler/mode/bend + CMT Eqs 2-7,
12.639158846654432,455.4756332545944,263.63128232304746,2.2630872338985646,2.3640014291496714,4.300709463764761,1550.2743063468986,6.635199404376863,0.09268042837836817,16727.09474343276,0.4252611290521588,0.040784222035881654,0.9793956187180533,0.9979131182657898,0.007233118926639183,0.01091224571166667,128,15,dual-fidelity: 3D FDTD coupler/mode/bend + CMT Eqs 2-7,
11.643508509498657,448.53297967446485,217.2474193961921,1.5418256745548355,2.3535761076069606,4.310356370255585,1546.907637141629,7.254701178735104,0.1766365232452585,8757.575209934128,0.243030225841175,0.07139500238703274,0.9636415296223836,0.9979014186819104,0.0083357425625659,0.009911456482201576,116,14,dual-fidelity: 3D FDTD coupler/mode/bend + CMT Eqs 2-7,
12.756333916150673,441.1460472564738,289.1323087033405,2.847466563380139,2.331415147862256,4.330489314818425,1551.4816508177641,6.453759039342003,0.09873338145863945,15713.851059255958,0.3902304373676794,0.04475873429592502,0.977364448762116,0.9978984269187642,0.0071133452719094525,0.011159894585085327,129,16,dual-fidelity: 3D FDTD coupler/mode/bend + CMT Eqs 2-7,
14.625174274914126,404.32313724105404,345.2295968966238,1.4474856255512893,2.2399091612536535,4.401358973872979,1549.7498443634481,5.739556611355283,0.05405899440918667,28667.75198652395,0.6244475788481694,0.027079075340685908,0.9863675403516248,0.9979559421927137,0.005450236186653645,0.012322394678123905,137,17,dual-fidelity: 3D FDTD coupler/mode/bend + CMT Eqs 2-7,
8.290904477561286,428.0412876059463,329.0299451402333,0.14297822761322543,2.305118375996976,4.352468965139792,1547.9533547818314,10.453820714986932,0.029839030582604613,51876.7977564341,2.631824010506239,0.006565845647840872,0.9967116706210273,0.9976713196036728,0.013440946329835148,0.006809301934742966,78,9,dual-fidelity: 3D FDTD coupler/mode/bend + CMT Eqs 2-7,
12.385011830414685,497.74685889589955,332.7790040568208,2.1168043424798952,2.439618696790475,4.222649096767672,1551.72860736998,6.926287895756786,0.015365636242643177,100986.94143647472,3.111798917486172,0.004842754346670851,0.9975756841730502,0.997910690075933,0.0074998784634614304,0.01066662129611867,129,14,dual-fidelity: 3D FDTD coupler/mode/bend + CMT Eqs 2-7,
11.790826623274484,495.3369167759635,179.3644986835126,1.393983433093171,2.4385688365665628,4.2236312949176735,1549.2351856218313,7.365776659347375,0.1248453763197445,12409.231573414843,0.34928306232565703,0.049677724442743786,0.9748447443348383,0.9979119053197999,0.008162573181623549,0.009993349010456043,121,13,dual-fidelity: 3D FDTD coupler/mode/bend + CMT Eqs 2-7,
5.108083969903373,486.79751768682013,321.2145079082992,2.6506553780152293,2.41501720049071,4.249667087372521,1557.1176868563107,15.143898109402471,0.043310631645785816,35952.31996594121,3.554719656711252,0.00590557276052024,0.9970428412257317,0.9970092470683644,0.021154748085634657,0.004861525357463699,58,6,dual-fidelity: 3D FDTD coupler/mode/bend + CMT Eqs 2-7,
14.766924649275792,428.7401522808442,300.1985371087414,0.8061659336801976,2.3016301586374093,4.355586246822563,1551.8849168738518,5.840064527092409,0.050396143523682956,30793.723653568162,0.6774461630723649,0.024689522763707616,0.9875780866525403,0.9979743194408526,0.005341247380607846,0.012271435261269356,140,18,dual-fidelity: 3D FDTD coupler/mode/bend + CMT Eqs 2-7,
5.232969665343011,412.7366230226931,326.40363881049154,2.725138926871026,2.263711678194213,4.384508093066064,1549.4296338886938,14.17964187128996,0.1445916652314104,10715.898675134029,0.8506965765327721,0.028418139284404294,0.985688521144279,0.9970381475323491,0.02078159836618665,0.004982899475832426,56,7,dual-fidelity: 3D FDTD coupler/mode/bend + CMT Eqs 2-7,
9.695224941263724,446.0238567436816,316.2193344256072,2.544837912159845,2.346047870669484,4.317309053238832,1548.5457469974288,8.379071821921798,0.06100418449394032,25384.254536690827,0.9055623263895698,0.02031039987709635,0.9897927056322974,0.9977478411227757,0.011003210760795277,0.008580854194258969,100,11,dual-fidelity: 3D FDTD coupler/mode/bend + CMT Eqs 2-7,
14.730367887764507,414.6217994829262,212.42663971234762,0.43165768778644903,2.2704773656824093,4.379409189952925,1548.18293797461,5.840931317173045,0.2207424997090171,7013.52453657735,0.14957875379793426,0.10971463973494552,0.9435493417225485,0.9979857326861735,0.005369144759360215,0.012144203039452229,137,17,dual-fidelity: 3D FDTD coupler/mode/bend + CMT Eqs 2-7,
11.102675864970061,489.05599113004723,209.48937923951775,0.3010376927715529,2.4254974240986376,4.238077945070268,1551.4858600851853,8.04036430273959,0.05321718675847778,29153.84962242532,0.9238428862806312,0.018448935518059078,0.9907325897950168,0.997912508400094,0.00900358106126653,0.009147091882591052,110,12,dual-fidelity: 3D FDTD coupler/mode/bend + CMT Eqs 2-7,
12.680301848832944,487.00154219185686,181.9423543509024,2.5477987395076864,2.4272319411679772,4.235978582945666,1547.0096684720165,6.643199406899839,0.20738852810092664,7459.475616313534,0.18861565413584666,0.09115427880505687,0.9533340029574856,0.9979056105591236,0.007190835481126126,0.011019876887006607,133,15,dual-fidelity: 3D FDTD coupler/mode/bend + CMT Eqs 2-7,
14.452500164620648,441.2653507138687,216.57522604502716,2.012877159119143,2.335278872202502,4.326947818877841,1548.689845596034,5.827660210479962,0.23012286939615156,6729.838931957683,0.14642789313807633,0.11437987581837482,0.941073920678724,0.9979396579972756,0.005586010624263589,0.01232835383059713,143,17,dual-fidelity: 3D FDTD coupler/mode/bend + CMT Eqs 2-7,
9.362226568724708,434.8510300258183,188.80289196610101,1.750605079631419,2.3160168008544373,4.343736983530061,1552.1250934453858,8.858358474969918,0.4313970199576996,3597.9040689654707,0.13042287273513042,0.13907431264095532,0.9278608124923936,0.9977413827563507,0.011537932523605689,0.008102355895186836,93,12,dual-fidelity: 3D FDTD coupler/mode/bend + CMT Eqs 2-7,
10.590220830209262,469.3588423997806,204.24126356988802,0.6987455421830646,2.393508050273847,4.271618580545977,1548.6637862601117,8.230477211869129,0.102794333639902,15065.653245880492,0.4874280803354281,0.03626507194244664,0.9817000193834944,0.9978703541718094,0.009685678165390307,0.00883191543058814,105,13,dual-fidelity: 3D FDTD coupler/mode/bend + CMT Eqs 2-7,
8.724445382898622,495.61979402130146,299.015059666556,2.196532250728148,2.436621632116086,4.22592218326111,1551.3255070015473,9.573233176909525,0.030603055639160322,50691.85003266269,2.3175645363489736,0.007625806410856519,0.9961797998299019,0.9976618104326594,0.012635688756019269,0.007697348300794842,93,10,dual-fidelity: 3D FDTD coupler/mode/bend + CMT Eqs 2-7,
10.359630292727989,420.36272976586935,344.39026030553725,0.09267215312665633,2.281377939449825,4.371481035908426,1551.261455494826,8.396427791878068,0.025394469751864535,61086.58580598745,2.2149040331309475,0.007304120050521146,0.9963412467370197,0.9978729245882481,0.010009232873170015,0.008485986749413468,96,12,dual-fidelity: 3D FDTD coupler/mode/bend + CMT Eqs 2-7,
6.103246943713325,456.22867418036884,224.64525586344968,1.659403630355833,2.372570536956916,4.292329759928867,1544.6412429977067,13.251110485854042,0.1787767406855055,8640.057073839136,0.5840695843172405,0.03859271505189916,0.9805137862101179,0.9972666126509919,0.018357744965366057,0.005416663041860194,64,8,dual-fidelity: 3D FDTD coupler/mode/bend + CMT Eqs 2-7,
13.602605685315236,473.81991284078936,154.99020725803535,1.838296394548676,2.3999166775590464,4.265099585864762,1550.2815667362713,6.30143886973724,0.32396837769920805,4785.286692936577,0.11233348197832288,0.14666543839362073,0.9237610955254498,0.9979420008853223,0.006305215350971993,0.011588757046155581,138,16,dual-fidelity: 3D FDTD coupler/mode/bend + CMT Eqs 2-7,
10.143781022266246,403.71418746953753,271.79909997501204,1.258456111973651,2.2418162578499703,4.399739107252918,1547.1373705160433,8.176414287730495,0.1707833054551486,9059.066788716975,0.29494922766103004,0.061182937829970634,0.9689257258273357,0.9978224396180044,0.010321890491253797,0.008612781853298702,96,12,dual-fidelity: 3D FDTD coupler/mode/bend + CMT Eqs 2-7,
5.803227126006356,416.3970392710871,266.51972888848934,2.0613130953558487,2.2816880802119033,4.370574148315757,1543.3862051300514,13.335418547580957,0.2445242198152188,6311.792779857767,0.4382613346614497,0.05292377249691564,0.9731784150417047,0.9971906872419933,0.01915962137073281,0.005276099088397912,60,8,dual-fidelity: 3D FDTD coupler/mode/bend + CMT Eqs 2-7,
9.803283871911441,446.97623416366395,197.62944377407362,2.6269559057297713,2.3442406287410087,4.319086627282635,1551.603225268475,8.303115909066037,0.3996230399127595,3882.667089483131,0.13114868032267224,0.1375997094128478,0.9286550977554326,0.9977545635342744,0.010835074297465634,0.008690468929683335,101,12,dual-fidelity: 3D FDTD coupler/mode/bend + CMT Eqs 2-7,
5.481466553288559,442.6701056348881,219.88193594982337,2.9718091797967565,2.3388123625724395,4.323803364928003,1548.3968631141495,13.634960161959043,0.4351597137385035,3558.2265872263474,0.25840212562625503,0.092054906299074,0.9528615291326049,0.997090482801166,0.020058571543794486,0.005250009500971628,61,7,dual-fidelity: 3D FDTD coupler/mode/bend + CMT Eqs 2-7,
5.777251749492449,477.3113442437828,217.9624812636121,2.1777455652262927,2.404589625299493,4.260310119629784,1551.7249845649278,13.807035471998233,0.17031610832782773,9110.852753740342,0.6616884715817805,0.03503294538195893,0.9823273663183986,0.9971814905315363,0.01923067300820933,0.005285154477036343,63,7,dual-fidelity: 3D FDTD coupler/mode/bend + CMT Eqs 2-7,
11.006580730614544,485.02823608523585,258.03851367880475,2.1390037698897997,2.4233343539869563,4.240229346703113,1547.4442558794767,7.661239158200942,0.057894850945494764,26728.529922917005,0.8278724738201458,0.021270429407145457,0.9893076218208645,0.9978523635371611,0.009127721970429097,0.009546471202926171,115,13,dual-fidelity: 3D FDTD coupler/mode/bend + CMT Eqs 2-7,
5.127036379429889,449.6592058048869,189.97263574439407,1.3992753842111307,2.3494487342910877,4.3143685994240775,1552.0844187819882,15.819872876349336,0.33287728037751974,4662.632478316791,0.4005024091846713,0.060680555652280824,0.9691849381556232,0.9970513665647966,0.021097691306893755,0.004551647154214077,53,6,dual-fidelity: 3D FDTD coupler/mode/bend + CMT Eqs 2-7,
8.94002419962737,471.02991189898796,256.8809574319173,1.6518228927212346,2.3961795018398657,4.268902227794668,1549.0642697484523,9.406908008577602,0.07051643459511577,21967.421901613645,0.8975009554825388,0.020916086818798245,0.989486691765585,0.9977017605538573,0.01225341673527546,0.007731811682708244,92,11,dual-fidelity: 3D FDTD coupler/mode/bend + CMT Eqs 2-7,
9.850847012397145,404.450308340387,297.37312661733733,2.8009038646104027,2.2450957671780536,4.3973839464991755,1546.2869136926197,8.02179691792594,0.20195777428609774,7656.486209350457,0.2519190736678091,0.07361943299113897,0.9624866580939504,0.997753312989658,0.010761884129222939,0.008774545642302503,98,12,dual-fidelity: 3D FDTD coupler/mode/bend + CMT Eqs 2-7,
12.509328333311522,415.47980209623114,303.79646624380007,1.4686401602504997,2.2663837367056785,4.3829094506041555,1552.8672543518871,6.72425357514021,0.08470652268299748,18332.322059344584,0.4681073778897044,0.03667426981283427,0.9814915843689979,0.9979335155478932,0.007368185328552641,0.010599642079916404,119,15,dual-fidelity: 3D FDTD coupler/mode/bend + CMT Eqs 2-7,
13.533654597350482,460.66567075376213,283.7159236456989,0.6121223721814663,2.373583625027956,4.291529983696416,1551.0776396152678,6.478003430653416,0.03273063187119624,47389.174939218145,1.1890424630469967,0.013702492880231072,0.993125121583262,0.9979779475595668,0.0063674737146224404,0.011213631580174263,132,16,dual-fidelity: 3D FDTD coupler/mode/bend + CMT Eqs 2-7,
12.56248036878425,437.1459143363055,205.94309182497764,2.364309009603681,2.32031245323067,4.340160521634326,1552.9574685692892,6.619483452984923,0.3538175393011433,4389.147784015102,0.10987579702552526,0.15199762831001898,0.920870442402177,0.9979081603415193,0.007312587473701865,0.010875931312230993,125,15,dual-fidelity: 3D FDTD coupler/mode/bend + CMT Eqs 2-7,
13.377649028831193,454.36746572694835,318.8181870371154,1.480411373834145,2.365232380926212,4.299442905651424,1547.4500942953182,6.380070581430118,0.03083293561191929,50188.21800727629,1.2656210488672994,0.012996079224289376,0.9934807098156011,0.9979502040261379,0.006510615002558493,0.011311959174129343,133,15,dual-fidelity: 3D FDTD coupler/mode/bend + CMT Eqs 2-7,
10.422576820505821,442.8409255205836,278.0693121581981,1.9101018501254556,2.342226018047684,4.320655235707502,1546.0294524857425,7.949550363950266,0.0903629550815511,17109.106835765564,0.5493665909012985,0.03283163181168978,0.983447186273015,0.9978230010138245,0.009919851400916668,0.009009934081434473,105,12,dual-fidelity: 3D FDTD coupler/mode/bend + CMT Eqs 2-7,
11.847586279383734,485.8677507652831,225.3689116871833,0.054377056904127585,2.4174967961712763,4.246800373713102,1553.6446246919445,7.595920286318915,0.03858646761481778,40263.97648525157,1.197737460239416,0.013755865065510294,0.9930982503934289,0.9979541498347,0.008096817550717634,0.009691413439496699,116,13,dual-fidelity: 3D FDTD coupler/mode/bend + CMT Eqs 2-7,
13.637167530667499,468.34385106055856,328.4416051149717,1.584648527671873,2.3899161096645423,4.275303452265032,1550.0288980728344,6.30476740967606,0.021550984042307993,71923.81076566537,1.8486670261788698,0.008615246968718892,0.995683058523786,0.9979498935061614,0.006274237656276276,0.01155103920302544,137,16,dual-fidelity: 3D FDTD coupler/mode/bend + CMT Eqs 2-7,
9.735616137414159,475.45237426914133,242.20105965021298,2.403976207569063,2.400189326777597,4.264909768721444,1552.5608820441862,8.530011300812703,0.10309910801562217,15058.916725146966,0.5322756066174917,0.03493488490917874,0.9823772773689451,0.9977555124724418,0.01094006006031714,0.008577222249190304,102,12,dual-fidelity: 3D FDTD coupler/mode/bend + CMT Eqs 2-7,
9.171853615568821,418.4097446030781,182.44248203275413,1.9194444619651394,2.273920962441059,4.377312303438369,1553.0209316477826,8.922700048960223,0.7205239913753354,2155.404886218123,0.07978289488978474,0.22034503207956227,0.8829807290764832,0.9977177555114749,0.011855224242527107,0.007990754824113655,90,12,dual-fidelity: 3D FDTD coupler/mode/bend + CMT Eqs 2-7,
10.134378292662625,417.4898105842685,169.6694155746872,2.7361339517154364,2.280761285568629,4.371505741423054,1546.1872118099282,7.876407241670904,1.2024677986701058,1285.8450043485288,0.04206915877132396,0.37286609200991283,0.7919178669471267,0.9977775971368125,0.010335730152927157,0.008989297809607494,102,12,dual-fidelity: 3D FDTD coupler/mode/bend + CMT Eqs 2-7,
6.584872679356999,425.2567027507132,252.99283144971636,1.6201206764330125,2.294314503824109,4.3613666930377555,1550.8946101718766,12.283214143237728,0.20120682149703054,7707.9623773827425,0.46080712855805384,0.047326909802114604,0.9760497375635554,0.9973624290865034,0.017140067850592654,0.005799848160788525,66,8,dual-fidelity: 3D FDTD coupler/mode/bend + CMT Eqs 2-7,
11.838969973158697,442.5958920906695,314.35078667769903,0.5098034086982449,2.3396756562951264,4.322998747664743,1547.593835036251,7.3198108914632485,0.029314872456354453,52792.10534995134,1.5610683763969793,0.01041801130671341,0.9947773563432607,0.9979402109517896,0.008106765267623075,0.009802786370635379,114,13,dual-fidelity: 3D FDTD coupler/mode/bend + CMT Eqs 2-7,
13.675448821575882,402.5483912198743,260.13748601019427,2.1328471185522755,2.234311160237631,4.4052068327725316,1550.1147824742661,6.028708173402038,0.2683649603715804,5776.144472542033,0.13025284392423866,0.12812684062477483,0.9337414842317038,0.9979338468980031,0.006240103844208949,0.011724839534449149,130,17,dual-fidelity: 3D FDTD coupler/mode/bend + CMT Eqs 2-7,
13.958883996317507,497.661549562201,337.1878943098347,2.85390543082317,2.440484845621118,4.221623826282455,1550.8545012858342,6.080868301384044,0.01618582095463497,95815.62193431602,2.5039742120338957,0.006229845951743854,0.9968802104808061,0.9979140889225256,0.005993087453848922,0.01214382853995126,147,16,dual-fidelity: 3D FDTD coupler/mode/bend + CMT Eqs 2-7,
11.477929794584753,422.96979284312164,165.92117484456438,1.5827501711007927,2.2876594201542706,4.366654042195412,1551.55780966302,7.295442070051422,0.7045052949487252,2202.336619451447,0.06175137645726851,0.25758882335831135,0.8616328548991669,0.9978928691709862,0.00853476581653647,0.009786849823968791,111,14,dual-fidelity: 3D FDTD coupler/mode/bend + CMT Eqs 2-7,
8.849983392923253,438.2887929629001,255.42744708725184,1.4129963008124644,2.3302814172607373,4.331257874291277,1547.3089324912767,9.414391458637056,0.12270164755350534,12610.33542207782,0.5055700961163498,0.03770995554297165,0.980963834428685,0.9976991651751076,0.012411653380490575,0.007596170169227075,88,11,dual-fidelity: 3D FDTD coupler/mode/bend + CMT Eqs 2-7,
13.00491832644187,439.7510497993493,172.73338116779786,0.13670601893956064,2.327955822792804,4.3335152166795385,1551.7003502222788,6.7537116756248,0.2197962860872471,7059.720515961487,0.17401247637701717,0.09496784222266023,0.9513317811244086,0.9979845181452708,0.006865774373228254,0.010658144092394399,123,14,dual-fidelity: 3D FDTD coupler/mode/bend + CMT Eqs 2-7,
11.922194188624733,455.91587962937854,178.34793029131694,0.8480325286770968,2.3661855701776844,4.29859246542885,1549.2533365627194,7.262201511522562,0.21225577005386548,7298.992796141917,0.1989548256860679,0.08547683313111339,0.9563070463344325,0.9979332780478036,0.008011189926413666,0.009958704653646186,117,13,dual-fidelity: 3D FDTD coupler/mode/bend + CMT Eqs 2-7,
11.457575171469717,498.8520136599449,246.26334832846823,1.6163152413736097,2.447020576959409,4.214055838813616,1546.8192519018621,7.520307312508066,0.04410736322139929,35069.41106720707,1.0612468707675802,0.016115163550629332,0.9919096916803317,0.9978909284320189,0.008559557497135401,0.00977895079928408,119,13,dual-fidelity: 3D FDTD coupler/mode/bend + CMT Eqs 2-7,
12.606692642579452,403.6069615382411,211.1902861420306,0.9826176911842812,2.2358088555150966,4.404336020854892,1551.219879838128,6.706808585878434,0.3742289362917343,4145.109395359148,0.10313450809942316,0.15817818042197118,0.9175084847444348,0.9979505612177765,0.007266660499855648,0.01055280477762586,117,15,dual-fidelity: 3D FDTD coupler/mode/bend + CMT Eqs 2-7,
9.912884419584032,449.78495459884425,164.9905251959989,0.06258538388508442,2.355554783508648,4.308542549166638,1547.4670983044855,8.865530072710499,0.19766896849736582,7828.578810665001,0.27380943523880646,0.06531049070858276,0.9667934160364443,0.9978401601444432,0.010667163413324464,0.0081132558656071,95,11,dual-fidelity: 3D FDTD coupler/mode/bend + CMT Eqs 2-7,
11.140811768064694,403.9990740218179,195.16233560503773,0.23990614946129507,2.240877157141924,4.400531628267331,1548.3933255739655,7.699063113832153,0.3330528346413606,4649.092169539146,0.1353024885926077,0.12458862211948568,0.9356342115808477,0.997916361899992,0.008954784292726472,0.009162347624310414,102,13,dual-fidelity: 3D FDTD coupler/mode/bend + CMT Eqs 2-7,
7.168893705324377,446.5379850713372,185.75167221825217,0.655292363848708,2.34319823901879,4.320031377751011,1551.6682949283663,11.950518833843716,0.22805320542247665,6803.974941083796,0.3739426467185325,0.055463970044723004,0.9718724350218382,0.9974936308084015,0.015771344346178665,0.006026029402344091,70,8,dual-fidelity: 3D FDTD coupler/mode/bend + CMT Eqs 2-7,
9.224098046172339,494.515056466691,291.39905172141766,1.0924398916219729,2.441423274999568,4.220254198976495,1545.590473189405,9.3686712056558,0.023325558377757183,66261.67091730807,2.9701292438152254,0.00551566700119395,0.9972383531527486,0.9977476535175963,0.011767290528446616,0.007818407622861928,95,10,dual-fidelity: 3D FDTD coupler/mode/bend + CMT Eqs 2-7,
7.92380880913573,401.0837256513895,316.445412522373,0.8644335253746283,2.2283898233218244,4.409327276148877,1551.3094192731478,10.536122240720943,0.08377865256621042,18516.762585160286,0.8831746192843772,0.02218988576239141,0.9888428157384815,0.9976013065214405,0.01416278359739967,0.006697031397837437,74,9,dual-fidelity: 3D FDTD coupler/mode/bend + CMT Eqs 2-7,
5.297457365162458,404.90812063190975,312.9091085139403,1.408189726637,2.236986637058517,4.403771049738234,1553.040264824702,15.051905153379948,0.12334176612209721,12591.357442436267,1.0511695584525418,0.022374736579981833,0.9887493430693232,0.9970932282232208,0.020591497915039413,0.004693167145611496,52,7,dual-fidelity: 3D FDTD coupler/mode/bend + CMT Eqs 2-7,
14.430153504663823,461.16384639213607,332.03736813083594,1.1240448026465146,2.372742653473209,4.292407214602969,1552.5660257625852,6.025620043169283,0.019690827861934095,78847.16867409999,1.9262994128244126,0.00816591848523514,0.9959086712720021,0.9979662596268993,0.005603827327414103,0.012079004351198562,142,16,dual-fidelity: 3D FDTD coupler/mode/bend + CMT Eqs 2-7,
14.922007864777584,407.13992660811374,317.9567288609549,1.0757579217186324,2.2469704542927715,4.396557898843511,1550.3975931889145,5.683589659349764,0.06632812307079924,23374.664040078533,0.49813388347137033,0.03392418797650188,0.9828915565938585,0.9979651251627523,0.0052245022618834305,0.012468203333693383,139,18,dual-fidelity: 3D FDTD coupler/mode/bend + CMT Eqs 2-7,
7.126823643656364,497.49218916069196,334.7940330459801,0.40696056403377845,2.44394727754114,4.217547158812171,1547.5982064976718,12.380173782526754,0.015210984695107637,101742.14474066437,9.217781460821664,0.001326697699034366,0.9993364309885664,0.9974941011212939,0.015866178683892115,0.00592709971525741,72,8,dual-fidelity: 3D FDTD coupler/mode/bend + CMT Eqs 2-7,
6.209809658521825,492.3834512242418,242.4549633358298,1.3208757262929491,2.4266795095034337,4.2370586841281925,1555.2826514504368,13.613149745614237,0.06234524244070277,24946.292460562374,1.8225479456872562,0.011520254396003241,0.9942231870178833,0.9972984901944758,0.018081080998340916,0.005415687713720976,65,8,dual-fidelity: 3D FDTD coupler/mode/bend + CMT Eqs 2-7,
11.332614196135427,478.468284682887,175.62199610857647,0.40321850835591466,2.409604590828567,4.254960074213421,1549.2757538674207,7.8033693700144795,0.11618117134935811,13334.998570540582,0.39699808323085783,0.04352828001074827,0.9779937218557447,0.997921223075059,0.008713344464132057,0.009361475763354617,112,13,dual-fidelity: 3D FDTD coupler/mode/bend + CMT Eqs 2-7,
14.868739736582533,439.58562813385447,348.8613809146141,2.792481168190674,2.33109759250994,4.33063032840046,1548.9753846836677,5.579946428031917,0.03771570779174652,41069.768416824896,0.9017810019536947,0.01890440634552597,0.9905026974493679,0.9979142685346148,0.005264311422021444,0.01287104122012202,149,17,dual-fidelity: 3D FDTD coupler/mode/bend + CMT Eqs 2-7,
10.90492707298418,495.8008225524071,203.39919847905333,1.3769502605943074,2.4373065146367097,4.2251437405820464,1550.9882282836168,7.957456584704005,0.08526175458513094,18190.902073625617,0.5709726849443812,0.030907132737038365,0.9844251455864796,0.9978693640146817,0.009260907200011149,0.009265305150663603,112,12,dual-fidelity: 3D FDTD coupler/mode/bend + CMT Eqs 2-7,
13.290069154180696,402.7415361165866,258.5746180048963,0.01830809340073772,2.2307993115025235,4.407949794011013,1553.0189666095375,6.527335466996419,0.11207166055178705,13857.374459905544,0.3310459931474913,0.05041826401920246,0.9744648459440687,0.997992706205026,0.006592378697244111,0.010860275845607536,120,16,dual-fidelity: 3D FDTD coupler/mode/bend + CMT Eqs 2-7,
5.041196196998723,406.5463799586889,168.07564159402784,0.44318043842549737,2.2416747232814926,4.400552324629445,1553.0098674301098,16.68573382850377,0.6081977357327817,2553.462099885952,0.22889971856590505,0.1045662320158835,0.9462736221538232,0.9970581437434426,0.02135735175110615,0.004232946997817588,47,6,dual-fidelity: 3D FDTD coupler/mode/bend + CMT Eqs 2-7,
12.04949480303628,421.1405432391109,292.74104896135947,2.6320091368600194,2.2816542640385866,4.371388840289782,1552.5454505026487,6.785871586354233,0.13488035349733343,11510.538119499683,0.30093505895239825,0.05831845580046189,0.9704027742126143,0.9978845886128376,0.007867172319814514,0.01052651950728227,119,14,dual-fidelity: 3D FDTD coupler/mode/bend + CMT Eqs 2-7,
11.851637548231574,407.39818394560854,176.48085724506285,1.7663061583809396,2.246928122637026,4.3966529701489705,1550.9500352155608,6.988761834074239,0.8717126894890281,1779.1986441366148,0.047999321200049565,0.3184991477528276,0.8255306488842025,0.9979031684699363,0.008092144490788204,0.010139824139357694,113,14,dual-fidelity: 3D FDTD coupler/mode/bend + CMT Eqs 2-7,
6.961261115020962,424.27463354934383,172.0778459733529,0.6523393774797311,2.298952714107403,4.357277761797965,1545.5678032903672,12.094799607227742,0.4346174190247751,3556.1570605209986,0.19968804800823264,0.10373718887618494,0.9467115775798959,0.9974588058634956,0.016244960315290845,0.005855664400598968,67,8,dual-fidelity: 3D FDTD coupler/mode/bend + CMT Eqs 2-7,
11.086038334999408,409.13223792364005,341.45484607305696,2.296299186614042,2.25381386787055,4.391633364832449,1549.4601290968021,7.334722163062452,0.07627040340829186,20315.35248085957,0.5938681758241735,0.0299326838409977,0.9849199541886652,0.9978520154731307,0.009024952824356872,0.009652270102088384,108,13,dual-fidelity: 3D FDTD coupler/mode/bend + CMT Eqs 2-7,
6.482415777628153,480.1016582924007,174.91614552241984,2.9684562508443433,2.4172528498791377,4.246717053943579,1545.29120539195,11.977569325543982,0.4069712339446552,3797.0526575401573,0.22435979564462152,0.09815266951874253,0.9496564275996122,0.997302840362135,0.01739215419604329,0.0060667271691924336,73,8,dual-fidelity: 3D FDTD coupler/mode/bend + CMT Eqs 2-7,
5.949875301220588,418.82039714436894,223.4959539865908,1.4267761157089183,2.276040198115562,4.375637161878812,1552.2486638569394,13.588940524182817,0.3427507698621401,4528.797016214665,0.31074851646000523,0.07307247712624491,0.9627707530215878,0.9972413675166517,0.01876338448187874,0.005230903769467708,59,7,dual-fidelity: 3D FDTD coupler/mode/bend + CMT Eqs 2-7,
5.709059280369106,447.51103435783244,153.52099855199188,0.6069522552053723,2.34430305488985,4.319074849084117,1552.4720777772147,14.933637535723165,0.3822616650778316,4061.28110560372,0.30948148357762917,0.07408791327566432,0.9622432575624189,0.997213213942045,0.019418459366825715,0.004821047646823612,56,7,dual-fidelity: 3D FDTD coupler/mode/bend + CMT Eqs 2-7,
13.20850625843632,419.0038450370459,308.9643116476356,0.5154013740213015,2.2833453919970403,4.369615838997511,1547.1929078375115,6.49806903900344,0.04832808538962767,32014.363808618313,0.7904484694099623,0.021035343065198053,0.9894264282577062,0.9979766559803174,0.006669448171168695,0.01092289837610911,124,15,dual-fidelity: 3D FDTD coupler/mode/bend + CMT Eqs 2-7,
8.351410171394424,476.6087417255858,288.1575705184954,1.9035905973354756,2.4012947775787756,4.263807041945983,1553.4069450123436,10.006091087810546,0.045817789762027036,33904.01311544232,1.5769702656269629,0.011866582325183117,0.994049001646708,0.9976263192902819,0.013325554132816678,0.007316483054114852,87,10,dual-fidelity: 3D FDTD coupler/mode/bend + CMT Eqs 2-7,
14.352665050954371,486.4121634266189,303.9241894609925,1.1144489415394516,2.4195486589301796,4.244552703001313,1552.7008598988841,6.12806126129999,0.018569300526577504,83616.5507514171,2.096587263377466,0.007427928563776889,0.9962791132188926,0.9979666694254977,0.005666049193651464,0.012013215766513697,144,16,dual-fidelity: 3D FDTD coupler/mode/bend + CMT Eqs 2-7,
5.392582835894802,488.5268864023347,191.64340797399478,1.2642901985440753,2.426385159568343,4.237031868261143,1549.9568608154377,15.453877932148316,0.1452581904869939,10670.357765156226,0.8998714940738677,0.02607364098537853,0.9868770739127652,0.9971204303674133,0.020314251578292534,0.004733453093113056,57,7,dual-fidelity: 3D FDTD coupler/mode/bend + CMT Eqs 2-7,
6.418953849031952,477.1096026709122,268.8268854921358,2.7186057076925447,2.4055006872304876,4.259315919142513,1550.6564825668218,12.25973591769889,0.08972367755327658,17282.578298755812,1.094578817678016,0.019944402132221182,0.9899775744267033,0.9972981097453631,0.017550152772605247,0.005949929430521246,71,8,dual-fidelity: 3D FDTD coupler/mode/bend + CMT Eqs 2-7,
6.639001375228393,413.07956026329185,339.6512799269784,2.8349305797162545,2.260580213087011,4.387102092613754,1552.394065562576,11.523634718037783,0.10927573795224342,14206.209856400294,0.8199988298641181,0.026583496299834003,0.9866187225570808,0.9973362074993861,0.01700836732410032,0.006159911817099639,69,9,dual-fidelity: 3D FDTD coupler/mode/bend + CMT Eqs 2-7,
10.300207753662926,437.56228553196445,247.65613749326184,1.899337286734536,2.327420051818185,4.3337840209171805,1548.2266762682525,8.039260164998268,0.1618160723675827,9567.817668638554,0.3072990614476777,0.05895691279896997,0.9700737534852852,0.997814758928772,0.010094349293875036,0.008907182516983558,103,13,dual-fidelity: 3D FDTD coupler/mode/bend + CMT Eqs 2-7,
7.076053701118499,407.46808675114005,175.47825177422035,2.989257031878756,2.2459348435559,4.397448927734423,1551.807781006345,10.795920048074322,1.6935375833578723,916.3113923515582,0.04792823782147287,0.37992961830433913,0.787445478554332,0.9974085331886058,0.015981383934003977,0.006557027192487071,73,9,dual-fidelity: 3D FDTD coupler/mode/bend + CMT Eqs 2-7,
11.275908600223751,417.03982252441324,300.41292372608666,1.2975970792301201,2.27675611101677,4.374721733963244,1548.2746303977437,7.4320948404511,0.08307464747367642,18637.149569468114,0.5406372677650361,0.03233234223620317,0.983701000184404,0.9978917065224779,0.008784039345048872,0.009547696262063188,108,13,dual-fidelity: 3D FDTD coupler/mode/bend + CMT Eqs 2-7,
12.998032578192493,472.9622794017117,215.72117860348135,0.18260667392092134,2.399076714785968,4.265944426975418,1549.6573588740298,6.8388652089461175,0.05956626458414763,26015.68806929082,0.6682120527453684,0.024933451637175367,0.987454580405005,0.9979830187344,0.006872514608348797,0.010664453886499729,127,15,dual-fidelity: 3D FDTD coupler/mode/bend + CMT Eqs 2-7,
14.668371284994455,448.93154379266065,197.3321044491582,1.3381353048244327,2.351842785118475,4.312030202022768,1548.9557600801916,5.849448797705463,0.21019610640684724,7369.098250954727,0.15944567590474176,0.10451966065738096,0.9462982295992205,0.9979589976790301,0.0054167894077175585,0.012329247521211529,144,17,dual-fidelity: 3D FDTD coupler/mode/bend + CMT Eqs 2-7,
10.067564032546414,488.7901075494895,232.44929908739994,2.9643568918442464,2.4237054252353865,4.2400824241780635,1552.6320731638543,8.184831114349663,0.10971996406829254,14150.862027237414,0.4761339524414105,0.0389247082263108,0.9803444760764908,0.9977656915709701,0.010434608398408419,0.008994060944969594,108,12,dual-fidelity: 3D FDTD coupler/mode/bend + CMT Eqs 2-7,
5.9772188664312855,460.5797911898355,297.9628467730258,1.7534339630959004,2.3762239027271863,4.288877015192627,1548.8016813826189,13.528138263227675,0.059811878332796234,25894.550122051176,1.9439971095696404,0.010968319352077465,0.9945007192797412,0.9972374299342993,0.01869041491579105,0.005338169419121432,63,7,dual-fidelity: 3D FDTD coupler/mode/bend + CMT Eqs 2-7,
13.195315833587532,430.67405601601456,325.39096537660214,2.863555525979021,2.3085908954898917,4.349779912599423,1550.1790089706492,6.2130001327725495,0.06895279676338159,22481.74231844784,0.540369347517934,0.03212793376342059,0.9838048923625962,0.99790630813246,0.006681996277857948,0.011522644330749421,132,16,dual-fidelity: 3D FDTD coupler/mode/bend + CMT Eqs 2-7,
7.770406676523644,448.23474807992477,287.90089868867426,0.11966792377791115,2.343910735906226,4.319514375414801,1554.0204485483846,11.330292397564108,0.03623222975087894,42890.555155819144,2.3878605423821617,0.007559120528049917,0.9962132700742096,0.9976019877250235,0.014475792593182579,0.0063780913180789146,74,8,dual-fidelity: 3D FDTD coupler/mode/bend + CMT Eqs 2-7,
10.207475637094504,428.97052260504256,306.6470392894786,1.3023698676082063,2.3021075804125304,4.355204819936166,1551.9507263370701,8.251214121050452,0.06214591285192391,24972.691768723853,0.8419510855271041,0.0211568801584473,0.9893650083975847,0.9978258652689722,0.010228626546558324,0.008676226088608286,99,12,dual-fidelity: 3D FDTD coupler/mode/bend + CMT Eqs 2-7,
14.850983581464337,478.70154313917493,193.4035266633791,1.458141002601696,2.41218384703822,4.252175920195489,1547.4603838326327,5.835406103219839,0.13031509250353726,11874.75950869335,0.2582729665465898,0.06562590661943869,0.9666302775004315,0.997954261645878,0.005277648520370722,0.012509609299385303,150,17,dual-fidelity: 3D FDTD coupler/mode/bend + CMT Eqs 2-7,
8.329281778594972,447.3862206464072,271.13910669470476,2.2303413052378067,2.3471096304956816,4.316409619457809,1550.0503999120467,9.7522958011441,0.11365087942948592,13638.701325437321,0.5892701281113139,0.03346462293927475,0.9831253109653546,0.9976138038853348,0.013367640492113872,0.0073833634551432855,86,10,dual-fidelity: 3D FDTD coupler/mode/bend + CMT Eqs 2-7,
13.089030221112946,499.6154203042198,234.07664876418454,0.5893729067930934,2.4479830164900545,4.212989804352114,1547.0427060453144,6.787487318302283,0.033341134091453374,46400.42242719876,1.229176924677853,0.013262383814837042,0.9933466747239671,0.9979725006138038,0.006783971590308002,0.010844541263934642,132,15,dual-fidelity: 3D FDTD coupler/mode/bend + CMT Eqs 2-7,
10.198346886766327,476.47467445255995,341.16793759500354,0.5284442005266156,2.4044073011900036,4.260454333026177,1550.6044519655175,8.62728971671163,0.013670996629694237,113422.9269428324,4.9519760127613495,0.002799048151097175,0.9985994952176287,0.9978483085521385,0.010241941279222148,0.008467548923275533,101,11,dual-fidelity: 3D FDTD coupler/mode/bend + CMT Eqs 2-7,
12.454157721399389,429.826487057248,334.140793427418,1.6788862420887352,2.3027054367579565,4.354808829301355,1553.0806781668782,6.763500723958259,0.04373481299823883,35511.31402412581,0.9400427146119013,0.018002994080383725,0.990957620647632,0.9979257309653691,0.0074263417861978286,0.01060924192803427,121,15,dual-fidelity: 3D FDTD coupler/mode/bend + CMT Eqs 2-7,
6.595951450355734,404.5239985028256,277.44552940246507,0.893379559417458,2.2316686805655723,4.407782799524298,1556.0613799210892,12.623518994303367,0.14881338488810314,10456.461165043282,0.6411075955909828,0.033592898857782244,0.9830600699561638,0.9973861915955964,0.017113029348052436,0.0056199447666153935,62,8,dual-fidelity: 3D FDTD coupler/mode/bend + CMT Eqs 2-7,
6.890584611432619,407.78793446625565,269.6207755835153,0.8006988130630506,2.246757427701445,4.3968812598659595,1551.860160018571,12.122633871625112,0.14655225959899104,10589.124754984365,0.610563769621864,0.034562084667761506,0.9825670029734556,0.9974421222397528,0.01640939894359399,0.005836508289892448,65,8,dual-fidelity: 3D FDTD coupler/mode/bend + CMT Eqs 2-7,
11.287354601888488,441.5153521463932,243.56410158553078,2.59075929620607,2.337877017274657,4.324577230558358,1547.1065663771403,7.245893287258696,0.1956942921596355,7905.731686415795,0.22389576887260093,0.07903598388317522,0.9596687012280982,0.9978536504371194,0.008769723557985692,0.009893267693910093,115,14,dual-fidelity: 3D FDTD coupler/mode/bend + CMT Eqs 2-7,
8.095501407000558,492.6754741026977,166.2579509597328,2.919445996051793,2.433084670005381,4.229732849484292,1550.18733977097,9.970535349298416,0.33150744267898563,4676.176580663047,0.20667696257550183,0.09643928480880129,0.9505581072144925,0.997563149117134,0.013820473691446712,0.007371575573286751,89,10,dual-fidelity: 3D FDTD coupler/mode/bend + CMT Eqs 2-7,
9.811254248601443,412.36606778542637,290.89382992114247,0.038254780788403046,2.261050683944226,4.386569964026508,1550.6395653762129,8.840008195436212,0.05927828980227526,26158.642068595833,0.9488047227656666,0.018623511900842212,0.9906444811834152,0.9978325467459465,0.010822774855194454,0.008023916953181049,90,11,dual-fidelity: 3D FDTD coupler/mode/bend + CMT Eqs 2-7,
11.707552034984499,425.5838745937148,320.8119961978385,1.5273360335141835,2.301044056080427,4.35566223535405,1546.4507899673317,7.139975694067971,0.055641809699092416,27792.963570567623,0.7811272763754661,0.022046572599899165,0.9889152781710376,0.9979045418343103,0.008260013852035116,0.009960000829516846,114,14,dual-fidelity: 3D FDTD coupler/mode/bend + CMT Eqs 2-7,
5.562226412866723,430.3482338478712,237.50187841689763,1.8194107630014527,2.299342926289108,4.357828407666406,1556.5874232027404,14.30370589535687,0.2710303731285389,5743.221341707385,0.43121094398001836,0.05466442876313332,0.9722836886613221,0.9971436543630267,0.019829051713307504,0.005016351703809332,57,7,dual-fidelity: 3D FDTD coupler/mode/bend + CMT Eqs 2-7,
11.77463431986423,454.85654369153025,163.3736490334216,2.600623008441394,2.365530401107568,4.2991767004463375,1548.0237268533833,7.014488839190108,0.5604094616526598,2762.308334852569,0.07495485014268274,0.21861154805050378,0.8839617932634285,0.997875215485029,0.008181429554607988,0.010293849198472609,121,14,dual-fidelity: 3D FDTD coupler/mode/bend + CMT Eqs 2-7,
13.810477502841543,431.75179692404134,266.009358895019,2.89150926936687,2.31123093190668,4.347597274270283,1550.1460674423554,5.953336644857018,0.16891322501874848,9177.174062423457,0.20699578438285768,0.08306215773888058,0.9575687141198377,0.9979121760874057,0.006121180390617096,0.012032385023063854,138,17,dual-fidelity: 3D FDTD coupler/mode/bend + CMT Eqs 2-7,
12.3244558344796,484.4792282746648,318.3493630787747,1.0649098362637166,2.417744741121481,4.246411481076821,1551.3860689699666,7.098562449870997,0.016718987650834363,92791.86643173006,2.848826341289892,0.00529758046473128,0.9973476923998315,0.9979403267934348,0.007564877639966553,0.010343665733792742,124,14,dual-fidelity: 3D FDTD coupler/mode/bend + CMT Eqs 2-7,
8.558810466892599,418.2083151592371,338.33569340170357,2.8781756123642563,2.2715423229681386,4.37923830690013,1554.3862130770572,9.223377512187653,0.09000809466822546,17269.404699728464,0.7056653466635738,0.027737112281049175,0.9860339181381901,0.9976223307970009,0.012937480655701534,0.007739282641641584,87,11,dual-fidelity: 3D FDTD coupler/mode/bend + CMT Eqs 2-7,
12.095349858680107,457.05995487547546,298.69362278173077,0.908438283166154,2.3688557208675944,4.296026524324108,1548.996768080659,7.151707063300137,0.032878576086917445,47112.647578950746,1.345060478509241,0.01225051374620077,0.9938558679475608,0.9979376572670109,0.00781593233252248,0.010115846140866422,119,14,dual-fidelity: 3D FDTD coupler/mode/bend + CMT Eqs 2-7,
6.290113961014804,417.81816921312964,171.4516770734537,1.0395937221089582,2.2746911773690255,4.376562620441144,1551.3072786661776,13.127882467694008,0.6413353015244768,2418.870869853359,0.1546984981957978,0.13882508329584556,0.927995105969937,0.9973229779718132,0.017875348957976874,0.005408148078391672,61,7,dual-fidelity: 3D FDTD coupler/mode/bend + CMT Eqs 2-7,
11.748471228778737,492.50793341417267,252.33172258652365,0.7498496799309092,2.4310506101337706,4.232054345759515,1551.7008964848287,7.52613835728107,0.03212746211427368,48298.271770288215,1.4641845699268887,0.01122519159390795,0.9943715645602965,0.9979294438509005,0.00821198927513216,0.009791277751625043,118,14,dual-fidelity: 3D FDTD coupler/mode/bend + CMT Eqs 2-7,
12.986575963231894,466.1205542969504,235.07545825100237,0.8377474842457654,2.38428225717847,4.280996051217191,1551.1350245960662,6.726573224477534,0.06854496681040978,22629.45182957618,0.573664935014012,0.02942295639554544,0.9851786861298079,0.9979632327568717,0.006883743783065044,0.01082543257266143,128,15,dual-fidelity: 3D FDTD coupler/mode/bend + CMT Eqs 2-7,
9.072063646161375,437.078804538892,276.61524333678136,0.8266860311912388,2.3246816113326,4.336210121352118,1549.4750290259708,9.394319525776837,0.06974996343612401,22214.70740188928,0.8907192351222486,0.020732125394419147,0.9895796454078777,0.9977402509981893,0.012025013225007633,0.0076251277790664205,88,11,dual-fidelity: 3D FDTD coupler/mode/bend + CMT Eqs 2-7,
11.22360986350736,409.29976912274134,349.60132630031774,2.2041573108421075,2.254159595510031,4.391397210720294,1549.545190718243,7.269589531339989,0.06510168978170158,23801.919672348973,0.6900784487820134,0.02555308858689223,0.9871407758841227,0.9978619862220212,0.008849748532079418,0.00974068357724664,109,13,dual-fidelity: 3D FDTD coupler/mode/bend + CMT Eqs 2-7,
14.939379368934599,456.15417379584636,325.77419398856364,1.5175430198695272,2.3664625907909143,4.2983338937888975,1549.424991792235,5.747124447893384,0.026310441565929498,58890.117366887935,1.3401467265763811,0.012214898179710715,0.9938737856590691,0.997951781776301,0.005211585126740361,0.012597256748571402,148,17,dual-fidelity: 3D FDTD coupler/mode/bend + CMT Eqs 2-7,
10.083677171869699,449.260707260843,183.215629509969,1.5260425305161758,2.3540021332058583,4.309993758916775,1547.8076151733626,8.334647097091192,0.3149788246917539,4914.005303969514,0.16297268668424628,0.10943034705572192,0.943699980366789,0.9978098875264264,0.01041067639269998,0.008633260650256613,101,12,dual-fidelity: 3D FDTD coupler/mode/bend + CMT Eqs 2-7,
13.05273819871616,443.6538900569845,262.66800973977416,2.3862009139298523,2.3392900474035576,4.3234408346659325,1549.7381330510652,6.380159715914033,0.12243384087016937,12657.759668704914,0.3067602007719959,0.056339665736672234,0.9714218106792372,0.9979181900373896,0.006819147066217327,0.011282072710544327,131,15,dual-fidelity: 3D FDTD coupler/mode/bend + CMT Eqs 2-7,
9.295272160272411,467.9049938905375,184.53145727144903,0.2754682934962522,2.3906086412968963,4.274564272168542,1548.7690498888464,9.473355343720868,0.11780790019340849,13146.563578046884,0.5115776168325078,0.03599122584659038,0.9818394849227696,0.9977790161101883,0.011648544446364205,0.007664131026584704,91,11,dual-fidelity: 3D FDTD coupler/mode/bend + CMT Eqs 2-7,
5.9332190593912015,450.1153992438692,178.991949252012,0.778651101934732,2.3538174086196864,4.310225172096419,1549.4029830852494,14.237829677571654,0.26660944958625205,5811.508127299122,0.4186327606244301,0.054120859314587266,0.97256318081933,0.9972571575551521,0.01880797320094769,0.005048786212874839,59,7,dual-fidelity: 3D FDTD coupler/mode/bend + CMT Eqs 2-7,
8.061075123103127,437.82503813810774,205.40163845670048,0.42740575856520824,2.3218092409105067,4.33888874453341,1553.020216767981,10.733826326058534,0.1692524381698487,9175.762745642043,0.42836417026781587,0.04580437701025371,0.9768293725056317,0.9976329891078325,0.013888441001765985,0.00669552523778877,77,10,dual-fidelity: 3D FDTD coupler/mode/bend + CMT Eqs 2-7,
12.763400042811988,497.1697519718862,324.8104928800668,2.1229009935343304,2.4409616540001915,4.221014425317588,1549.7465420147619,6.716325368596472,0.01680173565658299,92237.28867604012,2.6834600528973054,0.005734926332839229,0.9971284138300146,0.9979202298290587,0.007106186179623177,0.010977279248743633,133,15,dual-fidelity: 3D FDTD coupler/mode/bend + CMT Eqs 2-7,
5.522614892873134,450.7596859795881,211.8876362139874,2.6468406523949355,2.358830739013137,4.305457445306125,1546.5149405870604,13.792800721898175,0.37542580867617537,4119.362347624352,0.3015967330913214,0.07869786617817338,0.959844848828094,0.9971097862274135,0.01994129776029506,0.005199128227397197,61,7,dual-fidelity: 3D FDTD coupler/mode/bend + CMT Eqs 2-7,
5.434910658482487,435.70929136730905,167.51613980241444,1.0660587846055702,2.314364870945837,4.345327136327853,1554.9389695750792,15.217714684049724,0.5119704940531423,3037.165203144846,0.2412565323442511,0.0968890190531011,0.9503215145133246,0.9971364021875174,0.02019208879674822,0.004716486887374864,54,6,dual-fidelity: 3D FDTD coupler/mode/bend + CMT Eqs 2-7,
8.636576375667,436.1591843331769,203.7119899783533,2.5676225789450635,2.3220976412438454,4.3384406291673,1549.8163631290918,9.276258719380394,0.46150561566279225,3358.1744415034254,0.13343819042730382,0.14176922796694222,0.9264074546510611,0.9976406851841073,0.012794901482250185,0.007722059142955995,89,11,dual-fidelity: 3D FDTD coupler/mode/bend + CMT Eqs 2-7,
10.91908276320941,458.1332510076853,200.0688964523314,2.70401127085737,2.3682847935833062,4.296655664587403,1551.2190561719995,7.5379387411221614,0.3020073762890331,5136.361486374494,0.15215521405913268,0.11578592111073288,0.940326580975603,0.9978305413439489,0.009242244782014145,0.009621903580560698,113,13,dual-fidelity: 3D FDTD coupler/mode/bend + CMT Eqs 2-7,
6.359802335546573,466.56734531573284,182.96043803054815,2.2896655457323676,2.3930171896543175,4.2720313555197205,1544.6803770629394,12.461691987620725,0.36417632757592927,4241.572722051463,0.2617067450394485,0.08466701414314454,0.956730362148529,0.9972994050073047,0.01769871202944336,0.00579008919875586,69,8,dual-fidelity: 3D FDTD coupler/mode/bend + CMT Eqs 2-7,
8.30139369598604,405.17533196227737,220.8664301682304,2.7296119115896254,2.237464744206476,4.403471422717111,1553.2431386679755,9.461801756149953,0.7073244585427607,2195.9415087497296,0.09075928486720472,0.20564863880892764,0.891263912200574,0.9975953973341887,0.013420870674644461,0.007490394433978557,83,10,dual-fidelity: 3D FDTD coupler/mode/bend + CMT Eqs 2-7,
14.957248474743983,459.18613455037666,236.14329584668016,2.859975790357952,2.374937866938075,4.290097553627379,1547.5765002758706,5.583734022378167,0.15034883045843805,10293.239365793921,0.21824415818817333,0.07892431655535596,0.959726879609321,0.9979115268622801,0.005198331305087088,0.012960885006298004,153,18,dual-fidelity: 3D FDTD coupler/mode/bend + CMT Eqs 2-7,
14.130896730898147,476.8797477592076,298.29158419300984,2.6708958266962695,2.405120765004322,4.259711237290478,1550.624754311822,5.978953445226352,0.03852492968505259,40249.90485351759,0.9457747764945388,0.017937200483377404,0.9909908170697762,0.9979200859050128,0.005847969674061266,0.012236748468131697,146,17,dual-fidelity: 3D FDTD coupler/mode/bend + CMT Eqs 2-7,
6.320470775315145,483.93899395171127,219.74897861379452,0.0461235655292582,2.4166427795557457,4.247594398300614,1551.521157377951,14.138589684710269,0.05050789753416158,30718.38728445512,2.353150651227344,0.008463855221684405,0.9957590796866055,0.997358649664297,0.017798188820816015,0.005174641711326959,62,7,dual-fidelity: 3D FDTD coupler/mode/bend + CMT Eqs 2-7,
12.88679508838322,464.80238716093083,178.12006477296728,0.8289437168377168,2.382775603934646,4.282464874102219,1550.2677482063334,6.768956945988975,0.17514999596264255,8851.086405602815,0.2218158049108472,0.07589594091965857,0.9613033127376299,0.9979615337368752,0.006982322818781584,0.010741641168653062,127,15,dual-fidelity: 3D FDTD coupler/mode/bend + CMT Eqs 2-7,
9.449767724176532,464.3599938553865,184.6249784773355,1.6811693176667002,2.3775941793779674,4.287724082902296,1553.7820763177779,8.934961000514932,0.25135620316494733,6181.594314177877,0.22538451499761797,0.08210993749887736,0.9580657923655987,0.9977516736893354,0.01139489318075602,0.008155807446298104,96,12,dual-fidelity: 3D FDTD coupler/mode/bend + CMT Eqs 2-7,
6.835560571136041,406.4064062500564,347.42920312477054,2.246033352978531,2.2498115285767306,4.394168296829368,1546.8647784911873,11.409523135449945,0.09023112889327511,17143.360583694022,0.9718899068816446,0.021839022040188668,0.9890202110977365,0.9973892979097857,0.016538571487442963,0.006167350858871168,69,9,dual-fidelity: 3D FDTD coupler/mode/bend + CMT Eqs 2-7,
9.944554515979586,404.6510175743908,169.27355949997704,2.8249976661991236,2.23505487924243,4.405197782684833,1553.8985086413068,8.011273967338639,1.6916934607664025,918.546146024192,0.03161687841549398,0.4703638644764533,0.7277610428729657,0.9977601992470722,0.010619130382209678,0.008857351639974186,98,12,dual-fidelity: 3D FDTD coupler/mode/bend + CMT Eqs 2-7,
10.27755794999234,498.2087328164744,244.0152251001003,0.4804700313427141,2.439685346946679,4.222623599866194,1552.320651588652,8.670921862712248,0.030555898757222564,50802.650706575165,1.8812397836523098,0.008838069155413502,0.9955711581020146,0.9978555152054102,0.010126982904108727,0.008519776351809328,103,12,dual-fidelity: 3D FDTD coupler/mode/bend + CMT Eqs 2-7,
11.260217955692355,498.52550084742205,264.0470665542876,2.124712229724112,2.441098669026542,4.220998003936769,1551.5346028941387,7.5761798322917,0.04075000889951458,38074.460467482764,1.178556637421154,0.014591606280914897,0.992677386525494,0.9978662139587566,0.008803701991300303,0.009749929861658244,118,13,dual-fidelity: 3D FDTD coupler/mode/bend + CMT Eqs 2-7,
6.475193923690577,491.15435478054854,330.3519547447702,0.9190655424169222,2.4356194747574724,4.226716581413861,1545.8176804633686,13.208763387337513,0.020301519474738485,76142.95483581192,6.94534015588327,0.0021540360486811115,0.9989224013662517,0.997362643483334,0.017410062186676272,0.005527986672949652,67,7,dual-fidelity: 3D FDTD coupler/mode/bend + CMT Eqs 2-7,
10.187106798638975,459.27421915902977,228.2828077251808,0.5987700528353248,2.3743497512637175,4.290687858428733,1548.1952269891044,8.530550466078694,0.08198225947016981,18884.51522310669,0.6467835106328266,0.027517665769697768,0.9861451892243365,0.9978453765852467,0.010258359313042609,0.008476652582521284,100,11,dual-fidelity: 3D FDTD coupler/mode/bend + CMT Eqs 2-7,
8.617811433912053,440.4183943983247,322.62788601614113,0.32949690144096666,2.325838083398983,4.335528009960303,1554.5192648060765,10.117765610299784,0.028557734805509303,54434.2636204529,2.6202379329653143,0.006503150935737734,0.9967431209013997,0.9977053498541364,0.012829161394533769,0.007124818997982709,82,10,dual-fidelity: 3D FDTD coupler/mode/bend + CMT Eqs 2-7,
6.429924929672,491.86638700314705,297.4404978328638,0.6994824784012971,2.438492974060634,4.2234687854195005,1544.3557844366333,13.420850187754695,0.025157251763727122,61388.0959232342,5.221094314699335,0.003201884740469156,0.9983977740657933,0.9973605070254583,0.01752273626366639,0.005433918724154107,66,8,dual-fidelity: 3D FDTD coupler/mode/bend + CMT Eqs 2-7,
5.538616709298839,408.3225664098817,342.97685916653813,1.8438298122295305,2.252983970511023,4.39210832516766,1548.4362446735167,14.079305091317337,0.08903456354441182,17391.406022910785,1.364454362785026,0.016712012722947166,0.9916087874141963,0.9971374677799291,0.01989587757243771,0.0050034159180752345,56,7,dual-fidelity: 3D FDTD coupler/mode/bend + CMT Eqs 2-7,
5.730013904849881,467.18074091767687,215.56920728348447,2.2547315990023593,2.380796797551603,4.284660044393029,1555.6664786436434,13.846345423718958,0.2218738131191425,7011.4920583632675,0.5073218500234953,0.046054866832725486,0.9767011483392832,0.9971687105886059,0.019360560817176003,0.005266586308735989,62,8,dual-fidelity: 3D FDTD coupler/mode/bend + CMT Eqs 2-7,
13.503803314740301,497.90670992175865,166.4038357708934,0.05379107809022582,2.4431148686476973,4.2185625605810015,1548.9071271675843,6.6724845581152294,0.07608329567872651,20358.04460558707,0.5027731095830187,0.03313300743019628,0.9832939502355355,0.9979943095216223,0.0063946178173167195,0.011044082495471964,134,15,dual-fidelity: 3D FDTD coupler/mode/bend + CMT Eqs 2-7,
9.97862002482652,429.4209262026104,280.54587356954585,1.956345452821481,2.3048048592169397,4.352921333043611,1550.742776083645,8.25872358161746,0.11805229077459807,13136.066787933321,0.44113029338474075,0.041605039570262334,0.9789764861475161,0.9977888542169062,0.010567705722315652,0.008659327252102925,99,12,dual-fidelity: 3D FDTD coupler/mode/bend + CMT Eqs 2-7,
5.063365467427709,407.8888155197619,274.2334941430152,1.5144709308599755,2.258905195716656,4.387362592491941,1543.2754091796105,15.453470571103026,0.2152957068333271,7168.166202098723,0.6162785174526729,0.039626843681968386,0.9799863041481914,0.9970318250593242,0.021289986758465797,0.00452959069830049,51,6,dual-fidelity: 3D FDTD coupler/mode/bend + CMT Eqs 2-7,
6.265765046053204,452.94478150714406,201.09984677018394,2.9319415112531546,2.361487328527582,4.303010412136518,1548.0694553858118,12.236565367598587,0.4483760823343748,3452.6138132215196,0.21118373894805145,0.10554116114547726,0.9457583406211773,0.997261636367719,0.017937480066174204,0.0058802699667539395,69,9,dual-fidelity: 3D FDTD coupler/mode/bend + CMT Eqs 2-7,
10.503473132651308,437.4007957994472,265.20011561815517,0.3614506217920931,2.3240313961780923,4.336830784146747,1550.5512016037908,8.274050407723053,0.06277372476454852,24700.640394043734,0.8158161812683346,0.021373693942549423,0.9892554301379652,0.9978747288036797,0.009806153006093488,0.008673362009651877,100,12,dual-fidelity: 3D FDTD coupler/mode/bend + CMT Eqs 2-7,
6.069048009130391,411.9272156701031,161.80466718435667,1.634045020837113,2.2537214864493023,4.392352683826831,1555.1070149071504,13.207738833738631,1.165295085869244,1334.517783319346,0.08808955214363458,0.2372414890987184,0.8733604701961737,0.997260279964728,0.018447428326692508,0.005382135631757276,60,8,dual-fidelity: 3D FDTD coupler/mode/bend + CMT Eqs 2-7,
6.215387911141624,407.95752230751845,276.3897161690886,0.7839832067063297,2.2505505882719286,4.393940433884985,1549.4621364421723,13.357396329120093,0.13489781552708413,11486.191458238098,0.7747075476211487,0.02840407957182214,0.9856956530431581,0.9973156445108533,0.018066713827461264,0.005280652053965514,59,7,dual-fidelity: 3D FDTD coupler/mode/bend + CMT Eqs 2-7,
10.256466623049315,414.32125361253685,326.6335759849436,2.6765363076402062,2.266213846375001,4.382809192065162,1550.7202118231282,7.82911869182135,0.09991986658248066,15519.638534976008,0.49559064875692227,0.0370102954722345,0.9813203883175797,0.9977883994457342,0.010157465930493052,0.00907352589062422,102,13,dual-fidelity: 3D FDTD coupler/mode/bend + CMT Eqs 2-7,
9.025833340019602,452.3678454317759,224.0502358440666,2.247595831698472,2.3566290866081614,4.307677520346047,1550.9704569699945,9.081871629996613,0.21091607854829414,7353.495606618078,0.2809607375258591,0.06787118238680769,0.9654681857074279,0.9976930229675228,0.012104494523629774,0.00795680276175977,93,11,dual-fidelity: 3D FDTD coupler/mode/bend + CMT Eqs 2-7,
13.625087425536087,461.5106968980464,342.7712182607843,0.6843627936610231,2.373721057342567,4.2914466044871435,1552.3363757460854,6.435188759935272,0.01505632621158764,103101.93562034922,2.810494043875837,0.0052872748745204845,0.9973528588846976,0.9979766790917883,0.006285047684493287,0.011307097712103406,133,16,dual-fidelity: 3D FDTD coupler/mode/bend + CMT Eqs 2-7,
13.039039047670283,422.5846474477945,216.09323199734519,0.9597974445594377,2.2904415408433,4.3642443482946085,1548.750270733105,6.5328276853335865,0.23043098420913177,6721.1025290223515,0.16239453671784668,0.10262818326508541,0.9472971111192701,0.997960554113918,0.006832472120127718,0.01090001814891362,124,15,dual-fidelity: 3D FDTD coupler/mode/bend + CMT Eqs 2-7,
11.899471928986,466.49994812558344,157.11273666806116,1.7826761283561234,2.3898872296506948,4.275250971936467,1547.1446425723739,7.122154473256387,0.36646700480191485,4221.784286988256,0.11435116907593691,0.14668663331106097,0.9237496233768862,0.9979045062872434,0.008037171960071886,0.010183152127734692,121,14,dual-fidelity: 3D FDTD coupler/mode/bend + CMT Eqs 2-7,
13.1396516164972,464.73477423935344,209.23537453651676,0.19749599745426638,2.3868287468604628,4.278322048730256,1546.8488505724683,6.719255788887494,0.07739042345369991,19987.60029395492,0.5000277800919145,0.03346836629495848,0.9831234071595699,0.9979850589078493,0.006735210440466951,0.010784001536508494,128,15,dual-fidelity: 3D FDTD coupler/mode/bend + CMT Eqs 2-7,
7.218531362651786,431.81391990263796,197.43537507800997,0.01638317470120744,2.316530409737298,4.342939229997209,1546.2205669349985,12.053518210416541,0.16549904100389523,9342.776595899466,0.518265816998277,0.03957435967528726,0.980013081711011,0.997520818126205,0.015660179825312284,0.005900457751062051,68,8,dual-fidelity: 3D FDTD coupler/mode/bend + CMT Eqs 2-7,
7.65180800120706,496.0907243922576,267.32110369641225,2.733786607331681,2.4358128630972495,4.226913902749338,1552.6944345084187,10.597058188018536,0.05968936662182352,26012.91523741392,1.3283539965146107,0.014993939653819548,0.9924747152175618,0.9975067185973568,0.014722520661250982,0.00696088910675688,84,10,dual-fidelity: 3D FDTD coupler/mode/bend + CMT Eqs 2-7,
7.83742548040676,415.72476710855665,236.49916427912183,1.4047492020361554,2.2671362071322383,4.3823464491893,1552.7942537802119,10.512372702801486,0.2687067930500863,5778.7681366536,0.268646355087124,0.07447386421748758,0.9620426891684757,0.9975731286830726,0.014338202191601649,0.006766954353728267,76,10,dual-fidelity: 3D FDTD coupler/mode/bend + CMT Eqs 2-7,
7.485353203621427,421.3632095659778,154.75616215670428,0.650374861975695,2.2814825475642473,4.371573151364755,1553.098710654211,11.34936465277201,0.6041561958971233,2570.6906942301307,0.130023512803546,0.15076210776526777,0.9215410420782855,0.9975439573841124,0.015075915926921302,0.006283239428959375,71,9,dual-fidelity: 3D FDTD coupler/mode/bend + CMT Eqs 2-7,
12.732485091894286,445.0881089651966,307.9828035299778,1.5324711259049335,2.346256012410576,4.317050092508483,1546.7693786922634,6.649229136683971,0.04461779775251428,34667.09377436946,0.8987032915321902,0.01876540516872498,0.990572861949728,0.9979371634162872,0.007137561156444151,0.010798515715660813,126,15,dual-fidelity: 3D FDTD coupler/mode/bend + CMT Eqs 2-7,
14.008246534885462,463.7176892377193,266.92029867530516,0.6090288346279185,2.380403020994653,4.284822712636448,1550.4671064068534,6.267542964855693,0.03918193946101562,39570.96375868537,0.9462518641466967,0.017403804113771095,0.9912599032979337,0.997981342324162,0.0059510784083132585,0.01160048064195768,137,16,dual-fidelity: 3D FDTD coupler/mode/bend + CMT Eqs 2-7,
13.938627887422095,442.03464601743065,188.11025409855975,1.9968212454699086,2.3355691369093208,4.326747336158823,1549.8130102694777,6.043581048574879,0.36532893957057716,4242.239916966864,0.09571069317876224,0.17030501699462097,0.9108759427086539,0.9979396018790447,0.006010411721387107,0.011904441176606417,138,17,dual-fidelity: 3D FDTD coupler/mode/bend + CMT Eqs 2-7,
14.771249158009459,403.00244043541716,218.22542820824515,2.0994230979628945,2.236329788222004,4.403778055696732,1549.606292636641,5.604371303176322,0.5052337529326657,3067.1076182892366,0.06463856963366563,0.2430502917076638,0.8700285675150766,0.9979356589771439,0.005337956842308718,0.012611214443648554,140,18,dual-fidelity: 3D FDTD coupler/mode/bend + CMT Eqs 2-7,
9.72779202078791,481.1343926120905,321.7421832836724,2.9347958246076584,2.410379349343053,4.254287377355057,1552.6345371046098,8.423479586013627,0.03298384113965392,47072.581102083874,1.7744652544412283,0.009937154174778669,0.9950190178208763,0.9977389911132256,0.010952264516773755,0.008708844500918734,104,12,dual-fidelity: 3D FDTD coupler/mode/bend + CMT Eqs 2-7,
9.034335793491904,493.34490912315096,172.23429061503225,0.7958684016847719,2.4383048977976824,4.223776792979413,1546.6311805825653,9.658876953729305,0.11936337966314099,12957.334024450045,0.5248851144242808,0.03571627346791827,0.9819794939468348,0.9977372649879085,0.012089837386922042,0.007586298553751385,92,10,dual-fidelity: 3D FDTD coupler/mode/bend + CMT Eqs 2-7,
11.559734222350027,495.7950540862854,282.4796883095088,1.8465414237731332,2.4378058441225074,4.224561964607708,1550.546804519988,7.429296462182947,0.029522364509654248,52521.09139201693,1.6175967598660796,0.010272005346052352,0.9948507398871188,0.9978886769609222,0.008435851121353782,0.00992225455888121,120,13,dual-fidelity: 3D FDTD coupler/mode/bend + CMT Eqs 2-7,
10.26739815344657,461.8581343912685,260.4484179362534,2.751520165546026,2.3734916051167256,4.2917020477324765,1553.0843729848166,7.995249862201263,0.10982959855429957,14140.854500319187,0.4597897104240184,0.03994162784460306,0.9798256845762908,0.9977869503960203,0.010141655291973821,0.009101950721732746,107,12,dual-fidelity: 3D FDTD coupler/mode/bend + CMT Eqs 2-7,
11.164387769321099,484.9614630519143,197.94586064770098,0.49043424458769225,2.419629087491117,4.244350769284695,1550.4980072199855,7.932137383714235,0.07556615682704153,20518.418195711867,0.6320713774797925,0.027337132810517025,0.9862367196517695,0.9979101165066462,0.008924750012136837,0.009246742139053795,111,13,dual-fidelity: 3D FDTD coupler/mode/bend + CMT Eqs 2-7,
13.486852503814356,462.74359048629526,296.26466952349807,2.027801762367242,2.376793614969476,4.288425872848576,1551.836461355711,6.304214698944634,0.0439072371672046,35343.52333411714,0.8648466464318262,0.01955001772208293,0.9901767429494176,0.9979351544674434,0.006410082855357226,0.011543479612183879,136,16,dual-fidelity: 3D FDTD coupler/mode/bend + CMT Eqs 2-7,
14.239989325349772,463.3787722861159,170.42109770045624,2.1910611277103142,2.3793471759101155,4.285876011858125,1550.7827129800678,5.96089136481487,0.3420680012346857,4533.550952975891,0.10103071427731265,0.16238351276040833,0.9152139024510018,0.9979345457799219,0.005757760586553129,0.01220109981465082,144,17,dual-fidelity: 3D FDTD coupler/mode/bend + CMT Eqs 2-7,
6.858280396480629,454.41097360381764,328.1060088119425,1.198571724729964,2.3571495793220727,4.307332657166915,1553.9761421053715,12.248816653972426,0.034497177226255775,45046.47240883934,3.014809449386811,0.006195381877519722,0.9968974962966254,0.9974245786397807,0.016485112414751344,0.005913568708988825,69,8,dual-fidelity: 3D FDTD coupler/mode/bend + CMT Eqs 2-7,
10.030644580561573,461.79405133078166,309.15696434507424,2.0232426860245356,2.3785711427940703,4.286576482102093,1548.86280831875,8.309371937755714,0.041920028424679665,36948.038122199476,1.311286580263395,0.013479517973518202,0.9932373744611516,0.997790941201909,0.010489650578150924,0.00871921492288263,103,12,dual-fidelity: 3D FDTD coupler/mode/bend + CMT Eqs 2-7,
14.32804513490418,400.4320472990791,164.35718154213265,1.2537025290882036,2.228092634840362,4.409371921840792,1550.168943598343,5.871434662551792,0.9660455656498905,1604.6540646925837,0.03594213999375829,0.3948157918545092,0.7779358637738016,0.9979625320984269,0.005685962815580701,0.0120293118049536,133,17,dual-fidelity: 3D FDTD coupler/mode/bend + CMT Eqs 2-7,
13.647930148403592,450.5577265965728,262.36477234016536,1.38559592392523,2.350486404700254,4.313451068103504,1552.7886081870654,6.294493273031094,0.07477059921702817,20767.368784620296,0.49151767413490866,0.03453876647872803,0.9825788688554583,0.9979559343822962,0.006264622260292624,0.011508076583862721,134,16,dual-fidelity: 3D FDTD coupler/mode/bend + CMT Eqs 2-7,
11.911397181137811,406.76796027964025,224.52784826269635,1.7368341887714964,2.251253135888009,4.39312310826735,1546.5552971002055,6.926799710705609,0.3913963386377888,3951.3790611399645,0.10407743119534858,0.1599679214992676,0.9165326390809726,0.9979063243627335,0.008023525401041372,0.010180973937426297,114,14,dual-fidelity: 3D FDTD coupler/mode/bend + CMT Eqs 2-7,
7.816426303764979,467.27351928226784,265.0779029865316,0.8213838291069828,2.3853051694484573,4.28001315837482,1552.124879974045,11.029090593154478,0.050141071094484915,30955.160033363652,1.6189626747089203,0.011719280611829164,0.9941230906624042,0.997587583461217,0.014381172474756215,0.006598126933408676,78,9,dual-fidelity: 3D FDTD coupler/mode/bend + CMT Eqs 2-7,
10.851116345469372,479.90703333790805,230.58003378856466,2.450677791131134,2.4141505552763793,4.2500922717264675,1547.6172687221629,7.681949101955297,0.10993180068193067,14077.976155415987,0.4311603423662942,0.04171587326806992,0.9789198775854591,0.9978341523909383,0.009332194122293129,0.009500520948179518,114,13,dual-fidelity: 3D FDTD coupler/mode/bend + CMT Eqs 2-7,
7.84884673561889,483.63804307436897,327.5756062071581,0.6154428530462092,2.41989078477099,4.243976913532161,1548.3209934845752,11.114000008187759,0.017629034124776732,87827.89700931414,5.7672031635915495,0.0025480451393059167,0.9987251648279891,0.9975983049852117,0.014314884988540704,0.006571063745172873,79,9,dual-fidelity: 3D FDTD coupler/mode/bend + CMT Eqs 2-7,
6.752457284850621,438.4180191141762,239.4947878946228,2.4300099683654426,2.3271813511875066,4.334083106084885,1549.934257026654,11.651918936247057,0.26135969744982085,5930.272617201166,0.3332421032497296,0.06516539887984021,0.9668684507833316,0.9973689763615756,0.01673559205366239,0.006147304843714069,71,9,dual-fidelity: 3D FDTD coupler/mode/bend + CMT Eqs 2-7,
10.099558248970558,437.3598735035814,281.13521266621245,1.6411540635038622,2.3236324285803494,4.337186864771504,1550.7854078090108,8.273210248187752,0.08840595518862729,17541.639638417786,0.5899567948619334,0.030748265660629534,0.9845058325573143,0.9978076626741408,0.01038714276601864,0.008676161536372712,100,12,dual-fidelity: 3D FDTD coupler/mode/bend + CMT Eqs 2-7,
5.644231390415024,494.1193809034555,293.3659317612683,1.560064097568299,2.44193830982572,4.219632184251525,1544.5812223216403,14.54885388507887,0.036766205956557385,42010.89511783466,3.869898671239784,0.005035763872922858,0.9974789401922615,0.9971701527847615,0.019598680418873565,0.005015904391902831,61,7,dual-fidelity: 3D FDTD coupler/mode/bend + CMT Eqs 2-7,
13.015013604531237,481.55063279237294,314.0058230542909,1.6638578029163487,2.4177338419082264,4.246248636642072,1547.0489483313163,6.601407079069759,0.0217290455379293,71197.28041578509,1.9399492228163933,0.008210044460984903,0.9958865173999571,0.9979390847494135,0.006855904382313938,0.011063449521613554,133,15,dual-fidelity: 3D FDTD coupler/mode/bend + CMT Eqs 2-7,
14.19602474975445,411.0415247297195,160.97438947789044,1.1690367431207644,2.2553254476927087,4.390862586202186,1552.1781835028123,5.975836744845537,0.7868144141188843,1972.7373515913814,0.04421767032724293,0.3327542347012776,0.8168511279901145,0.9979650443406902,0.005793946448681997,0.011899462589853341,133,16,dual-fidelity: 3D FDTD coupler/mode/bend + CMT Eqs 2-7,
6.398067916775549,485.4896716520893,173.2267710787338,2.8092320065016176,2.427351195934142,4.235772667319188,1544.6958520121268,12.220258386731757,0.3598267017019258,4292.888339597782,0.26044422566155945,0.08530899115290892,0.9563947975847061,0.9972913567299977,0.01760246491526925,0.005956432344463181,72,8,dual-fidelity: 3D FDTD coupler/mode/bend + CMT Eqs 2-7,
9.11641327208472,493.6591330622633,302.31369619926255,2.1821005524535657,2.436650461878221,4.225708938460194,1548.5118421713144,9.164041319658736,0.02926297325817311,52917.10546667766,2.2717287327450246,0.007659035647484449,0.9961631213573987,0.9977043118919355,0.011949255803695666,0.008013760953932088,97,11,dual-fidelity: 3D FDTD coupler/mode/bend + CMT Eqs 2-7,
12.59073230608511,444.6067220380343,168.52170160409386,0.0770122126212067,2.3435968824092446,4.319502686286027,1548.0224674095846,6.974325035429047,0.20636001047795377,7501.562264046142,0.19225690415399666,0.08655712569170575,0.9557420542742139,0.9979772108554482,0.007283206467552494,0.010304310725470806,120,15,dual-fidelity: 3D FDTD coupler/mode/bend + CMT Eqs 2-7,
12.395489534998148,495.94320657695715,283.50763641771005,2.9530237397705497,2.4400134591310927,4.222005362560483,1548.8393062172584,6.758848195244127,0.038630327288025006,40093.869634321796,1.0931154225257953,0.01565612368266301,0.9921410566634852,0.9978860139276352,0.007488688788196805,0.010892596676148173,132,15,dual-fidelity: 3D FDTD coupler/mode/bend + CMT Eqs 2-7,
9.634456009766202,417.1679284453306,223.9308538388475,0.6588642216373207,2.277468013102917,4.374159360950678,1547.9975334048406,8.816441836892864,0.20817953785243734,7435.877461223391,0.26338375680266096,0.06910106833562368,0.9648310378840309,0.9977988782121977,0.01109890903549296,0.008040864115245742,91,11,dual-fidelity: 3D FDTD coupler/mode/bend + CMT Eqs 2-7,
8.089053602317506,496.9833937367586,216.85537723957094,1.609832709865434,2.4392827732047113,4.222959807246447,1550.94443316164,10.485814190614065,0.08311347507394856,18660.565350946017,0.885707379711403,0.022123021229696997,0.9888766246455131,0.9976014015508605,0.013833178134379053,0.007025809461164042,85,9,dual-fidelity: 3D FDTD coupler/mode/bend + CMT Eqs 2-7,
14.5278546102744,471.74373275894254,162.84889209150532,0.5182277329129639,2.3983861178855417,4.26661545084674,1548.3453819427327,6.068124243033253,0.16672327959567954,9286.917733969867,0.2063571951940344,0.0805545044736259,0.9588772056558514,0.9979840901416066,0.005526348014152553,0.012001295552732624,143,17,dual-fidelity: 3D FDTD coupler/mode/bend + CMT Eqs 2-7,
13.271732101180762,466.3072495140375,231.68052109418522,1.5729931570230251,2.384369975719697,4.2809169686267845,1551.359640782787,6.475810200314299,0.09635858580699043,16099.858956940421,0.3921358210185097,0.043553872866372106,0.9779806374022074,0.9979460024590819,0.006609627562153079,0.01124951599889113,133,16,dual-fidelity: 3D FDTD coupler/mode/bend + CMT Eqs 2-7,
13.54947424009677,441.0054480108978,195.521503053147,2.0852282987983637,2.3296554639029394,4.332091874629176,1552.5991284099096,6.211217837967979,0.3441577739391119,4511.300473150416,0.10465900658149922,0.1571969028399525,0.9180430802310138,0.9979341050670971,0.006353135479709488,0.011609560828187536,134,16,dual-fidelity: 3D FDTD coupler/mode/bend + CMT Eqs 2-7,
13.244210224752496,441.79953812011564,281.3922916001353,0.5259587435829902,2.335355015301827,4.326923998526876,1549.56771594464,6.563379800809116,0.04676766512133109,33133.31362437143,0.8266004066826192,0.02008035027659336,0.9899089098111031,0.9979768787441068,0.006635600927946183,0.010954806794948709,127,15,dual-fidelity: 3D FDTD coupler/mode/bend + CMT Eqs 2-7,
8.514373319861681,460.0973467562794,280.05130800775555,0.7564435639887925,2.370665279457864,4.2944165242594,1552.5112257253554,10.151016345070275,0.0433169766999597,35840.710594347634,1.6616159346015016,0.010954952371219854,0.9945074397050935,0.9976804220600907,0.01301966573091927,0.00715133542125267,84,10,dual-fidelity: 3D FDTD coupler/mode/bend + CMT Eqs 2-7,
12.875035825175607,470.95342425596425,339.39890537823305,0.2556400508625192,2.3967186623874315,4.268332997891179,1548.4993089096995,6.877174154348268,0.011984275129922213,129210.92783020498,4.025760565573514,0.0034263249415384008,0.9982853675470064,0.9979784180798612,0.00699403304414366,0.010582977083624297,126,15,dual-fidelity: 3D FDTD coupler/mode/bend + CMT Eqs 2-7,
14.906692839332539,499.21212363802175,232.7253878824884,0.9613047662681079,2.4459203549615434,4.215387957108758,1548.2857745511556,5.932315169589174,0.03864502066982205,40064.30188715656,0.9117906239179291,0.018204465793350454,0.9908559603729745,0.9979686700034238,0.005235916789067514,0.012425935984705047,151,17,dual-fidelity: 3D FDTD coupler/mode/bend + CMT Eqs 2-7,
12.817296582118008,437.78394116874153,207.24501841932374,0.18451022856346116,2.3221910653656566,4.338538183293496,1552.652835088044,6.84428038416354,0.13506998762837683,11495.172705278663,0.2893126363741113,0.057990668200558586,0.9705716520687391,0.9979793225379624,0.0070518170917652214,0.010517321102555011,121,14,dual-fidelity: 3D FDTD coupler/mode/bend + CMT Eqs 2-7,
9.274635120762477,489.4034584046518,222.00728401755558,2.4274330736348926,2.4290621500377747,4.234065881573985,1548.9348416138541,8.93659624487691,0.11194805894352262,13836.19203612352,0.5231904464420504,0.03621514396667019,0.9817254483985479,0.9977127407585952,0.011682851158122036,0.008206785244774526,99,11,dual-fidelity: 3D FDTD coupler/mode/bend + CMT Eqs 2-7,
6.64812390707235,475.04057273056986,344.82437051506895,1.8948766081906534,2.408125803294015,4.256409088034257,1545.3095117024104,12.238771067553444,0.02669909316079219,57878.72653186995,4.253747675844962,0.004165420239780424,0.9979151165105274,0.9973659537403833,0.016986271151828394,0.005922949197048994,71,8,dual-fidelity: 3D FDTD coupler/mode/bend + CMT Eqs 2-7,
8.968988938340644,462.618903709776,301.70364728972754,0.6463068219589224,2.373152392814736,4.292102078139503,1554.58830448388,9.720283070608275,0.02915123402373956,53328.38751244244,2.405063474747436,0.007083048335658257,0.9964521823270507,0.997734870561219,0.012202944547123257,0.007494036311002284,88,10,dual-fidelity: 3D FDTD coupler/mode/bend + CMT Eqs 2-7,
14.280178557036821,445.5392788569506,291.9150041228668,1.4028900468964585,2.344061133540265,4.319137995050974,1549.270173183006,5.987552009089313,0.051813223438854514,29901.05749763515,0.6811480016359797,0.02474615050281137,0.9875494162304935,0.9979580962898951,0.00572487984711115,0.012029002464344797,140,17,dual-fidelity: 3D FDTD coupler/mode/bend + CMT Eqs 2-7,
14.255823807073458,469.58816009168214,205.6410498883165,1.284486849425439,2.3907403284017144,4.274515574291582,1551.3035234337394,6.091682449720793,0.12076369906408996,12845.776797632327,0.2904154947874272,0.05826479238611064,0.9704304238913213,0.9979616321447212,0.0057447831517538584,0.011978324330075453,142,16,dual-fidelity: 3D FDTD coupler/mode/bend + CMT Eqs 2-7,
7.107156028654266,453.169620338159,192.62513314873303,2.3339280889334164,2.358340747918305,4.30607664305255,1550.9528725219573,11.261336232900021,0.3935042858258746,3941.387497894376,0.20736243419222786,0.10100262727803733,0.9481547198226472,0.9974332974476403,0.01591070882424554,0.006412046486682219,75,9,dual-fidelity: 3D FDTD coupler/mode/bend + CMT Eqs 2-7,
8.264795425562328,425.05363242853184,208.0619746460843,1.778509824899552,2.292939361344916,4.362508981571541,1551.5442863580683,9.894390173172496,0.4042010696477958,3838.5457210937625,0.16412563301183045,0.11761646582636351,0.9393527208528416,0.9976191724586544,0.0134910477927032,0.00721321390848986,82,10,dual-fidelity: 3D FDTD coupler/mode/bend + CMT Eqs 2-7,
9.26331669259205,413.8623265992125,252.47625704436606,1.9318797149703817,2.269139162067966,4.380350935979227,1547.6749624983634,8.770057901990185,0.25426992037931706,6086.7402647924655,0.22113688957847916,0.08454113498616057,0.9567961460069953,0.9977264363685827,0.01170170963161569,0.00806869631991625,91,11,dual-fidelity: 3D FDTD coupler/mode/bend + CMT Eqs 2-7,
13.595382728028154,428.5477749106018,194.157134719429,1.556581129037463,2.3070762372260023,4.350835759321232,1547.4097113352598,6.196299330685633,0.36978098457259384,4184.6654530486785,0.0964425722925963,0.16830658818757294,0.9119722648263088,0.9979503481421494,0.0063117085660118364,0.011509611263839592,132,16,dual-fidelity: 3D FDTD coupler/mode/bend + CMT Eqs 2-7,
7.288115256969877,453.56558589219367,251.98063797013901,1.8541580406128113,2.3549630385957956,4.309389116445136,1554.3037011509552,11.26106104512769,0.12530586240962224,12404.078079523279,0.6554503522825715,0.031716491962851395,0.9840139775618783,0.9974771621305429,0.015505663153926886,0.006435116321510518,75,8,dual-fidelity: 3D FDTD coupler/mode/bend + CMT Eqs 2-7,
11.785950059385042,480.61910303974935,159.80511657537824,0.03275779415999178,2.4092654029360845,4.255467493689307,1552.7992866625982,7.615963029340719,0.11705620045848436,13265.416787667908,0.37836204886729274,0.04500188705269827,0.9772400487839729,0.9979523731656142,0.008168247493527733,0.00963544709823806,115,14,dual-fidelity: 3D FDTD coupler/mode/bend + CMT Eqs 2-7,
8.92348330532065,498.41285909132586,182.27315311320666,2.767712921635928,2.4418082216530967,4.220150595409985,1550.7577892203897,9.208923399261266,0.20687816555911764,7495.995457177641,0.2939448688879498,0.06564155658445646,0.9666221823523106,0.9976666657309456,0.01228233348130249,0.008008432254696236,97,11,dual-fidelity: 3D FDTD coupler/mode/bend + CMT Eqs 2-7,
14.15568923642362,419.49641011139926,229.09307984974214,2.9580193710096396,2.2840697644963193,4.369093743742422,1547.6017714484865,5.761690480484958,0.39910126006022706,3877.7170766510308,0.08475858509556752,0.19267204751284414,0.8985143028840197,0.9979115520816059,0.005827345343174505,0.012331651457491133,140,17,dual-fidelity: 3D FDTD coupler/mode/bend + CMT Eqs 2-7,
8.820412924740282,424.3959600771158,322.2588405992741,1.4150947053999092,2.29099497192202,4.364060446875018,1551.7622430666618,9.426429240542802,0.059969679156035294,25875.780309398135,1.0708420143355577,0.017428273334675864,0.9912475607361282,0.9976958567130878,0.012464064625510427,0.007572562179362035,86,10,dual-fidelity: 3D FDTD coupler/mode/bend + CMT Eqs 2-7,
5.850970108465939,427.1954885254291,259.01282517959777,0.5824875727686367,2.294756320448431,4.361294740259888,1554.1935672834813,14.494292449669274,0.11017854972413373,14106.135642326826,1.0747640149491495,0.020725856322034445,0.989582812945923,0.9972452682370941,0.019029711772821867,0.004930601593293664,56,7,dual-fidelity: 3D FDTD coupler/mode/bend + CMT Eqs 2-7,
13.858824956177473,454.69401756626826,305.2330584671346,0.24553272698707623,2.3588500162476427,4.305695556058057,1553.0922268406075,6.376903519279722,0.022968776398237117,67617.54304682113,1.7052048780760827,0.009225924357544962,0.9953763487457671,0.9979915089412207,0.00607915276367907,0.011383922003142291,133,16,dual-fidelity: 3D FDTD coupler/mode/bend + CMT Eqs 2-7,
7.974651018470241,466.8084255142121,338.08651037729015,2.581808300095582,2.3855665951459804,4.279715014068298,1551.1747331444735,10.120971103146076,0.034758212520009525,44627.57491489233,2.2461098599418596,0.008254321804581735,0.9958642870368524,0.9975569965155952,0.014060543321103444,0.007185077472212653,85,10,dual-fidelity: 3D FDTD coupler/mode/bend + CMT Eqs 2-7,
6.65554983945146,463.1936882829296,325.00624953572765,0.07406803744475675,2.3727347611605394,4.2925725650032955,1555.8536800361396,13.348246912715467,0.02154454462506851,72215.66791557062,6.241297232678987,0.002452270583463337,0.9987731120812858,0.9974216815227255,0.0169683055998805,0.00545560457485321,64,8,dual-fidelity: 3D FDTD coupler/mode/bend + CMT Eqs 2-7,
13.97810636508327,443.071395269816,330.4071253610217,1.1517171418395358,2.338195340230413,4.324407994133703,1549.5782171242122,6.141447788775622,0.02844427854011435,54477.6769408609,1.3145088453718818,0.012390234054749516,0.9937855734237897,0.9979650161762504,0.005976693484121778,0.011716960686465286,136,16,dual-fidelity: 3D FDTD coupler/mode/bend + CMT Eqs 2-7,
12.701326969594987,468.62921561055987,343.4339961641682,0.22207230737889633,2.3924997633077494,4.272635308082635,1548.3512859430032,6.967740362370023,0.011799396072486439,131222.92670159732,4.183598919578961,0.0032697468143082446,0.9983637879979881,0.9979755830594736,0.00716932308912515,0.010432361629534108,124,15,dual-fidelity: 3D FDTD coupler/mode/bend + CMT Eqs 2-7,
12.121578453444831,498.7056617648722,335.3746129486418,2.256612634304499,2.4418328074786033,4.220154087687357,1551.1473520959403,7.042877793457137,0.01537584904283975,100882.06171731903,3.195500411469558,0.004720073753097536,0.9976371716445325,0.9978982741995692,0.007786773794855886,0.010487795357925368,127,14,dual-fidelity: 3D FDTD coupler/mode/bend + CMT Eqs 2-7,
14.274543243059188,490.145650440492,339.4202156847359,0.6000845885440599,2.4258857759480508,4.237734143098972,1552.7337966696466,6.240520855197019,0.009871009695940262,157302.42847479455,4.549677531149309,0.0029298452810783936,0.9985340027855444,0.9979820788114276,0.005729479024643055,0.011815670041315044,142,16,dual-fidelity: 3D FDTD coupler/mode/bend + CMT Eqs 2-7,
5.712951616769568,453.35170616105285,240.9087192284196,0.5448409756283304,2.3540075602362704,4.310298463244703,1554.704949353251,15.047491974188915,0.08791237996179117,17684.710049130317,1.4429623373257174,0.015308597279660222,0.9923161808215866,0.9972159391982,0.01940769159141255,0.0048080780293482395,56,6,dual-fidelity: 3D FDTD coupler/mode/bend + CMT Eqs 2-7,
14.536384009704275,493.16084931583157,188.58204935294975,1.0617676917442185,2.435750329462436,4.226706550717097,1548.57930362241,6.0528562994238655,0.09202692003940556,16827.45986673589,0.37932091515320576,0.0445567326538904,0.9774677832778478,0.9979678237813248,0.005519635054051564,0.01214958287566174,147,17,dual-fidelity: 3D FDTD coupler/mode/bend + CMT Eqs 2-7,
7.2622013015612765,436.05539271070796,247.81386310229107,0.25016333697421816,2.3201399128450806,4.340187667560169,1551.1340172649843,11.943958466860522,0.08460878153073434,18333.01448386337,1.0339840851152093,0.01944408628232188,0.9902302326821163,0.9975208983498711,0.015563028216009037,0.005996910814660834,69,8,dual-fidelity: 3D FDTD coupler/mode/bend + CMT Eqs 2-7,
6.669648240178155,402.9842476658682,326.1588360413974,2.556072791926831,2.2386421331928017,4.401999558770457,1547.9150752521389,11.506450681012893,0.14793263534434622,10463.648346756083,0.5940814259756001,0.036793195303679214,0.981430998438668,0.9973501686375591,0.01693424961613402,0.00611244158337764,68,9,dual-fidelity: 3D FDTD coupler/mode/bend + CMT Eqs 2-7,
8.757812957738484,496.2484244323712,284.61276461367197,2.301068421810257,2.4409730664530542,4.220914213433575,1548.4364204215956,9.482194391788653,0.03773997683561137,41029.07712864556,1.8093087860753154,0.010054648297344211,0.9949599749249493,0.9976624427303666,0.012575749308310517,0.007751782810552294,94,11,dual-fidelity: 3D FDTD coupler/mode/bend + CMT Eqs 2-7,
13.767636395646164,442.995088235625,152.96927963349245,2.108810014563892,2.338942696803314,4.32370876476341,1548.8620367763135,6.096860661089295,0.6819856208587803,2271.1065884731292,0.05243820818745766,0.2915869304538071,0.8416727805662916,0.9979352703113963,0.006158664181018015,0.01179388999682955,137,17,dual-fidelity: 3D FDTD coupler/mode/bend + CMT Eqs 2-7,
14.488048757589077,420.04314302852964,302.8175102407409,2.554388343348917,2.2856477181726405,4.367867913947937,1547.4780178640872,5.68583438265523,0.10655311412147586,14523.067022704612,0.3133528934038332,0.055032410451584524,0.9720944344807327,0.9979233889881163,0.005557784846803878,0.01249818333011079,142,17,dual-fidelity: 3D FDTD coupler/mode/bend + CMT Eqs 2-7,
11.563740104433009,451.67981327483903,322.83988327586525,2.422146633274483,2.358006672930825,4.306301613732501,1548.7191031523398,7.160719540276887,0.04400072043528469,35197.5851265927,1.0197863606135091,0.016957760745823443,0.9914848658724835,0.9978716607151206,0.008431036918288849,0.01007518397427955,118,13,dual-fidelity: 3D FDTD coupler/mode/bend + CMT Eqs 2-7,
9.421358631708074,431.9051156892994,256.3304198448487,0.5397282628243937,2.3129971690125077,4.346060452314113,1549.0809894154452,9.117467348791706,0.08936492321546685,17334.329104501907,0.6530095718168205,0.028026301293551752,0.9858872647044632,0.9977831205949919,0.011441117262612537,0.00783582782502865,90,11,dual-fidelity: 3D FDTD coupler/mode/bend + CMT Eqs 2-7,
13.697740710420831,418.35621584343244,155.4108612696351,1.2108650705328798,2.277532340457998,4.374316598752676,1550.2492226085838,6.188976167347164,0.7593168910241868,2041.6366880994397,0.047378786351918174,0.3144411868753497,0.8279847903945158,0.9979615703574226,0.006220312724819095,0.011503332530863889,130,16,dual-fidelity: 3D FDTD coupler/mode/bend + CMT Eqs 2-7,
6.522292267863346,474.54595233078294,244.5634382459138,0.7910377976431398,2.402429214949233,4.262465275202182,1549.3064545993404,13.14438176368526,0.062460311253279256,24804.654724130913,1.6941555450817194,0.012128562552904091,0.9939172186088215,0.9973754207833955,0.01729360383008326,0.005533170050441316,66,7,dual-fidelity: 3D FDTD coupler/mode/bend + CMT Eqs 2-7,
7.133468081149772,473.9327146605315,286.71304805063824,0.14031406319201367,2.4027418739851694,4.262103889296986,1548.1047803304907,12.39087031328836,0.026333322140811452,58788.81411362958,4.1068966172992685,0.004126924229243738,0.9979344045430822,0.9975031639976971,0.01585116296043211,0.0058631988952028485,70,8,dual-fidelity: 3D FDTD coupler/mode/bend + CMT Eqs 2-7,
8.772780932204874,463.08311269583874,156.21266606162698,2.4624362892628904,2.377554653115893,4.287676560337729,1551.764819340929,9.309408135741478,0.575076841364783,2698.3608236740192,0.10667567710773575,0.17322611594343285,0.9092710729241127,0.9976592971050867,0.012548954225210369,0.007805964508531888,92,11,dual-fidelity: 3D FDTD coupler/mode/bend + CMT Eqs 2-7,
7.608926876371674,499.8502352297635,155.09609008037805,2.4434754212556653,2.443472905111418,4.21834964961934,1551.318213043404,10.76994014443153,0.3049678728634885,5086.825043167135,0.24863403594370392,0.08235321572681235,0.9579388207360571,0.9975090461304439,0.014812760272809438,0.006850382291419382,83,9,dual-fidelity: 3D FDTD coupler/mode/bend + CMT Eqs 2-7,
5.6656333251066116,486.60051851071705,244.3027438774659,0.5115661602577805,2.4185212214324983,4.245720084434604,1553.8513609477402,15.411468293832513,0.04849625094880077,32040.649133645336,2.9156642068626404,0.006989030708280065,0.9964993573965414,0.9972062946550226,0.019538999010529953,0.004760776330010018,57,6,dual-fidelity: 3D FDTD coupler/mode/bend + CMT Eqs 2-7,
12.405782339372854,408.99331742452983,212.08140867377008,2.2763160966833302,2.2535843796867088,4.39178377749749,1549.3479281733196,6.602402312106733,0.5536634974129776,2798.35664697552,0.07040585050157705,0.22813758501290082,0.8785570072494437,0.997906522718282,0.007477712832902339,0.010725059996583684,120,15,dual-fidelity: 3D FDTD coupler/mode/bend + CMT Eqs 2-7,
7.473623910197709,466.99491665380515,218.00372257974942,1.474592984762962,2.3891572396824063,4.276023158418007,1548.5260566119607,11.173802630649334,0.13835472710543822,11192.433312609915,0.5769937808729124,0.035544766750333794,0.9820668171003775,0.9975175504186309,0.015101135622960409,0.006487955488750608,77,9,dual-fidelity: 3D FDTD coupler/mode/bend + CMT Eqs 2-7,
8.241032446284093,448.1524438826767,347.7879338362851,0.27053335936171863,2.344965401079852,4.3185055483222134,1553.0498277747154,10.617597439945484,0.01935673678424953,80233.03953993028,4.598316613078967,0.003349467706613632,0.9983238614264343,0.9976611783972961,0.013536809623066658,0.006801730091156766,79,10,dual-fidelity: 3D FDTD coupler/mode/bend + CMT Eqs 2-7,
12.053518162703329,497.0218242952426,281.51436602729825,1.53708618976726,2.439750105370113,4.222417183166748,1550.592241944422,7.200075901162563,0.026004393497803136,59628.0871567113,1.7702828322576323,0.009179468140107994,0.9953996844784974,0.9979174353084038,0.007862663069780054,0.010245125877903067,124,14,dual-fidelity: 3D FDTD coupler/mode/bend + CMT Eqs 2-7,
10.291437709962034,403.43689345571283,333.3304652730328,2.1700124112169012,2.2415664926457537,4.3998647258438375,1546.7489121729484,7.847632015226509,0.0954075767295592,16212.013397608225,0.5167405483566054,0.03520106607094178,0.9822417899524832,0.9978060471804153,0.010106972590369873,0.008970394554084757,100,13,dual-fidelity: 3D FDTD coupler/mode/bend + CMT Eqs 2-7,
9.50328145811386,489.60394130374937,220.32581753569167,1.7027247546974575,2.4294660189078305,4.233622059352581,1548.878524860649,8.938689284616657,0.08731971828874473,17738.015596189744,0.6634328590302753,0.02790912288094424,0.985946690809932,0.9977559525905855,0.011308328261349036,0.008205122631811054,99,11,dual-fidelity: 3D FDTD coupler/mode/bend + CMT Eqs 2-7,
10.11187877038813,481.34942376852575,165.45268538137685,2.4976208716066393,2.416568638129703,4.24751746204545,1547.7342921894908,8.196237714526433,0.32889357400974445,4705.881824689085,0.15532091064139283,0.11588612433978648,0.9402732983873431,0.9977830191094608,0.010368922056343316,0.008908906481968631,107,12,dual-fidelity: 3D FDTD coupler/mode/bend + CMT Eqs 2-7,
11.017845048581874,493.5254796157219,233.77376896616306,0.7134042490094061,2.4348781700819426,4.227742353023005,1549.8541504694574,8.010054045980496,0.041550193912473,37300.7681681169,1.2074629979951568,0.014026235099867309,0.9929621165483267,0.9978955710165841,0.009113082004111499,0.009185016181126476,111,13,dual-fidelity: 3D FDTD coupler/mode/bend + CMT Eqs 2-7,
8.893731750172158,426.8252730199808,158.42106242262645,0.45818224050775236,2.296074505922869,4.360100315592921,1552.5107076447746,9.684546891038053,0.4441913001458471,3495.139835325497,0.13910095038433282,0.13138946932306148,0.9319927739403018,0.9977324366318823,0.01233451693287433,0.007383652788160194,84,10,dual-fidelity: 3D FDTD coupler/mode/bend + CMT Eqs 2-7,
8.388892757413995,413.50439533404773,232.36911538239556,0.8514069990532361,2.27170253997946,4.3782151438962025,1545.0922840845353,9.969008463334148,0.22301081747755774,6928.328865661518,0.2959804431310453,0.06531343534638327,0.9667918931464086,0.9976623776078527,0.013254567468231278,0.0070735316229493935,80,10,dual-fidelity: 3D FDTD coupler/mode/bend + CMT Eqs 2-7,
13.827086705464415,451.3470608645974,254.0234348867932,2.3917183619318103,2.3533306608659066,4.310782778342699,1551.8706318141876,6.076248741164363,0.11827729037097344,13120.613660887804,0.3009544344851969,0.057172201967267085,0.9709932018468167,0.9979272093844921,0.0061067096287133965,0.011916006017855656,139,16,dual-fidelity: 3D FDTD coupler/mode/bend + CMT Eqs 2-7,
14.342918424461574,471.4824819432144,244.92846347369482,2.94756478522174,2.3929648694865966,4.272304430430598,1552.4253504371343,5.858148024682123,0.10687876352882342,14525.105822528261,0.32381509800803854,0.053556913878209475,0.9728530650215327,0.9979119206192067,0.0056739243210331665,0.012481864704022459,148,17,dual-fidelity: 3D FDTD coupler/mode/bend + CMT Eqs 2-7,
7.718525740465144,465.47265702978734,216.73833335920943,2.723618171405013,2.3846158036947007,4.280618027138947,1549.8325985259623,10.348265122736848,0.2315847096746724,6692.292425968665,0.3146430004681985,0.06520467043806427,0.966848141934366,0.9975167624808572,0.014583210784092079,0.007012741302890449,83,9,dual-fidelity: 3D FDTD coupler/mode/bend + CMT Eqs 2-7,
12.344497603080917,416.7294971803476,321.98601367370463,1.6905566306947106,2.2760659131857506,4.375233393191349,1548.1815494652878,6.744267415555441,0.06810455591419629,22732.42265048779,0.5912355927082334,0.029098805107716955,0.985343186353,0.9979222355674706,0.007543303215612752,0.010522704299325539,119,15,dual-fidelity: 3D FDTD coupler/mode/bend + CMT Eqs 2-7,
8.402177888047323,491.3252009871048,321.43698538075625,1.939655278100488,2.4323874332412116,4.23042180494555,1548.8500614005918,9.957404584323058,0.02357693311364673,65693.4493530073,3.3542524968688143,0.005018369666130352,0.9974876592388848,0.9976315120950581,0.01322949820047141,0.007367327657389586,89,10,dual-fidelity: 3D FDTD coupler/mode/bend + CMT Eqs 2-7,
10.511794429173602,479.5759246928786,326.3278378877165,1.3554709332707466,2.41130831864792,4.25317093770272,1549.5133549937866,8.176999536725816,0.01947523161520498,79563.28251233883,2.9676574779255063,0.005281378541180796,0.9973558148719138,0.9978455920924787,0.009794531738963816,0.00893860424288225,107,13,dual-fidelity: 3D FDTD coupler/mode/bend + CMT Eqs 2-7,
5.9853251546057145,456.76079399775847,302.75181457671715,1.743744657872308,2.371134606216866,4.293763544139867,1546.6721490808825,13.46523034519987,0.059498738540722275,25995.041021286615,1.9436984656078877,0.01096225500057348,0.9945037682178115,0.9972394363656482,0.018668836902616608,0.005342271530161233,63,7,dual-fidelity: 3D FDTD coupler/mode/bend + CMT Eqs 2-7,
14.116861532278884,462.4727195669854,331.3738219338299,1.798683534894594,2.3812704746192828,4.28388191336515,1547.762487382914,6.040456085008827,0.024131809001123574,64137.85586115199,1.5591608783043696,0.010402100579105643,0.99478535344108,0.9979461123946626,0.005859677583124723,0.011998509124276035,142,17,dual-fidelity: 3D FDTD coupler/mode/bend + CMT Eqs 2-7,
9.646970353711627,405.7630727158659,286.15280054747586,2.15171053353054,2.244016195298952,4.398531710797526,1549.7348550976649,8.374172672269196,0.19027794565054063,8144.584753631229,0.2793015717859073,0.06648071515464232,0.9661880173368731,0.9977553886988783,0.011079133762728021,0.008439226048798874,94,12,dual-fidelity: 3D FDTD coupler/mode/bend + CMT Eqs 2-7,
10.750699966526453,482.6502068147211,270.47140031533183,0.6903984831701799,2.411813026313799,4.252831752758456,1553.6907863973956,8.201530791143796,0.029747575746261933,52229.1564075648,1.7975630231278137,0.009184828395959611,0.9953969919605145,0.9978807021992717,0.009466693598600922,0.008960826814929008,107,12,dual-fidelity: 3D FDTD coupler/mode/bend + CMT Eqs 2-7,
13.350011703626665,427.93864835152704,264.222044106692,0.9032741752603333,2.2998697600855813,4.356994789723614,1551.7265772405194,6.4282433715638945,0.09432942435946014,16450.080001838785,0.39360110089559985,0.04295534562981915,0.9782865911225508,0.99796708640262,0.006536306818436083,0.011139328945865024,127,16,dual-fidelity: 3D FDTD coupler/mode/bend + CMT Eqs 2-7,
8.102085485121924,436.7539068608927,239.18376919991522,2.35495258333368,2.3185432818745095,4.341707790287883,1553.6142212058026,9.945228561868362,0.24550987568191726,6328.112940021468,0.27728949426608496,0.07197900020457097,0.9633384658547738,0.9975808763128986,0.013807512782145677,0.007230185253758795,83,10,dual-fidelity: 3D FDTD coupler/mode/bend + CMT Eqs 2-7,
13.145227993667172,432.8505685466465,203.9185275224274,0.3312954979461259,2.3114658295120996,4.347529247160118,1551.9721117453196,6.6318108427378775,0.1691818997207147,9173.393337628395,0.22282878342867848,0.0748589389992551,0.9618425344102562,0.9979811532405577,0.006729860461733732,0.010823344270079591,124,16,dual-fidelity: 3D FDTD coupler/mode/bend + CMT Eqs 2-7,
9.164478372966956,417.61633869589673,334.37826857934755,2.6753244670016834,2.2711100066145016,4.379474702239852,1553.5568681503123,8.717565163607787,0.08780745623359039,17692.76704722492,0.661083113979435,0.028768359064537286,0.9855108527740639,0.9976944412332378,0.011867690486206109,0.008181259423349277,92,12,dual-fidelity: 3D FDTD coupler/mode/bend + CMT Eqs 2-7,
10.002069950210403,421.0152163132776,155.60103515727582,2.3943812639508386,2.2880905390625923,4.3659792139731906,1547.5184943194927,8.076189542340671,1.2665904053002137,1221.7986871238709,0.04103312917259946,0.380505507974051,0.7870797240597353,0.9977776208271314,0.01053245094025728,0.008792370792458,100,13,dual-fidelity: 3D FDTD coupler/mode/bend + CMT Eqs 2-7,
7.051101009929276,492.168565205737,243.31966767319813,0.005195744685538347,2.43922093397425,4.222650218101472,1544.1580727336918,12.663315860617558,0.03109038856278058,49666.73445124642,3.445180677878051,0.005142054971711058,0.99742565889809,0.997493432401776,0.016038311868850297,0.00576078954807172,70,8,dual-fidelity: 3D FDTD coupler/mode/bend + CMT Eqs 2-7,
6.193937006018073,427.8061194645793,306.53107182269764,0.7153289946543557,2.303290741242856,4.354018834032322,1548.898223437989,13.56080632187036,0.059570289184926656,26001.18691097296,1.898297748167964,0.010953165108035113,0.9945083382717135,0.9973133550773637,0.018122024637796653,0.005245280557285261,60,7,dual-fidelity: 3D FDTD coupler/mode/bend + CMT Eqs 2-7,
12.797037003695465,410.9830200026227,330.7609628940363,0.2938261639663856,2.258178430511464,4.388573061889398,1549.9870206381574,6.735273710883348,0.03774345082115859,41066.38335701013,1.0662021790451506,0.015396623268941182,0.9922718260290669,0.997975615741415,0.007072205334439285,0.01052919493664813,118,15,dual-fidelity: 3D FDTD coupler/mode/bend + CMT Eqs 2-7,
14.070507064769908,425.4597120391492,209.03317582159957,0.945956011581931,2.2979569041741543,4.358284599352709,1548.5402580192147,6.074092517225608,0.23846453421314345,6493.7969209086,0.14501220978586343,0.11375792584389106,0.9414043096120333,0.9979714738387114,0.005898512446852534,0.011738936986022054,134,17,dual-fidelity: 3D FDTD coupler/mode/bend + CMT Eqs 2-7,
12.01808078838589,448.4824537753421,276.4376023596979,0.1702058648681414,2.349739101420261,4.313999575333755,1549.851957424318,7.313433476146656,0.03814877831044342,40626.51613144943,1.162463059563389,0.014179779253133367,0.9928847973188363,0.9979570188019693,0.007902469160109917,0.009860791246776569,115,13,dual-fidelity: 3D FDTD coupler/mode/bend + CMT Eqs 2-7,
10.47086714816298,462.18599445953106,333.0644582771091,2.3345565783719073,2.377005881636605,4.2881769547817274,1550.7654991447505,7.927823521340088,0.032099693753035966,48310.912592369525,1.647367819588851,0.010426142109430147,0.994773269589895,0.9978136070206871,0.009851822544305775,0.009159736530816415,108,13,dual-fidelity: 3D FDTD coupler/mode/bend + CMT Eqs 2-7,
7.017647436115844,469.87237926365435,176.20709622277218,1.2772062071839614,2.3926613899281213,4.272526861471221,1550.165160224279,11.985140208007579,0.23862017213593095,6496.370974626659,0.36448613530384005,0.05786001845053397,0.9706389553018496,0.9974497895563695,0.01611495232125954,0.006064186917871875,72,9,dual-fidelity: 3D FDTD coupler/mode/bend + CMT Eqs 2-7,
11.075700429501,409.65674844067576,185.14939305001406,2.754672626740689,2.252154091007524,4.393066751861737,1551.713991445855,7.2705804693428036,1.0642032585664087,1458.0992671796303,0.04255583241430881,0.3611752299000198,0.7992651438039696,0.9978377658389694,0.009038257942098862,0.009763003049649813,109,14,dual-fidelity: 3D FDTD coupler/mode/bend + CMT Eqs 2-7,
10.812281506567707,476.7621681985776,284.8329748417839,0.887360775196803,2.4037860297986247,4.261139674122759,1551.561304384812,8.071973976592062,0.029152633983608543,53221.99377446299,1.8081069809547323,0.00913507294471879,0.9954219844142891,0.9978785424332638,0.009383982084002034,0.00906233768044142,108,12,dual-fidelity: 3D FDTD coupler/mode/bend + CMT Eqs 2-7,
8.769956942243322,487.44288326379444,183.40118444550953,1.3438840670705192,2.419927042850457,4.244219766773795,1553.8898106391966,9.797098089044312,0.14665216025630443,10595.751251965594,0.43987153344025776,0.043507466838740606,0.9780043625471511,0.9976923863682036,0.012554005248384997,0.007512834255971446,90,10,dual-fidelity: 3D FDTD coupler/mode/bend + CMT Eqs 2-7,
6.187920019262915,401.3481085357513,348.43801185271104,0.7617328739847748,2.2280638540617597,4.409649369518844,1552.0890219615744,13.426016767556803,0.05684348591199024,27304.606623961212,1.9806022294142165,0.01045928347340441,0.9947566117028807,0.9973107492031311,0.018137569728616135,0.0052524308063506145,58,7,dual-fidelity: 3D FDTD coupler/mode/bend + CMT Eqs 2-7,
7.316047653462411,417.325292419937,160.12569135831873,2.3214334907385727,2.2709040182140767,4.3795855387433456,1553.1433778050412,10.822028608754408,1.3690511221750017,1134.467042645985,0.05734347402185278,0.32133288119277964,0.8238125507706352,0.9974676637748074,0.01544406669010165,0.0065794235135639215,74,10,dual-fidelity: 3D FDTD coupler/mode/bend + CMT Eqs 2-7,
5.798045041726034,406.1589951213085,250.50411658503882,1.0024145567465519,2.251395070311724,4.392880004504725,1545.2217097971966,14.037549025039652,0.23460227195022967,6586.559017318518,0.4768266533687483,0.04812561338311417,0.9756405007055037,0.9972211563249538,0.019173775170500718,0.004996552668904105,56,7,dual-fidelity: 3D FDTD coupler/mode/bend + CMT Eqs 2-7,
10.82357747581432,422.83095980454846,259.8034025656928,0.4607644696790971,2.2914367266885556,4.363442104534871,1548.4736810433076,7.939557591341099,0.09446962785653709,16391.232993897695,0.5069918853093756,0.034503289013857144,0.9825969219299147,0.9978919589758714,0.009368888844433765,0.008960649347846905,102,13,dual-fidelity: 3D FDTD coupler/mode/bend + CMT Eqs 2-7,
6.555966455967509,479.00766530322744,212.950824882599,0.22581055426109142,2.4138649889642747,4.250364359718705,1546.5065993039532,13.42223037722988,0.06579279283398498,23505.714420821972,1.6214247227239167,0.012611637844604257,0.9936741730342978,0.9973986437493901,0.017210816794266254,0.00541371651847253,65,7,dual-fidelity: 3D FDTD coupler/mode/bend + CMT Eqs 2-7,
11.60245426861782,490.0902212002554,338.9063537188613,2.402398312586035,2.430928411844493,4.231995067103496,1548.3253914161953,7.264077726833648,0.017824140732943906,86866.76202878408,2.8182372407809417,0.005537456638960603,0.9972274281030579,0.9978739465677342,0.00838465221854956,0.010101671685686703,122,13,dual-fidelity: 3D FDTD coupler/mode/bend + CMT Eqs 2-7,
9.108146247271975,408.75361718895374,301.9421140584984,1.1766118186571224,2.2574958296120906,4.388644843732994,1546.0315998380927,9.09750279445575,0.0974075590934914,15871.782582645537,0.6097439274628871,0.030722982989386336,0.9845186727587312,0.9977334988553751,0.011963341140235919,0.007745581260796133,87,11,dual-fidelity: 3D FDTD coupler/mode/bend + CMT Eqs 2-7,
14.700923951086095,470.71972793947117,158.34679382547566,2.885177596818934,2.397188134135773,4.267830842042491,1547.747429575731,5.703164586621369,0.4497406788595809,3441.42191784918,0.07452833299003495,0.2162771228366207,0.8852812418454258,0.9979126100632202,0.005391720068566394,0.012758067993458645,152,17,dual-fidelity: 3D FDTD coupler/mode/bend + CMT Eqs 2-7,
8.287452716498825,466.6864961903944,245.21124032637925,0.9227938566055288,2.3864561165057894,4.278791804791696,1550.2530738423513,10.36347694809956,0.06893373932716139,22489.03206142363,1.0444585989914061,0.01826381723755145,0.9908260103380656,0.997647595817321,0.013447559332182633,0.007009234551210064,83,9,dual-fidelity: 3D FDTD coupler/mode/bend + CMT Eqs 2-7,
10.32775310525454,476.21533289494914,180.72016093946843,1.7128946495666708,2.4047919891425127,4.260026669666538,1549.8878894867287,8.220316738242218,0.20884494839191972,7421.237149477034,0.24179805167722196,0.07435862647973672,0.9621025795206368,0.9978222858619552,0.0100548039046143,0.008881206862612113,106,12,dual-fidelity: 3D FDTD coupler/mode/bend + CMT Eqs 2-7,
6.608380584297503,469.23607496596435,330.84341894516564,0.46736719683453387,2.399483097290405,4.265390501861904,1543.5370940741695,13.07005716166691,0.021859645617674697,70611.25880403738,5.994766835075296,0.002614289586805969,0.9986919997743018,0.9974012220841184,0.017082745957130052,0.005519333844073139,66,8,dual-fidelity: 3D FDTD coupler/mode/bend + CMT Eqs 2-7,
9.610826044107338,464.2149002879948,188.6303238491878,0.6803170165596023,2.383181424228654,4.282020761839485,1548.9985632109615,9.03375067284378,0.14728568086205782,10516.96644334146,0.3843756894119835,0.047601236409609254,0.9759091984351775,0.9977961541639051,0.011136345608067803,0.008027140553030734,95,11,dual-fidelity: 3D FDTD coupler/mode/bend + CMT Eqs 2-7,
13.5294946401135,433.5132576460517,189.33883995425228,2.635143250856479,2.316653307340131,4.343012422022287,1549.2165690373922,6.102230653724746,0.5344482433162621,2898.7214167352713,0.06709338378036248,0.23700197535485826,0.8734975813619301,0.9979174721145884,0.006371249489112779,0.011736219096945078,135,17,dual-fidelity: 3D FDTD coupler/mode/bend + CMT Eqs 2-7,
13.392400331162992,423.3871706741489,275.8438323290962,0.6601844656231168,2.288082124996066,4.366366286437016,1552.0333793215207,6.4334046157905505,0.0776959185357865,19975.738862095553,0.47868281625811887,0.03515084864212616,0.9822673522813806,0.9979748927636276,0.00649694346737873,0.011110749249583956,126,16,dual-fidelity: 3D FDTD coupler/mode/bend + CMT Eqs 2-7,
9.862716250342537,430.8558777251519,193.22466437224966,1.5794176271097822,2.3089192279582376,4.349515433677601,1550.263333527015,8.447255008491311,0.3972408784827256,3902.577548031552,0.13206079096271006,0.13464916318076936,0.930242353808528,0.9977907705395833,0.010743696955801366,0.008466654181342908,97,12,dual-fidelity: 3D FDTD coupler/mode/bend + CMT Eqs 2-7,
10.572552290721832,432.3179494056141,273.4501294276602,1.8171364353718553,2.3174965366997373,4.342138835448466,1546.400948158058,7.8288230310390645,0.11504357931543409,13441.870961942463,0.4193799809123031,0.04285926369510816,0.9783356971433128,0.9978358014229526,0.009710095531990991,0.009108265150815352,105,13,dual-fidelity: 3D FDTD coupler/mode/bend + CMT Eqs 2-7,
9.06882156099094,432.9761661470638,288.89942501260396,1.9544841692331207,2.315340818625593,4.344114900469936,1549.244276380587,9.031846380105435,0.1003334688725176,15440.951995281222,0.5941703314999224,0.03191753847484071,0.9839118159292322,0.9977062346792537,0.012030570112426791,0.007915707114109334,91,11,dual-fidelity: 3D FDTD coupler/mode/bend + CMT Eqs 2-7,
10.074173556506855,406.26048981624524,215.04262172371,1.4282605387489584,2.2471201224084596,4.396233393312007,1548.5096786887616,8.20953514259918,0.4265852906165576,3630.0118938715636,0.11835727972409688,0.1478525523145997,0.9231183281060995,0.9978120790886277,0.010424784969269045,0.008600074645463458,96,13,dual-fidelity: 3D FDTD coupler/mode/bend + CMT Eqs 2-7,
9.217532749465207,481.2263476782298,178.664405629491,1.174430728502162,2.4154008334118844,4.248791451931586,1548.5373147406062,9.322104337327119,0.1614148879136599,9593.522225588707,0.3701583034847483,0.05055337437305083,0.9743955180659182,0.9977445555661771,0.011778304787713448,0.0078343626135958,94,11,dual-fidelity: 3D FDTD coupler/mode/bend + CMT Eqs 2-7,
6.018114697661258,450.6204767741417,316.8078747428742,1.7138344910032992,2.3603209623841472,4.304020804729444,1545.0960303696559,13.35840635322188,0.05409303439060885,28563.67825869095,2.1377590288870976,0.009829777297762323,0.9950729735563305,0.9972472460784898,0.018581808768445736,0.005361277847545535,63,7,dual-fidelity: 3D FDTD coupler/mode/bend + CMT Eqs 2-7,
14.600821400033743,416.6015814735052,228.12958986515216,1.6120853293412212,2.271094140720603,4.379285494288092,1551.5957851549845,5.771597585924383,0.27293898932885885,5684.771490398893,0.12155001080429145,0.13567033537187326,0.9296933175128919,0.9979511337603361,0.005469183194773882,0.012345298829776604,139,18,dual-fidelity: 3D FDTD coupler/mode/bend + CMT Eqs 2-7,
10.54526067262362,485.5013371253137,333.58123843519843,0.7547628752571083,2.4225743253395784,4.2411039915818005,1548.7872516268567,8.31198931280096,0.013749567430375814,112642.61653826619,4.62451089743421,0.0030343724199144843,0.9984816611135557,0.9978657479088993,0.009747932720706804,0.008809755846985817,106,11,dual-fidelity: 3D FDTD coupler/mode/bend + CMT Eqs 2-7,
6.691244609554728,456.47159486894736,181.24244142987223,2.032851650511659,2.360429268375618,4.304294403654644,1554.782155431316,12.106491327134563,0.4062820792032456,3826.853890480177,0.22149929290496057,0.09702447709439804,0.9502502422549557,0.9973697386359384,0.016882214097474195,0.005994044305407886,70,8,dual-fidelity: 3D FDTD coupler/mode/bend + CMT Eqs 2-7,
13.3202002146011,431.1116470163576,161.13973592846747,0.03368942065938643,2.3114076917637116,4.34736429460515,1548.840364975143,6.565695198777348,0.2959488670331692,5233.472864761982,0.12496650459134023,0.12967362562498072,0.9329128439329256,0.9979926642276236,0.006564133421906967,0.010888886465390803,125,15,dual-fidelity: 3D FDTD coupler/mode/bend + CMT Eqs 2-7,
12.246631434561667,414.93936371597846,266.66830384632135,1.761511213772743,2.270786378246722,4.379217666311913,1548.577725498431,6.78105351967929,0.16985429249124975,9117.095027658532,0.23432274519656213,0.07345176845681835,0.962573753820029,0.9979171291039244,0.007649240131324653,0.010461214025551512,118,15,dual-fidelity: 3D FDTD coupler/mode/bend + CMT Eqs 2-7,
13.07975549159118,433.87798421088473,159.45761643788228,0.4153094302890914,2.315934396810227,4.343692930652059,1550.427428264015,6.643825745467666,0.3556945269114956,4358.873446061751,0.10603728058713319,0.15228099471143416,0.9207165716378553,0.997977539974214,0.0067929436796814865,0.010791709030289903,124,15,dual-fidelity: 3D FDTD coupler/mode/bend + CMT Eqs 2-7,
9.545043949217987,434.0944790043292,150.1303448233077,0.3844046993042681,2.3193847461241237,4.340648219210713,1548.1788501375615,9.048537200481633,0.41688711905963444,3713.664393444834,0.13432400219603155,0.13204646760604463,0.9316402376421681,0.997799116238638,0.011241229510225353,0.007896471608573395,91,11,dual-fidelity: 3D FDTD coupler/mode/bend + CMT Eqs 2-7,
14.22969107162964,490.7603563764635,171.61097034246586,1.052847357796365,2.426664957615936,4.2369053691157585,1552.95494041375,6.2011002304041085,0.1282958993146532,12104.478387146552,0.27713511416863634,0.0608164778465925,0.9691148137106395,0.9979685417644507,0.005766216434921511,0.011896752475732884,143,16,dual-fidelity: 3D FDTD coupler/mode/bend + CMT Eqs 2-7,
11.322502942489553,480.3742387383818,319.62667823356924,0.1117617960631219,2.4115893014622984,4.252911941391548,1550.476107743284,7.889803081952323,0.01315205415607162,117888.51302954146,4.398469571579088,0.0031389019999449722,0.9984293154750892,0.9979294347365769,0.00872590835331088,0.00927743800371365,111,13,dual-fidelity: 3D FDTD coupler/mode/bend + CMT Eqs 2-7,
12.851142948291416,490.97840752095686,341.29374144903625,1.9656621901692755,2.432198405997516,4.23061178369004,1548.5137378468619,6.671726938719075,0.014457060224107223,107111.24625909126,3.170999416987949,0.0046989091947099585,0.9976477789306655,0.9979268373727191,0.007017886810643239,0.011008066801356005,133,15,dual-fidelity: 3D FDTD coupler/mode/bend + CMT Eqs 2-7,
11.02754300257005,493.87692536947327,173.79456357330048,1.9981244541180736,2.4340238559137255,4.2287605185051245,1551.0942972231983,7.734142890276416,0.18247061574328208,8500.515498919744,0.25623527246994965,0.0691542904476997,0.9648034564367503,0.9978577321824664,0.00910049661555577,0.009526964859915795,115,13,dual-fidelity: 3D FDTD coupler/mode/bend + CMT Eqs 2-7,
9.012899831199453,455.136443964599,215.25120105546102,1.9454051612439134,2.3602934280361065,4.304318535351252,1552.6761901774546,9.211713538033337,0.20613745461525376,7532.237133108364,0.29077216556306523,0.06540873645018462,0.9667426046005293,0.9977006963553869,0.012126824310922915,0.007867668915205009,92,10,dual-fidelity: 3D FDTD coupler/mode/bend + CMT Eqs 2-7,
11.625238661789096,429.6550467758876,189.67191215757927,1.1663953950738226,2.3048290605359263,4.352932183520542,1551.1565335488071,7.305733872953624,0.3451994004316114,4493.508770899826,0.1240977576003492,0.1354328835813558,0.9298210131087833,0.9979118510665753,0.00835747287515457,0.009798921540506406,112,14,dual-fidelity: 3D FDTD coupler/mode/bend + CMT Eqs 2-7,
10.781119413049852,468.4188247628781,261.1300872777096,2.4642641721095626,2.3895840901277507,4.275651918353326,1550.4197516704928,7.706929665383768,0.08523486880719283,18189.970529287133,0.5632540699025261,0.0319145257152182,0.983913346939039,0.9978295675775998,0.009425745856405755,0.009446878926581534,112,13,dual-fidelity: 3D FDTD coupler/mode/bend + CMT Eqs 2-7,
7.2985897270005005,427.6027653752066,227.21942146247392,0.26723430748050236,2.303206217482024,4.354065134438358,1548.5844116912663,11.799813508064517,0.13537275493119638,11439.409742960015,0.6224616220084231,0.03279223586040076,0.9834672155896196,0.9975262191993781,0.015482536137353228,0.006031071845601715,69,9,dual-fidelity: 3D FDTD coupler/mode/bend + CMT Eqs 2-7,
13.456678369522965,417.5830865292617,323.3576455673067,2.0217299958268646,2.275157996888685,4.376133972971308,1550.50729059833,6.181004110592994,0.07136120086849394,21727.595272053233,0.5114921579015494,0.03350898392037211,0.9831027495026284,0.9979349940101572,0.0064377047708502975,0.011517254294842632,130,16,dual-fidelity: 3D FDTD coupler/mode/bend + CMT Eqs 2-7,
12.948798893698985,411.7928695465815,329.60203538615906,0.6897778269498929,2.263461970249502,4.3845185464642835,1547.7451678246318,6.580708351140402,0.04485423156176461,34506.11266616786,0.870633725570247,0.019118606643420834,0.9903945644825497,0.9979669291221783,0.0069209010487360206,0.01075610361909363,121,15,dual-fidelity: 3D FDTD coupler/mode/bend + CMT Eqs 2-7,
13.658674579190485,474.71727454044094,169.48395195665142,0.252676748386292,2.403700705453798,4.26111842227466,1548.50950203781,6.497755133615783,0.12445595655323208,12442.228921164447,0.29656662604086775,0.05630186901548873,0.9714412648145596,0.9979898708593257,0.006255037811124244,0.011222293800677643,134,15,dual-fidelity: 3D FDTD coupler/mode/bend + CMT Eqs 2-7,
14.963690879922273,427.3117824929671,303.472306494447,0.30743362472129054,2.29702821425834,4.359354315211235,1552.700995325914,5.826446974736655,0.039832283092623426,38980.96907263294,0.858157632891978,0.019211120818795654,0.9903478576647724,0.9979877204553522,0.005193561134161656,0.012302486290555161,140,17,dual-fidelity: 3D FDTD coupler/mode/bend + CMT Eqs 2-7,
12.132872503062387,422.1552607248208,292.33078723541905,0.7665970426426494,2.2897902323276145,4.364727307917496,1548.4214704784706,7.037953855027354,0.06626446559356475,23367.297338150496,0.6291501019128131,0.02703804905504021,0.986388336784737,0.997943161794193,0.0077742516390375,0.010109616442953313,115,15,dual-fidelity: 3D FDTD coupler/mode/bend + CMT Eqs 2-7,
7.048302858949015,403.22034282701975,163.1478592437328,0.890539405360989,2.2286350050219186,4.409747522092301,1555.549136496659,11.837940599261856,0.8820502790834359,1763.5606193708995,0.0960852349120666,0.20471745908151762,0.8917861520109417,0.997466525569977,0.016044708299211643,0.005988693330700899,66,8,dual-fidelity: 3D FDTD coupler/mode/bend + CMT Eqs 2-7,
7.757536477582168,418.61579298482275,154.13395974088044,2.8269418503914823,2.2790428222770696,4.373113676027636,1549.6329710537268,10.04234030234079,1.7700226472221328,875.487651802487,0.041196134789511604,0.4142903573313438,0.7653166943616585,0.997519302372391,0.014502365998799765,0.0070714699791628,80,10,dual-fidelity: 3D FDTD coupler/mode/bend + CMT Eqs 2-7,
11.441435903693442,419.1922255333075,170.64699511896438,1.196077003600863,2.2773774376276297,4.374598074165307,1551.9766453154969,7.384066096346942,0.5937035447723321,2614.0599276877056,0.07353735431437267,0.21980710125383487,0.8832852872918042,0.9979027314882974,0.00857926610452805,0.009656506076142296,109,14,dual-fidelity: 3D FDTD coupler/mode/bend + CMT Eqs 2-7,
11.94783377635816,400.5311098547547,203.41804067545337,2.615114942373863,2.22423862955994,4.412321631826371,1553.112019716895,6.783829394285476,0.8782348538585585,1768.4472586042764,0.046805296524446205,0.32814316503721225,0.819668734894035,0.9978814442054024,0.007981972886994327,0.010439088857728089,115,15,dual-fidelity: 3D FDTD coupler/mode/bend + CMT Eqs 2-7,
5.094311661946157,438.97101658861504,240.68914288285472,2.743134413908037,2.322154056721185,4.338715703383167,1554.7971295797872,14.748527627411704,0.323274229838461,4809.530070976316,0.3903876675339283,0.06322926965784176,0.9678691700545886,0.9970030080850257,0.021196306800716855,0.004874320491605473,56,6,dual-fidelity: 3D FDTD coupler/mode/bend + CMT Eqs 2-7,
11.253896646112098,491.5376453630357,284.5729840415565,0.5589193785912399,2.434400291228014,4.228135276404179,1547.4202288747538,7.854134754800725,0.01977159284276416,78264.82373882514,2.6770289251676753,0.0057717706160824505,0.9971099384641182,0.9979126665584706,0.008811635938448312,0.009337660385631713,113,13,dual-fidelity: 3D FDTD coupler/mode/bend + CMT Eqs 2-7,
6.873252496436198,455.83174118777833,234.38518588945226,1.9216594834727574,2.368631733420945,4.296185564865431,1547.1520233274675,11.776748673571774,0.16471919822170128,9392.663636239304,0.5327398666773091,0.04024280615104003,0.9796719827824821,0.997405620182847,0.0164499780013869,0.006113800948461551,72,9,dual-fidelity: 3D FDTD coupler/mode/bend + CMT Eqs 2-7,
14.045909648679544,411.2913288516357,226.35552641442064,0.34667711210460594,2.2621057069088595,4.38550262645971,1547.7398129711764,6.121520040686846,0.18240625085348947,8485.12485580517,0.18967433294975275,0.08719453996929892,0.9554085304364311,0.9979893049373029,0.005919224094077163,0.011563032956119386,130,16,dual-fidelity: 3D FDTD coupler/mode/bend + CMT Eqs 2-7,
14.99257093690142,420.1762937923015,220.63405001797503,1.6873626051427815,2.2849125112470428,4.3685016722693035,1548.279354723241,5.607392106561974,0.2913152196683842,5314.790475024647,0.11091302340558114,0.14813244498326297,0.9229667139267467,0.9979462385617257,0.0051722311159280165,0.012684857462923393,144,17,dual-fidelity: 3D FDTD coupler/mode/bend + CMT Eqs 2-7,
5.842395783148154,433.45274440166634,156.50016115491556,2.440140841831861,2.313247081385436,4.346027927912254,1551.70886847104,13.231168696212308,1.1930813044127828,1300.5893753693244,0.0885129974391867,0.24172715120099095,0.870788636121883,0.9971879497042945,0.019052977616563774,0.005406587813518863,62,7,dual-fidelity: 3D FDTD coupler/mode/bend + CMT Eqs 2-7,
7.200720293918342,440.6508187418587,261.89426849237833,1.9331940091094173,2.3337585167712755,4.328291130752707,1548.7908913176816,11.220393620809546,0.14228508999053027,10885.124305159175,0.5763843492330125,0.03638422176924446,0.9816393320516225,0.9974606853784364,0.01569997764450552,0.006384280236109936,74,9,dual-fidelity: 3D FDTD coupler/mode/bend + CMT Eqs 2-7,
12.062624848627022,431.0928149664514,250.2968625122956,0.4935552252323819,2.3058796189799957,4.352213766886164,1553.0062352980274,7.1910830830581745,0.09295898709950404,16706.359263958817,0.4524509219607016,0.03767516560392424,0.980981566797295,0.9979489243162626,0.007852466137215802,0.009981246296499071,114,14,dual-fidelity: 3D FDTD coupler/mode/bend + CMT Eqs 2-7,
5.650783150157625,435.45064934195636,186.50633589306113,1.9231134000343957,2.3219425475831836,4.33850559150873,1548.6626546642365,13.947672323580719,0.5677171118395001,2727.8773571687943,0.19725501260946138,0.11657265448581625,0.9399081580208695,0.9971608015332789,0.019580390854475625,0.005115648780215631,59,7,dual-fidelity: 3D FDTD coupler/mode/bend + CMT Eqs 2-7,
9.245494235363992,451.28191155696777,151.15661677543883,2.603714437384989,2.3533775136667767,4.310732561901055,1551.723546827472,8.785275462856362,0.8173382858743533,1898.508333263142,0.06983251595977358,0.24922819362572016,0.8664708918216929,0.9977046259749799,0.011731466676579327,0.008228815713562937,96,12,dual-fidelity: 3D FDTD coupler/mode/bend + CMT Eqs 2-7,
10.339994318707411,459.75680543389996,270.04615148374035,2.2687996006716005,2.3689400789478676,4.296116924922432,1553.347523138306,8.048025618194515,0.08405929683075634,18479.187688969032,0.6042501515836771,0.0300222971750799,0.9848744604389537,0.9978065465025716,0.010037279606652374,0.00903574094552558,106,12,dual-fidelity: 3D FDTD coupler/mode/bend + CMT Eqs 2-7,
7.569678509121971,422.3430017096406,338.7691433749173,0.672176771145706,2.2851841664039045,4.368635889134727,1552.2128155103062,11.21182789484601,0.039028209247260054,39771.5612744717,2.2145992663084884,0.008390206952165613,0.9957960599680209,0.997556077156026,0.014895839786017821,0.006357786023014357,72,9,dual-fidelity: 3D FDTD coupler/mode/bend + CMT Eqs 2-7,
5.308326350003558,401.83733607823024,255.33475232756717,2.0350753160221067,2.234464719215319,4.4049037715212425,1548.5398607284378,14.436418684486398,0.40073300467982736,3864.268334887142,0.2992286199483902,0.08016720637075114,0.9590791383557714,0.9970771571464939,0.020559629392720075,0.004865035338813105,54,7,dual-fidelity: 3D FDTD coupler/mode/bend + CMT Eqs 2-7,
12.915877414035359,494.2240356947693,222.5538641749344,2.7962826244412575,2.4334156894433634,4.229497580389136,1552.1151276999612,6.54526373826593,0.0987623985714695,15715.64836567605,0.39477933954790095,0.04414143034450718,0.9776801980481618,0.9979033544256366,0.006953445907716554,0.01127690413799068,136,16,dual-fidelity: 3D FDTD coupler/mode/bend + CMT Eqs 2-7,
10.124997903506866,430.1243906852287,297.0300539617198,0.8310035141671355,2.3054675344650546,4.352439369413679,1551.53794052984,8.435961949182683,0.05738165430136392,27038.91965855995,0.9337812718819637,0.01892603378019944,0.9904917799859828,0.9978337914137938,0.010349555422421365,0.008486301861813456,97,12,dual-fidelity: 3D FDTD coupler/mode/bend + CMT Eqs 2-7,
10.637760543344061,415.0713107586437,162.1499133826536,2.2432113860035208,2.2647856057800526,4.384125265080446,1553.2388250793806,7.684541607030042,1.190754390197611,1304.4157870554764,0.04055615516132238,0.37715683993744414,0.7892041307941539,0.9978272737747141,0.009620284204297076,0.009272307657501356,104,13,dual-fidelity: 3D FDTD coupler/mode/bend + CMT Eqs 2-7,
7.374175552584607,493.2006477476854,199.00194438258146,0.8774196803059131,2.4407158038987484,4.22098869155437,1544.3356545800523,11.682411063623476,0.0869272605309332,17765.838301443975,0.9814758710256128,0.020543935666685456,0.9896747265305478,0.997519958116189,0.01531666648721352,0.006251459609872664,76,8,dual-fidelity: 3D FDTD coupler/mode/bend + CMT Eqs 2-7,
5.873609727897353,413.9140029456298,268.4134133083093,1.2353884181180113,2.2742889443023957,4.376196176430188,1543.9973220069294,13.735277631569488,0.17277781603976547,8936.31692654092,0.6368644599515261,0.03579999220323783,0.9819368654841115,0.9972306927202125,0.018968417167775448,0.005118848173226809,58,7,dual-fidelity: 3D FDTD coupler/mode/bend + CMT Eqs 2-7,
9.154714582710575,462.21671629453385,298.93935958467307,1.639680572872559,2.3748295322924,4.290376926910591,1552.580028350176,9.198307548831735,0.04426756815871174,35072.629758737545,1.4257750312065705,0.012689994010463357,0.993634744757618,0.9977243888488935,0.011884214216851763,0.007904016809423138,93,11,dual-fidelity: 3D FDTD coupler/mode/bend + CMT Eqs 2-7,
11.88014378898488,417.9014953303279,269.81877863784695,0.3186046549655158,2.2808502816589233,4.371499519205512,1546.9169262029516,7.243908555093412,0.08185829437407147,18897.497657768643,0.5199484744962133,0.032760399076745585,0.9834834014477593,0.9979475073547246,0.008059339262086046,0.009786706047568015,111,14,dual-fidelity: 3D FDTD coupler/mode/bend + CMT Eqs 2-7,
6.537308694992772,478.26791499259326,278.690543431759,0.7183176678763139,2.407517248352312,4.257208692697071,1550.7240742613672,13.200560518553175,0.03674881642434391,42197.932481822856,3.121498761706756,0.006047344547948538,0.9969717425544474,0.9973804281924382,0.017256637288391947,0.005526528445961714,66,7,dual-fidelity: 3D FDTD coupler/mode/bend + CMT Eqs 2-7,
12.174944971806429,438.73633297200837,233.3183353954734,2.3437524775280534,2.3284859334134755,4.332929299054671,1549.4917338902835,6.801613337038589,0.21916341243401705,7070.0292383738315,0.1834532041327132,0.09397446727713095,0.9518537349419127,0.9978974407727663,0.007727781214299483,0.010554042241291934,122,15,dual-fidelity: 3D FDTD coupler/mode/bend + CMT Eqs 2-7,
14.586664500735218,460.26693230030537,331.97455480762164,1.028433863369913,2.377574962817341,4.287508941302634,1547.2000351768256,5.940384875091013,0.019207824975024036,80550.50674340547,1.9466824353440821,0.008061600664891781,0.9959610430810576,0.9979686285358175,0.0054802277961655205,0.012181985893807264,144,17,dual-fidelity: 3D FDTD coupler/mode/bend + CMT Eqs 2-7,
7.021494791210786,457.35537176614196,313.3544264426895,1.131721976699933,2.370245740960419,4.294668656964749,1548.364594643697,11.96338045799007,0.03761254311378438,41166.17666504573,2.610493119365644,0.007242677129187697,0.996372080535586,0.9974547867602004,0.016106119620062746,0.006029503591796551,71,9,dual-fidelity: 3D FDTD coupler/mode/bend + CMT Eqs 2-7,
13.51446018874183,497.29788439885766,268.33672770853264,0.008468995766635977,2.4428330381237506,4.21883531315606,1548.2966690355775,6.668642855505141,0.016589022307458307,93332.60516139485,2.5866789463594038,0.005766724078993481,0.9971124690429894,0.997995778236704,0.006384914147967351,0.011041003438906922,134,15,dual-fidelity: 3D FDTD coupler/mode/bend + CMT Eqs 2-7,
5.053441271390172,474.372496895937,274.98701064415803,0.809835195032407,2.407351447993579,4.257216143927936,1544.935306951923,16.660829190846925,0.048830460519911946,31638.761758593973,3.3948897657343267,0.006157900100020565,0.9969162953327523,0.9970503268589548,0.02132011675937888,0.004338279183830601,52,6,dual-fidelity: 3D FDTD coupler/mode/bend + CMT Eqs 2-7,
14.214182727020413,486.1978276544296,283.03024157737275,2.210533808642228,2.418909150430308,4.245250217154938,1552.9299273874117,6.042670458692328,0.03564578436018928,43565.59843642519,1.031115386911164,0.016274876953934612,0.9918291803763718,0.9979339487099297,0.005778973702042229,0.012185083518564448,146,16,dual-fidelity: 3D FDTD coupler/mode/bend + CMT Eqs 2-7,
13.313934336648046,454.1555311971989,293.9114296957536,2.31878460857292,2.365376649094936,4.2992919385902155,1546.9823620524583,6.284547350586308,0.058950069795106246,26242.24818442677,0.6372963362009542,0.026925993593509102,0.9864451360346863,0.9979243170553714,0.006569997159482943,0.011477893156850463,135,16,dual-fidelity: 3D FDTD coupler/mode/bend + CMT Eqs 2-7,
6.001972477497878,451.8106947515247,161.79779666652314,1.0164641874729086,2.3490613374807716,4.314938718797956,1556.035208166151,14.019035383506207,0.3907689617489892,3981.982604763967,0.2783632542362059,0.08071462401565827,0.9587937087738644,0.9972646642407565,0.018624601710076183,0.005166776375755377,60,8,dual-fidelity: 3D FDTD coupler/mode/bend + CMT Eqs 2-7,
7.340960958112046,409.04505063872,184.16999208435035,1.3253916286421725,2.254498095432939,4.391073310712892,1548.7894269295195,11.134744824682912,0.6905645667165237,2242.7872809832375,0.11361431564843427,0.1735372420205021,0.9090999713890094,0.9975013524029122,0.01538933440148364,0.006340802167683482,71,9,dual-fidelity: 3D FDTD coupler/mode/bend + CMT Eqs 2-7,
9.88340013755763,478.9275183177753,290.480114638284,2.8201405548602625,2.406532975891651,4.258319155204402,1552.5464586302867,8.321936106254498,0.05171215962731726,30022.85090816715,1.0669191104745332,0.017046970932379044,0.991439876678168,0.9977554054952343,0.010712076558956974,0.008806137033069912,105,12,dual-fidelity: 3D FDTD coupler/mode/bend + CMT Eqs 2-7,
6.775059363963383,478.56997280878574,272.10455341800485,2.0179210011190003,2.402682528372972,4.262466031601885,1555.2295524126243,12.103305034161849,0.0646198224833185,24067.375808933924,1.4837608102732625,0.013956392039564653,0.9929972849713313,0.9973853389576113,0.016681776036754744,0.006058623408911086,72,8,dual-fidelity: 3D FDTD coupler/mode/bend + CMT Eqs 2-7,
13.567755841073254,481.89540367506595,344.12955750128697,0.8708657719568709,2.418469728914482,4.245456091958456,1546.9395868023526,6.458961940091513,0.011558659391695796,133833.82400849496,3.910435722151303,0.003566222680460378,0.9982152960757211,0.997970564341816,0.006336606043171745,0.01130875924047288,136,15,dual-fidelity: 3D FDTD coupler/mode/bend + CMT Eqs 2-7,
11.519815621971249,493.7560821486794,198.27119811971002,1.8491687876724772,2.439199486834128,4.222773567821962,1546.4417794284316,7.416896096515529,0.11296563399850379,13689.488782481529,0.39436418982488464,0.044529083693444625,0.9774819263324286,0.9978868156921351,0.008483975077864761,0.009890331598255236,120,14,dual-fidelity: 3D FDTD coupler/mode/bend + CMT Eqs 2-7,
10.802233515641113,444.91894802843404,306.25765883581613,2.5376916069115656,2.339709525488618,4.323160834246548,1551.6064084398745,7.604533168745547,0.06886201494800802,22532.108733840614,0.693279276370812,0.025823816492721467,0.9870036390547294,0.997828646265098,0.009397428255767814,0.009483216356122894,110,13,dual-fidelity: 3D FDTD coupler/mode/bend + CMT Eqs 2-7,
14.425249775559957,468.8396594042512,272.5508867922381,2.8138723445470597,2.387420098825687,4.277925024971643,1552.8596906139305,5.838555533813633,0.06942546053275986,22367.29405462397,0.5007974085552975,0.034546430717910165,0.9825749687846164,0.9979157912717621,0.005607744604154629,0.01251435407706745,148,17,dual-fidelity: 3D FDTD coupler/mode/bend + CMT Eqs 2-7,
10.74776409679124,475.7545105598267,316.71721393618907,0.02946999905601852,2.4056073646555767,4.259129276958068,1548.5039734541915,8.295386627719608,0.014312184086713968,108194.8054938499,4.28483415594536,0.003290568135898496,0.9983533602207695,0.9979002648326422,0.009470654985331273,0.008786587349293395,105,12,dual-fidelity: 3D FDTD coupler/mode/bend + CMT Eqs 2-7,
13.251755844573164,445.6074313331263,181.75973033618945,1.1252112812532984,2.3409629786993245,4.322049540849488,1551.8163771565144,6.494191161462368,0.27293956185139356,5685.567774163228,0.13628862556073548,0.121350323991679,0.937363150549626,0.9979590886045154,0.006628469721687819,0.01111677582332979,129,16,dual-fidelity: 3D FDTD coupler/mode/bend + CMT Eqs 2-7,
9.409821390408247,452.5075037527293,236.60961424198382,2.606963844410952,2.3594277729897946,4.304979673961532,1548.9782774801256,8.624995640515863,0.19086644846331616,8115.508461288489,0.2914518979869809,0.0647196611744221,0.9670989291823138,0.9977202999124866,0.011459942859652936,0.008363885294988493,98,11,dual-fidelity: 3D FDTD coupler/mode/bend + CMT Eqs 2-7,
5.592369807032233,413.102979842743,228.81881955623643,1.7790878695164116,2.2731850009930703,4.3769513817367915,1543.2163057659293,13.958213182396776,0.4212257117030993,3663.6327339240497,0.2677054929723308,0.08715698967975191,0.955428181665293,0.9971517886209001,0.019744058751127874,0.005030489300576024,57,7,dual-fidelity: 3D FDTD coupler/mode/bend + CMT Eqs 2-7,
6.804496764943024,463.59218438601147,216.23004216043898,0.39115851523257295,2.3827884736560683,4.282391790410335,1548.3228315692838,12.776024775677797,0.08979454808765258,17242.94920508865,1.079647513807049,0.019187392875673275,0.9903598371926876,0.9974391655730902,0.016611944363535466,0.005659710046471804,67,7,dual-fidelity: 3D FDTD coupler/mode/bend + CMT Eqs 2-7,
14.973852632558117,418.05827463901414,240.48563160469578,0.08353926066274166,2.273434840027845,4.377645251556434,1552.699479039934,5.825606967736121,0.11169815777059698,13900.851276605934,0.29552076756644974,0.05637720294511369,0.97140248973064,0.997994318755263,0.005186045930588799,0.012252574018631312,138,17,dual-fidelity: 3D FDTD coupler/mode/bend + CMT Eqs 2-7,
8.462602299734339,405.29249826926485,194.25404384659123,0.10245306473212543,2.2392044676404064,4.4021520807560925,1552.234117912355,10.199447327770258,0.30822102867668255,5036.107122790173,0.21533401094300217,0.08794272291848364,0.9550168988460447,0.9976937366684626,0.013116073232944456,0.0069390105927557,77,10,dual-fidelity: 3D FDTD coupler/mode/bend + CMT Eqs 2-7,
8.335275313224354,436.4490169633943,338.5375571454156,1.2660916242488232,2.318997880896281,4.341260722831148,1552.7179108066696,10.063050818407419,0.03735394252691664,41567.711619404196,1.9748982785122726,0.00919959827805714,0.9953895728416803,0.9976433473925639,0.013356228180677977,0.007137554141619933,82,10,dual-fidelity: 3D FDTD coupler/mode/bend + CMT Eqs 2-7,
8.952668755254404,452.66310114466995,344.5650385227534,2.189341261223394,2.3555268197416956,4.308766486640836,1552.342339390972,9.181688454425966,0.034024916234944594,45623.69319800619,1.9363721711165274,0.009229489159761978,0.9953745580635653,0.9976870552552366,0.012231357479780297,0.007881894709715913,92,11,dual-fidelity: 3D FDTD coupler/mode/bend + CMT Eqs 2-7,
14.5453607771389,443.90574315996855,165.2531707308478,1.2923542687554626,2.3406957470542045,4.322153840344479,1549.077483831416,5.890165787111982,0.38949802120205235,3977.112589816807,0.08663547869791227,0.18481810263280588,0.9028742422769597,0.9979609038214363,0.0055125788053379905,0.01221686773580732,142,17,dual-fidelity: 3D FDTD coupler/mode/bend + CMT Eqs 2-7,
5.961404388665811,416.96217994769904,158.0296555634495,0.47927490120605665,2.267127820174626,4.382614397750392,1555.2156075805135,14.260506955827395,0.5826987910711188,2668.9871875685744,0.18873367714061215,0.11707901221191859,0.939638753877298,0.9972721070443484,0.018732583065080303,0.004993970574766296,56,7,dual-fidelity: 3D FDTD coupler/mode/bend + CMT Eqs 2-7,
8.133813393880637,464.1073329511919,269.54842119817044,0.15692122022824243,2.381574587081265,4.283652086083198,1550.1367295541252,10.85001352414065,0.03530119508941457,43911.735158760945,2.2856744446410184,0.007783304860976907,0.9961007454765924,0.9976506918432653,0.013745225873874214,0.006684612902269618,79,9,dual-fidelity: 3D FDTD coupler/mode/bend + CMT Eqs 2-7,
7.590126873800429,485.7849401712757,264.98231954185985,0.3789774144226655,2.42584393384206,4.237469134404288,1546.4157708408932,11.58194896769055,0.03064496779520913,50462.30693323331,3.0316476803270116,0.0058128685672709695,0.9970893297156124,0.9975678918178421,0.01485249745505147,0.006298256702651825,76,9,dual-fidelity: 3D FDTD coupler/mode/bend + CMT Eqs 2-7,
12.83660264052251,446.3928755522633,302.10493887642326,1.2007386879610682,2.3479304728228247,4.3155639335013625,1547.7004325716846,6.660277424146898,0.041934532249456355,36907.54014769651,0.9551548068034789,0.01750483725336392,0.9912089400054037,0.9979493792186273,0.007032443119424996,0.010797309962524263,126,15,dual-fidelity: 3D FDTD coupler/mode/bend + CMT Eqs 2-7,
8.377148775995849,416.2664953122495,334.83086011987064,0.7694397842632155,2.266551472227002,4.382938303089864,1554.282154143497,10.12103863535367,0.04581756633296717,33923.28049133292,1.570015767586973,0.011738441309999736,0.9941134536309225,0.9976633772908018,0.013276768116710297,0.00704262749760973,79,10,dual-fidelity: 3D FDTD coupler/mode/bend + CMT Eqs 2-7,
7.391572680311935,458.35536105078563,156.60940496768796,1.7590476162308466,2.3646750468141184,4.300254981514568,1554.4849824903752,11.184410435593918,0.505129928815453,3077.3963168955274,0.15622314280370742,0.1292077617181108,0.9331624929678053,0.9974963570276859,0.015278741549817948,0.006494893092265199,76,8,dual-fidelity: 3D FDTD coupler/mode/bend + CMT Eqs 2-7,
14.79884101134681,407.61149070117733,318.1021469618338,0.4465750830960813,2.2472035855847583,4.396488186627897,1551.182020303797,5.812223992493273,0.05066925466013881,30613.87089090344,0.6667109566815621,0.024968605470775104,0.9874367800164348,0.9979848510415029,0.005317009752280483,0.012204011374356507,136,18,dual-fidelity: 3D FDTD coupler/mode/bend + CMT Eqs 2-7,
13.878473098661585,498.631246606489,271.9905254986541,0.3981402187052585,2.445272991012445,4.216094659336538,1548.0389768766088,6.439037042140853,0.01804719628557687,85777.2560557667,2.2652322876352744,0.006739753981552374,0.9966244257584939,0.9979870589964339,0.006062155539757852,0.01143964883061106,139,15,dual-fidelity: 3D FDTD coupler/mode/bend + CMT Eqs 2-7,
6.918602124095301,485.35589225703825,278.91712924560113,2.3054343706959335,2.419548548031241,4.244468936066327,1551.147667430374,11.72184082335093,0.056492684220852254,27457.49629042805,1.6478836368267378,0.012374766914280607,0.9937933553237913,0.9974020765386401,0.016344014135130803,0.006250624633984763,75,9,dual-fidelity: 3D FDTD coupler/mode/bend + CMT Eqs 2-7,
10.617203636708973,468.59679564106216,246.87712277869298,2.707878845991353,2.38822156585799,4.277076613764007,1551.819374703075,7.776127073261023,0.11597100341499618,13381.098110792147,0.41765642308305534,0.043498482233825464,0.9780089558721712,0.9978120816597366,0.009648507207282263,0.009376330026113206,111,13,dual-fidelity: 3D FDTD coupler/mode/bend + CMT Eqs 2-7,
11.1334866500126,455.08913330291955,156.19724452894118,1.4722551172563443,2.3620078013796353,4.3026368575205804,1551.2277691881484,7.642349031706544,0.4196985076523968,3696.0526208801966,0.10849571562947392,0.15576186381396157,0.918824322809338,0.9978791637419918,0.008964136577744643,0.009476775096301751,111,13,dual-fidelity: 3D FDTD coupler/mode/bend + CMT Eqs 2-7,
11.495434526770058,471.86059280258314,231.4379394889453,1.8798664870674213,2.3921927424881555,4.2731429344105285,1553.651047261193,7.40663810883575,0.10233771840294015,15181.607246156436,0.43616039094952075,0.040290010025634114,0.9796478908130032,0.9978847943667327,0.008513502705061477,0.009878398178009583,117,14,dual-fidelity: 3D FDTD coupler/mode/bend + CMT Eqs 2-7,
10.994695588203971,484.24064844075576,269.39563372167083,2.923454599869461,2.419539185429426,4.2444026283078085,1549.5105104584804,7.5216780676501,0.06287494500930287,24644.323907229144,0.7535977091009872,0.023702899106340266,0.9880774771715322,0.9978282705913332,0.00914319430710643,0.009740720466939063,117,13,dual-fidelity: 3D FDTD coupler/mode/bend + CMT Eqs 2-7,
8.866551687406012,451.0578719872317,172.57994252030096,1.8306515383030542,2.3525935790222072,4.311468875166663,1551.966522310514,9.364953721872098,0.43092009855466185,3601.5180714845405,0.14132845961261292,0.13178266660268592,0.9317818056805542,0.9976884996142581,0.012382383823766772,0.007718293747354312,90,10,dual-fidelity: 3D FDTD coupler/mode/bend + CMT Eqs 2-7,
12.410575957491915,435.89777311793705,291.0797254474377,1.599708467798135,2.325061185436369,4.335753974879993,1547.0683732209575,6.776553205914752,0.07126201633491258,21709.578998581044,0.5656422667381998,0.03037310189993047,0.9846963481703735,0.9979268706401727,0.007472606546378945,0.010553057507894942,122,15,dual-fidelity: 3D FDTD coupler/mode/bend + CMT Eqs 2-7,
6.567151924113501,415.52124444151366,214.07352898984675,2.559212512103187,2.271400369260552,4.3788272646488755,1549.2639873655094,11.746097733744818,0.6573502517519039,2356.8318156668633,0.1345457266399807,0.15770533165430123,0.9177661294391392,0.9973310791056936,0.017183405416830156,0.006029537475495622,68,9,dual-fidelity: 3D FDTD coupler/mode/bend + CMT Eqs 2-7,
5.070189951886462,472.19576538860014,313.91101244779463,0.5533590366372654,2.397611706599827,4.2674528569850505,1549.6874452230131,16.928225448330068,0.031194355219132424,49678.457347069765,6.240931617538644,0.0027943899359558666,0.9986018275889766,0.9970622452840735,0.0212692922378661,0.004285275940865026,51,5,dual-fidelity: 3D FDTD coupler/mode/bend + CMT Eqs 2-7,
11.968532567667923,473.5663714169573,293.0024705104487,0.6779513086309726,2.403949873140966,4.260806893281821,1546.5359120825033,7.305748816649384,0.02426148857357242,63744.477483014605,1.920573409196452,0.008298137967263359,0.9958422877307113,0.9979400678517671,0.007958463777511124,0.009952333377341345,119,14,dual-fidelity: 3D FDTD coupler/mode/bend + CMT Eqs 2-7,
8.995474920684757,439.9157345378282,205.33521974745614,0.6285606044917346,2.332111529967692,4.329734110042246,1548.7728801692683,9.541950140841891,0.17778299372353365,8711.591855505203,0.3445894658655163,0.05443014048274572,0.972404164695552,0.9977381960962575,0.012156973680689328,0.007511056418025211,87,11,dual-fidelity: 3D FDTD coupler/mode/bend + CMT Eqs 2-7,
8.41021954254212,413.65251231635244,221.1738157375707,2.2678448355250005,2.2672043132208297,4.381874712621116,1548.680236201063,9.492101411895419,0.4953045712304818,3126.7230834427532,0.12823472616225384,0.1481800076035037,0.9229409474048144,0.9976226973370885,0.013214346504272239,0.007459225479017686,84,11,dual-fidelity: 3D FDTD coupler/mode/bend + CMT Eqs 2-7,
8.040545834275601,405.8734190586725,333.6991872186871,2.11172789470173,2.2404392018241435,4.401342559047809,1552.5306438196342,9.951775894026241,0.09887046534772077,15702.673577589509,0.7058337952717321,0.028218283723583187,0.9857898945903315,0.9975799445280261,0.013929130665815755,0.007116680380813633,79,10,dual-fidelity: 3D FDTD coupler/mode/bend + CMT Eqs 2-7,
8.565763448794494,414.106989448075,310.69951740127385,1.7280865945445931,2.269785267003161,4.379874005338502,1547.6815170233792,9.501045900713052,0.09880648881489429,15663.763944925027,0.6504692935507876,0.029711038339057663,0.9850324673131046,0.9976574951387875,0.012924668359611553,0.00744593879059299,84,11,dual-fidelity: 3D FDTD coupler/mode/bend + CMT Eqs 2-7,
7.9474116436276265,424.0495454760296,214.22809384163813,1.2316552429363388,2.285455573425327,4.368709738422921,1555.248675634248,10.509423339009572,0.29758565387849606,5226.2219477463605,0.24011410243796621,0.08241548554562651,0.9579063182035984,0.9975935883166683,0.014115227751678273,0.006811788172178827,77,10,dual-fidelity: 3D FDTD coupler/mode/bend + CMT Eqs 2-7,
11.467205126264298,427.5144524636582,309.52202210622545,1.9874078301268192,2.302396348171216,4.354752475568014,1549.0316927481067,7.220731116349498,0.07536988774808429,20552.39484932733,0.5834180167136117,0.030083354372068546,0.9848434624994631,0.9978802886458213,0.008547819367638135,0.009883300755121551,113,13,dual-fidelity: 3D FDTD coupler/mode/bend + CMT Eqs 2-7,
7.0002347293358484,482.8813516705244,243.13971987265597,0.4649067911997905,2.4162258951967517,4.247982058199413,1550.3052646558679,12.519526059144027,0.045835783655559535,33823.0339052538,2.1750487742161857,0.008859176824174827,0.9955605572620007,0.9974710785155058,0.01615498876830969,0.005838766125474211,70,8,dual-fidelity: 3D FDTD coupler/mode/bend + CMT Eqs 2-7,
9.836081622900899,462.5799816569415,202.86399301291843,2.9514560356237025,2.3797056717542624,4.285469528713006,1549.207512434279,8.237689097521752,0.2979780159134105,5199.066473697387,0.1751864582719045,0.10487768479496291,0.9461090398072713,0.997747598090905,0.01078455203965834,0.008801628628582072,104,12,dual-fidelity: 3D FDTD coupler/mode/bend + CMT Eqs 2-7,
10.683251872475942,474.6736524571811,187.52895643317578,1.366953418043861,2.3993964965865886,4.265704247203135,1552.0264748423654,8.051067893549998,0.16531594826791826,9388.244093226162,0.2952665914743301,0.06019478507517874,0.9694355135463221,0.9978563193080768,0.009558121357266877,0.00908163854443656,108,12,dual-fidelity: 3D FDTD coupler/mode/bend + CMT Eqs 2-7,
8.232832482498363,499.4533490736861,315.32774022022943,1.5064421318428818,2.440443509040461,4.22188202794435,1553.4074577214426,10.388663759192013,0.02044374590497175,75984.48273335597,4.248715423253516,0.0037644826660336588,0.998115983908667,0.9976232218438136,0.013552636794574758,0.007116368526044743,86,10,dual-fidelity: 3D FDTD coupler/mode/bend + CMT Eqs 2-7,
6.084280493743588,439.0786169178722,223.01998174437125,1.927972049111899,2.3247710127641863,4.336345783571435,1552.96939496641,13.12707971764712,0.2885051216251701,5382.813955670602,0.35560752123099115,0.06368969661146877,0.9676312848335007,0.9972546697808018,0.01840742863894962,0.005470998767165473,63,8,dual-fidelity: 3D FDTD coupler/mode/bend + CMT Eqs 2-7,
14.299610206224626,433.25053997760256,290.3752123891118,2.8702846006688527,2.3167817553504912,4.342869302529709,1548.6417466489124,5.76021929080116,0.10886448902166176,14225.407757535748,0.3120617317032528,0.055494328670809216,0.9718568162693467,0.9979142577646838,0.005709049290924513,0.01242639709317286,143,17,dual-fidelity: 3D FDTD coupler/mode/bend + CMT Eqs 2-7,
5.602528891273126,491.7869248186624,242.83861115512917,2.628189278135607,2.424032564159503,4.240022522608341,1556.6946963204293,14.03012548858078,0.10669650630430157,14589.931294288966,1.122088004390865,0.02063594588919433,0.98962824035635,0.9971287710068288,0.019715496136445954,0.005259553749965795,63,8,dual-fidelity: 3D FDTD coupler/mode/bend + CMT Eqs 2-7,
7.223934678995921,416.5289640807977,225.45728267801852,0.32102157612818866,2.281048659036051,4.371117689020526,1544.1144077693057,11.77704618484131,0.17763851961125374,8692.45257812587,0.47209511997506826,0.04361598335960649,0.9779488824270895,0.9975125992417174,0.015648126378959782,0.0059840772403553216,68,8,dual-fidelity: 3D FDTD coupler/mode/bend + CMT Eqs 2-7,
10.706584617377983,410.0837143448757,239.29616655301714,0.4004002505705049,2.2549780999641715,4.390923070974299,1550.519653802928,8.009639051168278,0.16232943329310817,9551.685251085986,0.29496069035916606,0.05942835673296487,0.9698307291826935,0.9978866456298402,0.009526393710968521,0.008849393235686294,99,12,dual-fidelity: 3D FDTD coupler/mode/bend + CMT Eqs 2-7,
9.18822087511704,480.5386890581006,286.39717505330464,1.6922169947926373,2.41111185917632,4.253444016412658,1551.1248158560118,9.213471769414355,0.038763454652611565,40015.133577665,1.6500693335098546,0.01082189254852095,0.9945743348043318,0.9977261785547932,0.01182760570597252,0.007945044690861384,95,11,dual-fidelity: 3D FDTD coupler/mode/bend + CMT Eqs 2-7,
13.447354257221788,479.396043979161,222.97835011170503,2.0602792531551612,2.4119080443158074,4.252508752773421,1548.7381894748823,6.3452751068202815,0.10147265349772472,15262.616439902295,0.36649775292166076,0.046869502672495476,0.9762840249269188,0.997933734082985,0.006446264270878899,0.011519661035444266,138,15,dual-fidelity: 3D FDTD coupler/mode/bend + CMT Eqs 2-7,
6.0272609383139395,491.0967190000502,294.5441290375613,2.6394211747905194,2.435765223585736,4.226546669496379,1545.6090813748401,13.015289424422463,0.04952823138496074,31206.6277788422,2.318108969495623,0.009054802967884246,0.9954623031697964,0.9972215375943112,0.018557605784674636,0.005609401163565243,68,8,dual-fidelity: 3D FDTD coupler/mode/bend + CMT Eqs 2-7,
6.126213790725655,496.76148322626443,192.53219845187942,0.14601622834940792,2.4390969981443074,4.2231538634358206,1550.7926233677772,14.57883653440058,0.06381161625280715,24302.66955194942,1.9036926532708922,0.010905971110510957,0.9945320652897467,0.9973165243111681,0.01829776150613694,0.005041941961579537,61,7,dual-fidelity: 3D FDTD coupler/mode/bend + CMT Eqs 2-7,
14.719102687222588,478.3974795052874,157.3595771399687,0.22873005171775015,2.4055374204875166,4.259360452610095,1552.5791194321046,6.0709655689820465,0.1396236463757461,11119.743393994342,0.2460359355448542,0.06760129340925725,0.965607946627793,0.9979918609472521,0.0053777708489837145,0.012082240279545806,144,16,dual-fidelity: 3D FDTD coupler/mode/bend + CMT Eqs 2-7,
12.080091902344488,435.60714738249425,191.49915612889245,0.49640452843266625,2.319427061996341,4.340775946275432,1550.87512321463,7.17954447043644,0.21462412397779648,7226.005606783852,0.19294476743943872,0.08739216192470131,0.9553051020879657,0.9979494428348801,0.007832944931871833,0.00999625445091719,115,14,dual-fidelity: 3D FDTD coupler/mode/bend + CMT Eqs 2-7,
7.996854184309641,423.5226060561362,323.44704866241347,1.9414671829272527,2.2909999679948783,4.363917366643809,1550.1092236590682,10.119223382382188,0.07617727429862624,20348.709479711884,0.9444773687692363,0.02088038085129497,0.9895047342730124,0.9975791360154952,0.014016126096082113,0.007036724640447638,80,10,dual-fidelity: 3D FDTD coupler/mode/bend + CMT Eqs 2-7,
10.441044954228031,448.7565650751775,288.2466248863785,0.5555808038136124,2.3485186379064515,4.3151812775219796,1551.2821732736413,8.324023952706966,0.040074915515853016,38709.55567354791,1.3295491550013727,0.012840155163158975,0.9935591803394708,0.9978647215113564,0.009893779174764828,0.008672843641232466,101,12,dual-fidelity: 3D FDTD coupler/mode/bend + CMT Eqs 2-7,
12.156915403775024,424.7070757755994,319.98113169947203,2.7120171924625103,2.2933842727382903,4.3620757295686845,1550.5587487581906,6.714008183794931,0.08387328427610603,18486.92062246949,0.4833444349023797,0.03631283646607077,0.9816756916283144,0.9978858484744557,0.007747661355012562,0.010635064261971429,121,15,dual-fidelity: 3D FDTD coupler/mode/bend + CMT Eqs 2-7,
10.242299092818412,453.49067290946755,153.668754070379,2.771897461767215,2.3558420423102726,4.308528200298401,1553.4790937422902,7.981259977187165,0.7653677479641509,2029.7159082996188,0.0654013281479301,0.25592418990165566,0.862598290108637,0.9977845225131334,0.010177993582859939,0.009086747552385087,106,12,dual-fidelity: 3D FDTD coupler/mode/bend + CMT Eqs 2-7,
5.342298130505558,406.62007770783407,178.47951794938172,2.91342941882425,2.244443348948231,4.3984082747680375,1551.1666127658748,13.786638561058908,1.770745701296474,875.9962605755126,0.06578638781025159,0.32456637529829424,0.8218476894788388,0.9970591542447372,0.020460339718983565,0.00512115603451582,57,7,dual-fidelity: 3D FDTD coupler/mode/bend + CMT Eqs 2-7,
10.53902116719785,468.27240761579594,263.3171644956815,2.051872626141516,2.3856798571262927,4.279692550547917,1553.3949752324947,7.986046763980312,0.0729533843253981,21292.980299636267,0.6877427068307106,0.02606161962656839,0.9868831644999481,0.997826593704106,0.009756603878074208,0.009141907866269781,108,12,dual-fidelity: 3D FDTD coupler/mode/bend + CMT Eqs 2-7,
5.555517839124288,450.2734786543887,228.52145299757967,0.07072469210402309,2.3490944712212802,4.314760605092898,1553.4073057733497,15.829669067447412,0.08227006584587293,18881.804576205723,1.6548470139957685,0.013297940495843711,0.9933287771448869,0.9971943024517228,0.019848017071029907,0.004556213667819823,53,6,dual-fidelity: 3D FDTD coupler/mode/bend + CMT Eqs 2-7,
5.911205882665123,493.47296590294724,268.62125137425676,0.8537220871055614,2.434275429056015,4.228432743662008,1550.300077237185,14.527271981369267,0.0373787442969073,41475.4456415877,3.649847463888986,0.005258476568268931,0.9973672961510874,0.9972501964842312,0.01886706501996925,0.005050323996105202,61,7,dual-fidelity: 3D FDTD coupler/mode/bend + CMT Eqs 2-7,
9.66672192279306,496.6497487950665,152.71645134272742,2.3842278830608343,2.438705165855169,4.2236000346273315,1550.975309723056,8.657884201320485,0.2991215369534033,5185.100763789752,0.18327565131662407,0.10032759296085564,0.9485106256859458,0.9977501680698025,0.011047993831511584,0.008515813919600757,103,12,dual-fidelity: 3D FDTD coupler/mode/bend + CMT Eqs 2-7,
11.93497320675204,490.88481982669214,309.72961401139537,0.2353026293418777,2.4275315422544836,4.235929031201851,1552.3910651377894,7.511742951867745,0.0129351360926024,120013.50847986837,4.157016821197277,0.0033343326407378705,0.9983314416361242,0.9979520568755107,0.007996614528161626,0.009809832961880928,118,14,dual-fidelity: 3D FDTD coupler/mode/bend + CMT Eqs 2-7,
8.145865917556101,459.3176087638949,284.148655647693,1.755090685263507,2.3759486756718955,4.289095388295231,1546.9735758381412,10.149634014844196,0.06319872181815732,24477.925048694382,1.142382147880233,0.01691811966570065,0.9915048564350551,0.9976045447854532,0.01372163857206199,0.007109981634336161,84,10,dual-fidelity: 3D FDTD coupler/mode/bend + CMT Eqs 2-7,
6.972152779791486,449.1032406974002,214.83237268903395,0.08057368822244507,2.3558918916482816,4.3081836104402935,1546.0443940989494,12.538135421752258,0.09691071115286785,15953.287058849508,0.9604306401563973,0.021369319363287533,0.9892576411818674,0.9974777491153751,0.016219766309646076,0.005715901786639468,67,8,dual-fidelity: 3D FDTD coupler/mode/bend + CMT Eqs 2-7,
6.51473539909365,419.8830021478804,208.83635452947453,0.38824751355245013,2.2746462778936536,4.377002830569248,1555.3279782240545,13.160563896730082,0.23065233757469283,6743.170238716475,0.4262138270412551,0.050723600466171095,0.9743081645628496,0.9973860153657683,0.01731223681942495,0.005422272019690872,61,8,dual-fidelity: 3D FDTD coupler/mode/bend + CMT Eqs 2-7,
6.3473655068564305,486.0070401027993,167.77696278933715,0.724308412789586,2.4287068817676887,4.234278437621209,1544.2947846992454,13.536232907193153,0.155290023001814,9944.58468643028,0.6707117857010163,0.0325931758910964,0.9835684135376164,0.9973436979276231,0.017730106813894912,0.005372937767282541,65,7,dual-fidelity: 3D FDTD coupler/mode/bend + CMT Eqs 2-7,
7.322789594453333,413.29411514626673,187.28042879335877,2.088552296353611,2.259640217962824,4.38790763727979,1553.5041535980324,10.897099184299805,0.8542580066961546,1818.5421048685448,0.09100804000649804,0.2142729136535544,0.8864124809288538,0.997475687841383,0.015429236070387122,0.006524381315418717,73,10,dual-fidelity: 3D FDTD coupler/mode/bend + CMT Eqs 2-7,
14.17932472685582,489.5487757028893,222.34828856437025,2.1460112266453892,2.4260482831551906,4.23749577558479,1551.7295154361552,6.066859375577678,0.0852598273446817,18200.00771480507,0.41773605166662187,0.04107813693806581,0.9792455581017124,0.9979358410698786,0.005807751235346749,0.012139835141563932,146,16,dual-fidelity: 3D FDTD coupler/mode/bend + CMT Eqs 2-7,
6.148813226329212,409.90629485693296,157.42105428365704,1.4574420767403728,2.2469548609689536,4.3972532172654235,1555.979431372185,13.161044355066451,1.1918196526105298,1305.54939915952,0.08518311535385711,0.24267802482537737,0.8702424806768644,0.9972820101876441,0.018238928950103293,0.005401372219586716,60,8,dual-fidelity: 3D FDTD coupler/mode/bend + CMT Eqs 2-7,
7.096767341156349,431.4412365025347,264.45638753267315,2.992672031954519,2.3049686392818987,4.353064631517387,1554.3371114516065,10.91252434392618,0.2409863571124905,6449.896708161177,0.33281152453994123,0.06421690347057545,0.9673588251158018,0.9974118973036281,0.015934280638275445,0.006574834285543493,75,10,dual-fidelity: 3D FDTD coupler/mode/bend + CMT Eqs 2-7,
12.43843708678039,447.8895848506197,346.2000469326171,2.4826339436356695,2.3489037441538545,4.31474891584425,1549.4985931746144,6.672063625668898,0.03323436410892449,46623.38620640328,1.2568254340187743,0.013403892589594549,0.9932754438776816,0.9979012838554309,0.007442997100982491,0.01080537549457698,126,15,dual-fidelity: 3D FDTD coupler/mode/bend + CMT Eqs 2-7,
7.571274682508515,472.2517623995371,189.0155284722908,0.9717367218516854,2.403028115189989,4.261741353014945,1545.2780051959373,11.25231562262752,0.1550494857760313,9966.353628725274,0.5103539597711086,0.03977119834664043,0.9799126500119077,0.9975473715437736,0.01489245199231757,0.006436975387110016,77,9,dual-fidelity: 3D FDTD coupler/mode/bend + CMT Eqs 2-7,
10.438859808086654,459.50703678122755,346.810501390991,2.156055847657604,2.3726040149547436,4.292441505041973,1549.9845576202156,7.974863076242627,0.026603173130798997,58263.14590366549,2.0407875669618365,0.008218366884430204,0.9958823389916952,0.9978167680330734,0.009896860457910338,0.009087182294475062,107,13,dual-fidelity: 3D FDTD coupler/mode/bend + CMT Eqs 2-7,
9.386448351130062,403.5547549765165,235.31676766398652,0.4104298643521212,2.233331839409511,4.406228646175386,1552.8837768911467,9.108682352672531,0.20212205205453812,7682.901301992202,0.2825342861566462,0.06492995339334506,0.9669901998503682,0.9977837034479138,0.011498176212500133,0.007773695032366212,86,11,dual-fidelity: 3D FDTD coupler/mode/bend + CMT Eqs 2-7,
14.161016246160607,435.07466923992945,223.2589455181045,2.324798532966795,2.3185802555028747,4.341473013093179,1550.5652237813113,5.897070544088592,0.2620056479610012,5918.060300792098,0.13069727970605569,0.12791117985391504,0.9338569591463594,0.9979304753859946,0.005822923424941104,0.012171365216210372,140,17,dual-fidelity: 3D FDTD coupler/mode/bend + CMT Eqs 2-7,
12.719612486684717,491.4346269527423,185.33219682848534,1.2160336218218402,2.4298568661160713,4.233323750889754,1551.1857677475105,6.878795713629415,0.11095074712667441,13980.850133226182,0.36112943453593976,0.047280992531899844,0.976073259273145,0.997946318413943,0.007150666124647847,0.010705727439289886,129,14,dual-fidelity: 3D FDTD coupler/mode/bend + CMT Eqs 2-7,
8.739059787978311,452.4050148620084,184.85029710662138,1.2273711983009226,2.354688153264215,4.309557457828757,1552.5751218908433,9.70302630312267,0.2647322171196224,5864.700332975694,0.2387949313971111,0.07958707197040565,0.9593815341299802,0.9976924018247132,0.012609401261149521,0.007457303679148847,87,10,dual-fidelity: 3D FDTD coupler/mode/bend + CMT Eqs 2-7,
12.228635294459554,412.96798390311073,161.52633116715873,2.047388482055019,2.2618294362102325,4.386071420002377,1551.2615071201196,6.755551642888349,1.1192816615707042,1385.9438248485299,0.03668547374760959,0.39669520695398036,0.7767269745837463,0.9979080218414469,0.00766888168960576,0.010520842614505085,118,15,dual-fidelity: 3D FDTD coupler/mode/bend + CMT Eqs 2-7,
7.067031315144925,402.19393692578103,256.1262243238525,2.4862363520561184,2.2311628736075373,4.407520133421816,1551.6304822781779,10.999141634478974,0.41811397370564024,3711.022782918405,0.191359823953486,0.10953737928460251,0.9436432698405672,0.997422036746854,0.016001944558157243,0.006418872203745152,71,9,dual-fidelity: 3D FDTD coupler/mode/bend + CMT Eqs 2-7,
5.266140787085368,438.580304045738,274.5476207250871,0.4841191429787032,2.3245391935425452,4.336499985729843,1552.2624007963873,16.180685657750246,0.07159496802275753,21681.166200157775,2.0442762620491166,0.010835696984239217,0.9945673949088422,0.9971131727895519,0.02068359649821681,0.004427328971638473,51,6,dual-fidelity: 3D FDTD coupler/mode/bend + CMT Eqs 2-7,
9.90611846165422,434.66546166068304,255.69321887345552,1.9056844183774682,2.320573173837598,4.339648688343887,1548.2992387945642,8.327283552962399,0.15360572874589246,10079.69723157846,0.34062791368174744,0.053958555915741876,0.9726466182968294,0.9977845630396251,0.010677453260212954,0.008586935084806154,99,12,dual-fidelity: 3D FDTD coupler/mode/bend + CMT Eqs 2-7,
10.73621132043652,433.3412480507444,214.40675947492636,0.9134340596576459,2.31008863723092,4.348815347455096,1553.9152874310776,7.981333250355419,0.19579542001391514,7936.423065057605,0.24458278951458545,0.07187408187798432,0.9633929199044468,0.9978731519179832,0.009486259318279818,0.009006981534545433,103,12,dual-fidelity: 3D FDTD coupler/mode/bend + CMT Eqs 2-7,
13.710902024234825,464.42063273757435,245.18825626366998,1.9937127033855924,2.385868055641675,4.279290895181634,1547.133537840629,6.186421874310099,0.092111717414419,16796.27284420216,0.39333400079571207,0.043580803429597206,0.9779668688510889,0.997938288924378,0.006208657368538822,0.011717623261970898,139,16,dual-fidelity: 3D FDTD coupler/mode/bend + CMT Eqs 2-7,
9.143016815921314,456.80132880875516,270.7083247417677,0.5217216436376197,2.363211307423968,4.301579527885089,1553.100140113441,9.541158193984302,0.04562133122721723,34043.28848665593,1.41403837536913,0.012623194452896681,0.993668357927887,0.9977565978322568,0.011904041204896541,0.0076037925870878304,89,10,dual-fidelity: 3D FDTD coupler/mode/bend + CMT Eqs 2-7,
12.194379908252872,481.4873436207876,272.84969608794415,0.9284769690076147,2.4121871479924852,4.252331368008928,1551.639434505987,7.189122410593882,0.030836162194244076,50318.82452595279,1.448002287427996,0.011301184029405078,0.9943333525385715,0.9979403485598564,0.007706408583816506,0.010201945339003031,122,14,dual-fidelity: 3D FDTD coupler/mode/bend + CMT Eqs 2-7,
5.882765686316227,487.8130638173121,312.27421039656747,1.0841626820122405,2.4213157887320835,4.242691047028096,1553.2475745849479,14.429254714506442,0.027934203086163605,55603.79044263138,5.322095090349574,0.003267001149610673,0.9983651630793161,0.9972371878833409,0.01894368438959054,0.005087008197682689,61,7,dual-fidelity: 3D FDTD coupler/mode/bend + CMT Eqs 2-7,
12.032454297045604,453.2157544998547,201.6261892427446,0.20389070941295134,2.362271293250965,4.302264741263455,1547.8970300391416,7.29982072261555,0.1104455484671298,14015.024159165801,0.3836725547751027,0.044291449678938874,0.9776034729485473,0.9979565214446885,0.007886299451389812,0.009881289790753254,116,13,dual-fidelity: 3D FDTD coupler/mode/bend + CMT Eqs 2-7,
10.214438097032021,420.27837306902023,206.42793082184363,1.17105480694439,2.283155061397293,4.369983835440705,1549.7804241630986,8.227112173179648,0.3279634301585489,4725.467176062529,0.1530164738192778,0.11517844400805481,0.9406495394098405,0.9978302994149565,0.010218483091888537,0.008647771208213252,98,12,dual-fidelity: 3D FDTD coupler/mode/bend + CMT Eqs 2-7,
6.6257977752096755,409.88118957718785,304.932195274816,1.0538886669163792,2.2613732508237994,4.38580494786261,1545.468150991696,12.370321617419222,0.09646564606277182,16020.91743609983,0.9879052513186747,0.02148803066045287,0.989197639170023,0.9973869401266465,0.01704039938715917,0.00568605603323854,64,8,dual-fidelity: 3D FDTD coupler/mode/bend + CMT Eqs 2-7,
8.797956404547884,422.09064170546617,162.22239424835448,2.6587073689512595,2.282265586972049,4.371048427179017,1553.9050182709875,9.07364718245185,1.2794255831978207,1214.5333333003452,0.047829426823820874,0.35052315472038736,0.8059012627360828,0.9976562355545993,0.012504014785202064,0.007877558669781362,89,11,dual-fidelity: 3D FDTD coupler/mode/bend + CMT Eqs 2-7,
6.318002050693419,482.470768845657,340.60558596457383,1.7168754465397225,2.412371104128798,4.252202348637808,1552.9523242566038,13.065191853879242,0.025442969905285003,61036.59793010348,5.089398535797898,0.00337752758155897,0.9983098078344422,0.9973082838591768,0.017804451297785653,0.005607020711334488,67,8,dual-fidelity: 3D FDTD coupler/mode/bend + CMT Eqs 2-7,
10.883894779957862,475.3692371514576,213.1401749711667,2.519881429143929,2.404598992206327,4.260190001910435,1548.757717880599,7.639130916310933,0.16313799302199405,9493.54401872406,0.28667662500923075,0.06259806621298372,0.9681951940528399,0.99783400559293,0.009288705128271577,0.009545287781198999,114,13,dual-fidelity: 3D FDTD coupler/mode/bend + CMT Eqs 2-7,
5.782715181330981,440.7956824774943,212.39902853244456,0.9248115147364171,2.32385656846207,4.337392690504675,1556.7186588332204,14.5247630016936,0.20842697203392158,7468.892550911615,0.5580529176363551,0.04109017044132662,0.9792394138098575,0.9972200962707326,0.019215706783814613,0.004963854232014078,57,6,dual-fidelity: 3D FDTD coupler/mode/bend + CMT Eqs 2-7,
13.380511262428508,479.8243496952273,348.3056719618751,2.251541864251317,2.4127832617233542,4.251578231347466,1548.6452074532588,6.348580567609133,0.016614736469805318,93209.13456964419,2.5355391690475666,0.006102320467043921,0.9969441707201844,0.99792720531746,0.006507960031366133,0.011514791014368775,138,15,dual-fidelity: 3D FDTD coupler/mode/bend + CMT Eqs 2-7,
7.115638635773509,449.56753563328897,201.49565715716284,0.41270654712857663,2.350474229530435,4.313381654719352,1551.1184547203725,12.174541876433068,0.14579644636500405,10638.931835396861,0.6039753921182291,0.03427411095789109,0.982713533560065,0.9974920722378415,0.015891487747583987,0.005919457598827326,69,8,dual-fidelity: 3D FDTD coupler/mode/bend + CMT Eqs 2-7,
10.554018321199592,463.9101879919499,324.00099811653524,2.105763770130351,2.3779240797899908,4.287356037831953,1552.7927994096574,7.94281831323724,0.0328896337504766,47212.22532273276,1.5972460809191904,0.010722706067583387,0.9946241973390837,0.9978259695944857,0.00973577505050637,0.0091681694504044,108,12,dual-fidelity: 3D FDTD coupler/mode/bend + CMT Eqs 2-7,
8.526153165273387,434.4819293804233,213.9295759052149,0.7311375809443548,2.313983850363735,4.3455043958019655,1553.0126369872723,10.033479115001,0.18533970491481908,8379.276516605154,0.3564513939989958,0.05389202889594082,0.9726808166629273,0.9976825808718822,0.012997828566168051,0.007154377809370634,82,10,dual-fidelity: 3D FDTD coupler/mode/bend + CMT Eqs 2-7,
6.038254628683732,417.2235923946579,314.50074225143413,0.8792422632533483,2.2699405093903255,4.380357408239556,1553.655196442509,13.782425775149932,0.07109068239562699,21854.55455042979,1.6134258562901538,0.013272526851194495,0.9933415692242047,0.9972763854623828,0.0185285557542591,0.005160734447759989,58,7,dual-fidelity: 3D FDTD coupler/mode/bend + CMT Eqs 2-7,
6.38967407556753,428.2933021986868,177.71934528341393,2.8437591680387877,2.301389028620355,4.355731118212621,1551.2385699014128,11.978918503059958,1.0400886810515453,1491.4483718187255,0.08848952872081506,0.2341238581614721,0.8751434978553677,0.9972886942940232,0.01762353252622913,0.005958553198695473,68,8,dual-fidelity: 3D FDTD coupler/mode/bend + CMT Eqs 2-7,
9.707372704035851,472.0013970256923,340.55820807850307,0.13440564677576372,2.399819379901124,4.265116548142689,1547.5559332510431,9.12415735339755,0.013184316118252807,117378.55186197751,5.725921538782645,0.0023347106403249157,0.9988319625240649,0.9978208805214709,0.01098417977971115,0.00796406426905255,95,11,dual-fidelity: 3D FDTD coupler/mode/bend + CMT Eqs 2-7,
8.364263593312042,414.5502001709207,258.2839123405594,2.326869794165374,2.2717072537759218,4.378397980345749,1547.1396724771366,9.50891971226747,0.2755023241132908,5615.7046132247115,0.2323596883533403,0.08435018607651122,0.9568959263804443,0.9976152740919745,0.013301168857920358,0.007437034501416794,84,11,dual-fidelity: 3D FDTD coupler/mode/bend + CMT Eqs 2-7,
12.90173237640105,420.78614194485573,190.9143214708317,2.655930714454668,2.281695007124453,4.371291249646168,1551.8371292202223,6.357161593089813,0.6962331009780963,2228.904553719349,0.054256182480420835,0.2864690104447428,0.8447076355492812,0.9979072623651095,0.006967476088064411,0.011228858775351826,127,16,dual-fidelity: 3D FDTD coupler/mode/bend + CMT Eqs 2-7,
6.901317635597171,455.2630428393643,346.08645088018125,0.6717925801649782,2.361074770489002,4.3035629679835425,1552.2623141131635,12.44549534864609,0.023396211700459853,66346.73741145254,4.9654556630052324,0.0033079940240644365,0.9983446328677966,0.9974478441712983,0.016384320303079968,0.00581175955470415,68,8,dual-fidelity: 3D FDTD coupler/mode/bend + CMT Eqs 2-7,
5.498296809118882,476.09308618375337,202.6544238216003,1.7421358200938337,2.404511735260993,4.260320595096248,1549.9356048257532,14.718606945402371,0.18937232563699635,8184.594024560857,0.6454715720169489,0.03656194633107797,0.9815488035084766,0.997131122832507,0.020010521773244142,0.004944041617548258,59,7,dual-fidelity: 3D FDTD coupler/mode/bend + CMT Eqs 2-7,
13.992762547098081,410.8933601720957,263.4274904399183,2.0014934094056667,2.2586949177808107,4.388141921108984,1549.4328029849244,5.933356554383181,0.20297389231121366,7633.655665474585,0.16915673394793806,0.09965174095678134,0.9488668289297602,0.99793968862717,0.005964223965693719,0.011949873892006805,134,17,dual-fidelity: 3D FDTD coupler/mode/bend + CMT Eqs 2-7,
14.149110712569497,462.9976243493543,166.1887422374036,2.54143910948056,2.377466367658554,4.287760628335771,1551.6990384900978,5.95710045891542,0.41799104428899964,3712.2781927769024,0.0831824754699423,0.19492703248261187,0.8972585845325683,0.9979239852968512,0.005832810769954648,0.01221796715851856,144,16,dual-fidelity: 3D FDTD coupler/mode/bend + CMT Eqs 2-7,
5.817652965109481,488.3451726682142,163.51475115936398,1.5576134234213141,2.4245469144418395,4.239093665489776,1551.2649441066744,14.21076093100146,0.25446577456170405,6096.163410496355,0.4460590276585299,0.05167107040571962,0.973821816142091,0.9972088869896168,0.019120275154019387,0.005156920402333476,62,7,dual-fidelity: 3D FDTD coupler/mode/bend + CMT Eqs 2-7,
13.425111016985293,476.14993391593384,207.4021816121,1.8085496113297523,2.4009335200688113,4.264161544024695,1553.0078248357045,6.409222552850679,0.1283026922767853,12104.249702612833,0.2905607869051139,0.058809045842537024,0.9701499647773343,0.9979409898556076,0.006466729467554253,0.011436042736538718,136,16,dual-fidelity: 3D FDTD coupler/mode/bend + CMT Eqs 2-7,
14.88169296061254,463.8948250254396,332.9044702460854,2.499340995528201,2.37898609864938,4.2862744413523215,1551.9042711210193,5.688079803999699,0.027591524864105956,56245.68699136685,1.2781104174167033,0.013030701217990047,0.9934632850699667,0.9979229248126092,0.00525460319380837,0.01280540515112755,151,18,dual-fidelity: 3D FDTD coupler/mode/bend + CMT Eqs 2-7,
11.503347860343958,480.0314785380634,196.1473365435487,2.1797442756259158,2.4094850740002767,4.255185461749301,1551.7317700027584,7.356964293575857,0.17243243473674263,8999.071273173346,0.255654459532016,0.06873072202999284,0.9650229416806665,0.9978761967042519,0.008503907722410001,0.009962830125396293,119,14,dual-fidelity: 3D FDTD coupler/mode/bend + CMT Eqs 2-7,
11.536334189365009,465.2478556789842,265.9075544139713,1.5980193049443692,2.380325533977419,4.284997511611174,1552.9769935589575,7.409473375082825,0.060928274441111076,25488.609480643576,0.7419908509784341,0.023352497228061753,0.9882547762454469,0.9978950591928194,0.008464027875049629,0.009838525331338662,116,14,dual-fidelity: 3D FDTD coupler/mode/bend + CMT Eqs 2-7,
5.116945193876289,479.7749147108345,241.32699055062304,1.5025501755661976,2.417051927577332,4.246925270851863,1544.971471293688,15.86117284805573,0.09216508540070033,16763.0883710107,1.5492990607499337,0.015037860300397565,0.9924525881368855,0.9970457453883789,0.0211280519322727,0.004570255977422082,55,6,dual-fidelity: 3D FDTD coupler/mode/bend + CMT Eqs 2-7,
6.041278956979964,412.23978806081664,249.77324271488123,0.372918421997373,2.2523623248989044,4.393519515128903,1556.7166823550385,14.146718923936987,0.1457317287635402,10682.071060042928,0.7660444383813412,0.0289833895411456,0.9854017507894202,0.9972921334163685,0.018520572164556857,0.005031560562998381,56,7,dual-fidelity: 3D FDTD coupler/mode/bend + CMT Eqs 2-7,
7.42152333532002,408.8762464327948,279.76987988113257,1.7279741482285986,2.2556284524550785,4.390144026045713,1547.6316292250576,10.830964242765504,0.18457347743785943,8384.908009039926,0.4182000609240045,0.049455053878389534,0.9749589458647018,0.9975019482127174,0.015213670361668116,0.00651127810759795,73,9,dual-fidelity: 3D FDTD coupler/mode/bend + CMT Eqs 2-7,
12.309527496611436,492.7237748651696,246.00256273359167,1.1428653590325712,2.433290115135457,4.229500908354131,1550.0792502197396,7.1094932871405945,0.040492117415821295,38281.012432658914,1.0689187781337963,0.0156421524034934,0.9921480976127035,0.9979375481540603,0.007580987682095113,0.01035174049300264,125,14,dual-fidelity: 3D FDTD coupler/mode/bend + CMT Eqs 2-7,
11.5925192904092,486.9928137834159,282.28157343501925,1.2937317741527155,2.4242287520660506,4.2393500761199565,1549.563123673873,7.4817616776531395,0.028589931838179605,54199.60888485062,1.6730882066035424,0.00981662557911949,0.9950795819535644,0.9979066305101486,0.008396531241600795,0.009805303355510058,118,13,dual-fidelity: 3D FDTD coupler/mode/bend + CMT Eqs 2-7,
11.386407956027323,432.7989065278889,177.2809621295749,1.16102626611558,2.3112771204893194,4.347689498025349,1552.021823752155,7.471988010079258,0.3985202476849829,3894.461656008447,0.11053326940418823,0.1516230107516828,0.921073823994753,0.997901182936509,0.008646805728361273,0.009602445281402321,110,14,dual-fidelity: 3D FDTD coupler/mode/bend + CMT Eqs 2-7,
14.207423825771615,458.6810508722813,329.5752148214493,0.9433342331402998,2.3676164730295013,4.297357131736614,1552.6546947713039,6.135272185656277,0.020092486877759868,77275.38677603511,1.9159197999047992,0.008192742911163018,0.995895203868779,0.9979717973992702,0.005784542446283469,0.01185009086316146,139,16,dual-fidelity: 3D FDTD coupler/mode/bend + CMT Eqs 2-7,
10.974035549006398,445.92077291628294,213.6493853452759,1.6713223755156148,2.340760807257904,4.322268300712816,1552.5159120035569,7.683573922046207,0.21262470605934963,7301.672231684145,0.21738130958174642,0.08094226292396159,0.95867499032573,0.9978645123887039,0.0091701524418308,0.009398290677491912,109,13,dual-fidelity: 3D FDTD coupler/mode/bend + CMT Eqs 2-7,
10.831942273016576,468.77527329169203,300.28882451902484,2.4351077641227192,2.386183089818196,4.279206150871648,1553.7741138336194,7.706309426171856,0.046151669978887755,33666.69319971301,1.0682586707228334,0.016436479248296047,0.9917477102326498,0.997833483354871,0.009357727770688475,0.009480811088616483,112,13,dual-fidelity: 3D FDTD coupler/mode/bend + CMT Eqs 2-7,
13.126702146204485,429.006805563077,309.26362081898657,0.6420762287602467,2.3086882330736085,4.34949110261052,1547.036369279073,6.547120141759478,0.04186537327780923,36952.647215475336,0.9289055845091599,0.017829061955778217,0.9910453763800231,0.9979715638901356,0.006747650579430615,0.010889015086855783,125,15,dual-fidelity: 3D FDTD coupler/mode/bend + CMT Eqs 2-7,
10.865830874632813,499.9462562426646,210.9025769160167,2.1506781388274288,2.4407684449964298,4.221561521062433,1553.8142850224874,7.850474099480834,0.09377278447846556,16569.991961572956,0.5166619685306101,0.0346076811471357,0.9825437999666295,0.9978439779562782,0.009312646399244139,0.00943454007332799,114,13,dual-fidelity: 3D FDTD coupler/mode/bend + CMT Eqs 2-7,
7.037632980054734,439.84723636393954,327.7865251389734,0.21020561421207332,2.3285499658655326,4.332982475651402,1551.4107810780156,12.365382028525346,0.02838375577626831,54658.4036766252,3.7605740945381076,0.004636926706673326,0.9976788427611997,0.9974850361668733,0.016069122517029043,0.005803091237583449,67,8,dual-fidelity: 3D FDTD coupler/mode/bend + CMT Eqs 2-7,
13.228761563180566,470.8802019253583,307.4469357552123,1.5237091963746319,2.3937568753595886,4.271435915925215,1550.8337040272086,6.513471288976461,0.027367314576000824,56667.36864957802,1.475343533539092,0.011040311039671999,0.9944645237314039,0.997946842929768,0.006650225074741006,0.01120160322823197,133,15,dual-fidelity: 3D FDTD coupler/mode/bend + CMT Eqs 2-7,
10.930997219003846,443.52742990292774,294.18627582857823,2.013924458816143,2.341551363511849,4.321329055841755,1547.7511898902903,7.594729626961225,0.07103820562416929,21787.58847145908,0.6628670237385084,0.026754654970973537,0.9865319787158582,0.9978518366861928,0.009226566288235963,0.009452212904796763,110,13,dual-fidelity: 3D FDTD coupler/mode/bend + CMT Eqs 2-7,
6.733683714578287,494.624265056726,230.23436042950215,1.6358449483104804,2.441533833393352,4.220133605287753,1545.64936107157,12.344698592532723,0.0773100481274575,19992.86507393359,1.2464715803360513,0.01679815679033263,0.9915653499440505,0.9973892991321516,0.01678042427940548,0.005925487421782984,72,8,dual-fidelity: 3D FDTD coupler/mode/bend + CMT Eqs 2-7,
11.23413823704729,478.86775366814186,331.060545267634,0.7081290852461076,2.410140652721394,4.254400545575733,1549.428435673165,7.806901755096533,0.014639020596769681,105842.35642205938,3.83589102889555,0.0037660828494289833,0.9981151823064165,0.9979072092669399,0.008836481073031996,0.009360315962443176,112,13,dual-fidelity: 3D FDTD coupler/mode/bend + CMT Eqs 2-7,
7.244124782194712,484.8335655131566,301.1125743915601,2.7727316375707707,2.42361283096813,4.239909145235474,1546.920624021449,10.993188756822747,0.0466203763533247,33181.21270188183,1.8651924560109974,0.010633024568319138,0.9946692794249156,0.9974426647724105,0.015603169354281183,0.006638013417100375,80,9,dual-fidelity: 3D FDTD coupler/mode/bend + CMT Eqs 2-7,
8.250023326076613,446.2839610675932,280.35951894409925,2.092381686724007,2.3479693366085206,4.315520177935397,1547.4827448742597,9.855643726354856,0.09620517163112739,16085.234490383345,0.7101057309820533,0.02772393020011786,0.9860406025108105,0.9976079201698892,0.013519477106740587,0.007282754533566389,85,10,dual-fidelity: 3D FDTD coupler/mode/bend + CMT Eqs 2-7,
9.605186246027383,440.9428430215493,201.39018519045516,1.2047871706310087,2.3276131309674017,4.333961096429363,1554.0715023211412,8.839286540332978,0.24450509810818685,6355.988134175865,0.22633920975792798,0.0807839813114993,0.9587575390517149,0.997779990243909,0.011145299298485333,0.008158896126553215,94,12,dual-fidelity: 3D FDTD coupler/mode/bend + CMT Eqs 2-7,
10.104170217379345,429.1414808648695,221.26853320764633,0.39383935191299196,2.3097868552355183,4.348551734365966,1546.4516846253903,8.518855171492078,0.14695781238680272,10523.099517533827,0.3545383030473606,0.0504690496347663,0.9744387873875063,0.9978452693600804,0.010380318420470847,0.008355626832137709,96,12,dual-fidelity: 3D FDTD coupler/mode/bend + CMT Eqs 2-7,
8.88358452796659,472.52097568446106,342.2750478730631,1.8883874770123883,2.39565562804784,4.269535749036398,1551.8115232331008,9.420238217142014,0.02330052762074421,66599.8447971427,3.0880657497674218,0.005405543857569021,0.9972935656778454,0.9976886253047293,0.012352365552658626,0.007747217755580207,92,10,dual-fidelity: 3D FDTD coupler/mode/bend + CMT Eqs 2-7,
12.353938035711122,464.08988066332466,233.1453686918549,1.1114178006580255,2.384387400741616,4.280786721476049,1547.8147595680682,6.9846582685797785,0.0833791877799385,18563.562452217615,0.4931690146634337,0.03468888674042947,0.98250247493814,0.9979398145952869,0.007533162171771644,0.010379839281903417,123,14,dual-fidelity: 3D FDTD coupler/mode/bend + CMT Eqs 2-7,
14.471270127845981,499.3320948443712,227.98191838430563,2.338223175148667,2.445838294419786,4.215496866009575,1548.5253093116382,5.932884664681978,0.06780800892298545,22836.90870602634,0.5179893556362215,0.033163802667749015,0.9832782908883176,0.9979298921904624,0.0055710893545367155,0.012428275365194788,151,17,dual-fidelity: 3D FDTD coupler/mode/bend + CMT Eqs 2-7,
14.24778262012363,455.62659834402115,273.2345118294983,1.0692196311822302,2.3659116266382387,4.298844997690297,1548.9944115713013,6.0706995464722695,0.04989195734914274,31046.97618358556,0.7150794908339857,0.023426018302317348,0.9882175781161164,0.9979680606310184,0.0057513697919173105,0.01191578669853181,140,17,dual-fidelity: 3D FDTD coupler/mode/bend + CMT Eqs 2-7,
13.184086373902483,424.46614085567893,282.9107499957678,2.880407674938554,2.292701559208427,4.362619729642682,1550.6165999923044,6.200744016018689,0.1524143196551386,10173.69367590144,0.2400983487348468,0.07210727613219407,0.9632718847074309,0.9979056290959217,0.006692697513043564,0.011517853508585812,131,16,dual-fidelity: 3D FDTD coupler/mode/bend + CMT Eqs 2-7,
11.112766796690329,479.4480246340304,219.12635352275032,2.906848860785134,2.413794998844858,4.250458741969261,1547.2276774288357,7.4188929252386515,0.15278345513042935,10126.932108636936,0.29724441215173214,0.06037124618954567,0.9693444969722861,0.9978352123268213,0.00899064340465991,0.009832845201484253,118,13,dual-fidelity: 3D FDTD coupler/mode/bend + CMT Eqs 2-7,
6.688569925986736,410.58069748104606,242.12532329134825,1.4521675690587712,2.2499011192879292,4.395078840241867,1555.1960154696694,12.170762078237203,0.2946838649720504,5277.506508940262,0.3063311296405607,0.07033648160824203,0.9641906027294386,0.997386586885632,0.01688864994683274,0.005840881725005687,65,8,dual-fidelity: 3D FDTD coupler/mode/bend + CMT Eqs 2-7,
9.714948466051414,439.2765159836741,260.3788499725077,2.980985083426191,2.3324831050848913,4.329339817671292,1547.3552422533755,8.21935041195934,0.18846602529811368,8210.260920002873,0.2790539145771949,0.06708011808930163,0.9658777779360588,0.997736512018322,0.010972328074463866,0.008710362911737955,101,12,dual-fidelity: 3D FDTD coupler/mode/bend + CMT Eqs 2-7,
7.15184269364449,458.46166572065897,247.24549883879553,0.6365918850716195,2.3754134037717534,4.289595207614108,1546.0106037221808,11.98516584591539,0.07068094444622153,21873.089215700595,1.2737863120899728,0.015777075066574796,0.9920801000591762,0.9974913824303034,0.0158097122336212,0.006007239771274296,71,8,dual-fidelity: 3D FDTD coupler/mode/bend + CMT Eqs 2-7,
6.458891792303013,424.1391340247373,349.0081807873258,0.7817935857752893,2.286734459450619,4.367639243244957,1554.4631166135161,13.03879902356448,0.03823722454252664,40653.13670673651,2.9561894203594337,0.006490133507505962,0.9967496508614859,0.9973636211546019,0.017450554309946246,0.0054789801536095206,62,8,dual-fidelity: 3D FDTD coupler/mode/bend + CMT Eqs 2-7,
10.87949055910997,465.5076697309742,157.6232667436855,1.6274335756583729,2.3828750301907236,4.282403500600008,1551.3106182531542,7.816700680590657,0.359270398630022,4317.947217941269,0.13076766762645442,0.13189402556324686,0.9317220478429998,0.9978604056098386,0.009294536649284244,0.009309653909649019,110,13,dual-fidelity: 3D FDTD coupler/mode/bend + CMT Eqs 2-7,
11.734477468796559,414.0788258897224,237.03610984889104,0.9345041998848236,2.2710158161437812,4.378872688009899,1546.723500247027,7.199714300266351,0.19800987756895894,7811.345167406434,0.2126025186449863,0.08051864108135141,0.9588959061955832,0.9979233578618196,0.008228381472607418,0.009827857626488471,111,14,dual-fidelity: 3D FDTD coupler/mode/bend + CMT Eqs 2-7,
7.559661222048574,450.9316985043551,206.60990074603944,2.4455125485289626,2.3602600313273117,4.304093142894712,1545.6687210253035,10.538438767674506,0.3306159903485419,4675.117859229462,0.22487312428579845,0.09103833648429209,0.9533948098850276,0.9975016219309301,0.014917118550743892,0.006810671063909546,80,9,dual-fidelity: 3D FDTD coupler/mode/bend + CMT Eqs 2-7,
11.977228018597895,453.89466749150665,320.0119297174923,2.6671888118253606,2.3631456727076476,4.3014518033795115,1548.3315217941376,6.89161719092499,0.04644612880230303,33336.072601111235,0.9204184949146004,0.018798158832962458,0.990556329123709,0.9978809634858528,0.007948608392436203,0.010476637695009809,123,15,dual-fidelity: 3D FDTD coupler/mode/bend + CMT Eqs 2-7,
8.704675846802871,426.63576825883285,234.70747998785782,2.764740703898704,2.2950238541868875,4.3609741457086155,1552.9465294222794,9.139606127359002,0.3612216058328686,4299.151834624207,0.16791303797640764,0.11402302820702404,0.9412634975356136,0.9976426021537038,0.012671336215023978,0.00782893446298473,89,11,dual-fidelity: 3D FDTD coupler/mode/bend + CMT Eqs 2-7,
5.3188055156407135,483.4903247101639,310.15345357066474,1.4854900777607805,2.422036580219439,4.241594253862553,1546.2800278700827,15.372754103070065,0.036193558581934474,42722.51993043556,4.381943724458994,0.004422376296415102,0.9977863617546519,0.9970960994479752,0.02052895054458619,0.004730702707008335,57,7,dual-fidelity: 3D FDTD coupler/mode/bend + CMT Eqs 2-7,
5.508541676992643,434.7773301348085,219.29027718813555,2.369354606345765,2.321131575292973,4.339161846462188,1548.0726983733482,13.935364634205143,0.41189904475991984,3758.378947626986,0.2769599494031688,0.0853743248090752,0.9563606407579333,0.9971147925055226,0.019981329421329786,0.005115486654402554,59,7,dual-fidelity: 3D FDTD coupler/mode/bend + CMT Eqs 2-7,
9.318367933152821,468.1436683758302,242.7263813458007,1.9631215221424785,2.3861077612354493,4.279240083095236,1552.8410398386186,8.979179921701416,0.1027560172531036,15111.923188047824,0.5697016080924951,0.032960352399188445,0.9833817405264405,0.997730841583024,0.011610269818915117,0.008121785818739343,96,12,dual-fidelity: 3D FDTD coupler/mode/bend + CMT Eqs 2-7,
10.310877946595912,415.9849006868565,164.61731326803738,2.4932925300977313,2.2688973388639204,4.380960985511769,1552.0090144679573,7.848211911960789,1.242035511507353,1249.5689536158397,0.04031528193239952,0.38315251124352306,0.7853963895743836,0.9977977793633338,0.010079012246686253,0.00907032644418796,102,12,dual-fidelity: 3D FDTD coupler/mode/bend + CMT Eqs 2-7,
10.761709124166641,444.4368714082694,156.87597066850688,2.5690823620201906,2.3419569830949576,4.32102053174491,1549.0124479175915,7.602801784533085,0.7917424279498425,1956.4600724109769,0.05924101788040165,0.2744838895567109,0.8517723348661244,0.9978252589323177,0.009451853626714357,0.009458277058508815,110,13,dual-fidelity: 3D FDTD coupler/mode/bend + CMT Eqs 2-7,
14.813095044487822,431.69835177994037,296.0083814841679,1.5102431887156034,2.309091794986051,4.349473371007237,1551.6758978363682,5.743689343300957,0.06608092063872412,23481.45096705977,0.5085901799256196,0.03341363929925905,0.9831512399934921,0.9979529781915639,0.005306220645064487,0.01249220797692554,143,18,dual-fidelity: 3D FDTD coupler/mode/bend + CMT Eqs 2-7,
6.942185341605976,452.16227181609383,181.59752055721685,1.4324707960203704,2.3619587441855456,4.302514003628911,1546.3836556871836,11.884639894944712,0.32982423542468603,4688.508270764396,0.2619199256008189,0.08060156865953401,0.9588526640420133,0.997432224719609,0.01628917968136748,0.006042917208917798,71,8,dual-fidelity: 3D FDTD coupler/mode/bend + CMT Eqs 2-7,
5.274928098806841,444.05630107116883,324.7320565891676,1.0072505217365708,2.3383599165165094,4.324341758712276,1551.1643647274918,15.69988663456138,0.0457544590152799,33901.92777078784,3.3471617841328936,0.006158981171734859,0.9969157531247388,0.9970997063145877,0.020657712492140524,0.004570520730142255,53,7,dual-fidelity: 3D FDTD coupler/mode/bend + CMT Eqs 2-7,
5.404724551255028,442.46247218603065,206.00601362339003,0.8604812180766992,2.340680806533794,4.322059388638322,1546.5765954924489,15.388736908853161,0.21722701577623246,7119.63284109004,0.5858235092377044,0.040288283389882946,0.9796487720658446,0.9971353760588623,0.020279133842688694,0.00463838028237373,54,7,dual-fidelity: 3D FDTD coupler/mode/bend + CMT Eqs 2-7,
5.836803344323729,461.97060395290754,193.0913381647528,2.0565021592290775,2.384897605999889,4.2802020274247,1544.0024454325148,13.562329502185548,0.31818885225929344,4852.471840133169,0.3397696339721445,0.06794496150569833,0.9654299759663058,0.9971981816845557,0.01906816764028131,0.005302273773213259,63,7,dual-fidelity: 3D FDTD coupler/mode/bend + CMT Eqs 2-7,
8.073562595345757,487.5049998229426,160.54295578290123,2.451921685292235,2.424332976315426,4.239269578904747,1550.2225353090287,10.139365188201282,0.34325769929509253,4516.2061579173205,0.20204099500902103,0.09814276809705748,0.9496616407452406,0.9975741977752559,0.013863748620794989,0.007232099322013231,87,10,dual-fidelity: 3D FDTD coupler/mode/bend + CMT Eqs 2-7,
14.449749597969948,426.07376115272666,292.9072560544007,1.8419070156345567,2.297250053623863,4.358977261892486,1550.2215581613946,5.818177213628815,0.08774647657499145,17667.05192813659,0.38692278742774816,0.04416667655893886,0.9776672866783777,0.9979447717415504,0.005588200554781003,0.012281654891695543,140,17,dual-fidelity: 3D FDTD coupler/mode/bend + CMT Eqs 2-7,
12.213823305394463,443.2321689391598,283.2506536570324,2.167450276485471,2.335413281910908,4.32700358582322,1552.0279109394203,6.842368005902472,0.08554580148225352,18142.654391535376,0.47869075614020234,0.03636030067108178,0.9816515162362447,0.9979039638150154,0.007685085797698503,0.010539960039688696,122,14,dual-fidelity: 3D FDTD coupler/mode/bend + CMT Eqs 2-7,
11.573960553350215,462.3603934748721,300.9917493934987,0.002700144432676461,2.3821684205868454,4.282969672553319,1546.8512626367187,7.652200454852846,0.01995034620800627,77535.05861547166,2.524328792470843,0.006082747407172932,0.9969539871994229,0.9979443825724922,0.008418766594318495,0.009454476093861703,112,13,dual-fidelity: 3D FDTD coupler/mode/bend + CMT Eqs 2-7,
14.063450040757985,442.30044447004144,164.19683935216733,2.2213272495095207,2.3369778221735973,4.325469547824784,1549.1812155518658,5.96041376429821,0.5888930997457523,2630.6662724027615,0.05918532340714502,0.26283320232754553,0.8585841820534865,0.9979333559594651,0.005904447215242188,0.012064769231237291,140,17,dual-fidelity: 3D FDTD coupler/mode/bend + CMT Eqs 2-7,
12.002489912471175,475.9173225171986,196.89095901975548,0.9551402520594479,2.404699170095378,4.260110250590663,1549.5109698309027,7.262535521641212,0.11186298885375574,13851.8645506304,0.38113095318745793,0.04508851286300334,0.9771957261147823,0.9979330148763544,0.007920045852259232,0.010052139340324768,120,13,dual-fidelity: 3D FDTD coupler/mode/bend + CMT Eqs 2-7,
7.333032750547254,439.41410337503066,221.57554209255943,2.943221453411175,2.3281570597290804,4.3332963803674005,1550.9479867868927,10.625252512530551,0.39380595408588703,3938.3558595171444,0.19393649380111383,0.10696236165754218,0.9450066869300227,0.9974517930159211,0.015406730885827731,0.0067549620504765845,78,9,dual-fidelity: 3D FDTD coupler/mode/bend + CMT Eqs 2-7,
5.549739825964484,470.3163800249042,305.58465191468804,2.897416115365185,2.3970499101661047,4.267959951449612,1547.2339250187588,13.699115306226986,0.06829386486075102,22655.53323382003,1.7892511875792554,0.012578928550813436,0.9936906316601695,0.9971085953142359,0.019864366242445083,0.0052864338753069754,63,7,dual-fidelity: 3D FDTD coupler/mode/bend + CMT Eqs 2-7,
7.509961058536189,494.0554743294464,255.1331281546565,0.8035020212655388,2.439993601820477,4.221877012132408,1546.1789806066124,11.539588644554897,0.037062940059438255,41717.655915234674,2.4431211960244226,0.007544582506205167,0.9962205666888206,0.9975431374484945,0.015023142230792152,0.006343152532992148,77,9,dual-fidelity: 3D FDTD coupler/mode/bend + CMT Eqs 2-7,
14.31548909839196,467.5597629116828,155.24646779346025,1.9113206090817898,2.3848435021888186,4.280509007752597,1552.9556344713294,5.990542277280156,0.36980488625172997,4199.391874487609,0.0935756270521726,0.17361858988942203,0.9090552294061005,0.9979428959245621,0.005696145598030883,0.012190036558215035,144,17,dual-fidelity: 3D FDTD coupler/mode/bend + CMT Eqs 2-7,
11.063474327482329,454.78755896112733,295.54092184105804,0.2852600451095032,2.364500072936167,4.30018022063369,1548.73383435813,7.926955159810859,0.02814090705518082,55034.96498251657,1.8117919509477065,0.008976199436952723,0.9955017833048052,0.9979108637765979,0.009054018530039974,0.009110969326031889,107,13,dual-fidelity: 3D FDTD coupler/mode/bend + CMT Eqs 2-7,
11.039112655069921,401.9593144160609,275.61149907615334,2.2831480054755917,2.2276704737599515,4.410123035267382,1553.6338461777723,7.375073649157457,0.24243228866967875,6408.526911589095,0.1839909729553292,0.09573151152984041,0.9509303278737931,0.9978498553153377,0.009085504989700567,0.009610521238446277,106,14,dual-fidelity: 3D FDTD coupler/mode/bend + CMT Eqs 2-7,
7.805887968229511,423.9332603111901,269.1086508803292,2.6407396183816907,2.287556130970944,4.366905217939373,1553.4599194036714,10.119102307732192,0.2222370666852506,6990.102697871737,0.31875392254403256,0.0639990469448664,0.9674714223454529,0.9975317628707361,0.014402785409616441,0.007062551577670286,80,10,dual-fidelity: 3D FDTD coupler/mode/bend + CMT Eqs 2-7,
14.02968418669307,497.58558428510787,174.27716023929128,1.9763023432126707,2.4408543341706275,4.2211825215975685,1550.4257952724024,6.164355891176228,0.1536189752712964,10092.67112044132,0.23272418488511676,0.07314156686294605,0.9627348716739484,0.9979405720774308,0.005932926136850879,0.011973482330241253,145,16,dual-fidelity: 3D FDTD coupler/mode/bend + CMT Eqs 2-7,
9.473339477007308,430.4648777072539,312.62267088837444,0.5225422218433201,2.305915100837115,4.352094846721682,1551.825312229562,9.093201948860724,0.040568830552629595,38251.66491344611,1.501037906337177,0.011667911020335545,0.9941489269619841,0.997788455965381,0.011356681668362971,0.00787381814122063,90,11,dual-fidelity: 3D FDTD coupler/mode/bend + CMT Eqs 2-7,
8.165071621999312,465.1227104912905,247.54577242275298,0.3525172206695644,2.3839655761705743,4.281265512231286,1549.8068573656874,10.729520415491606,0.05170203120148766,29975.744111985558,1.4765696717599743,0.012622665107238598,0.9936686242871722,0.9976489348443169,0.013684135802487217,0.006761000023538046,80,9,dual-fidelity: 3D FDTD coupler/mode/bend + CMT Eqs 2-7,
11.658025179481367,405.3139113831479,304.0353864766863,0.576293550994773,2.2460755258105123,4.396825505016924,1547.3405550730429,7.290956619482586,0.07210000762535518,21461.03178120739,0.6017774038228407,0.028461753556554212,0.9856663971361942,0.9979308771011626,0.00831851660151198,0.009672275550656749,108,14,dual-fidelity: 3D FDTD coupler/mode/bend + CMT Eqs 2-7,
5.331225230187758,445.30404037379407,180.9543327536736,0.27620452712761406,2.3329438545593737,4.329535618739497,1557.5595488479232,16.321009644018204,0.21052793471837614,7398.3509643576535,0.6434389705921261,0.03662839522186084,0.9815149539248698,0.9971351959674335,0.020492649811674236,0.004426433061678688,51,6,dual-fidelity: 3D FDTD coupler/mode/bend + CMT Eqs 2-7,
5.37428786808648,476.5577504916082,276.0879252208064,1.6459721929300488,2.41416778407122,4.249970019659727,1542.5529409455107,14.994520024198664,0.06224914963027098,24780.30543561653,2.202769799431112,0.00999463364644493,0.994990133797092,0.9971046660618766,0.020367281380428117,0.004817746824172694,58,6,dual-fidelity: 3D FDTD coupler/mode/bend + CMT Eqs 2-7,
8.59711446993039,473.27586856620223,184.38351440210857,1.6035103053085584,2.404236404460687,4.260493523851829,1545.8506365061744,9.7539132620484,0.21098101185451146,7326.9656966673565,0.3058271165487357,0.06317617328962477,0.967896599183185,0.997664891566495,0.012867055076398065,0.007439156911189218,89,10,dual-fidelity: 3D FDTD coupler/mode/bend + CMT Eqs 2-7,
8.58112238324286,447.7369848030726,150.29580487344884,1.8107142212452472,2.345984054181496,4.317503175496504,1551.5370619084954,9.642991327290702,0.6694552683039099,2317.6112510689068,0.09513158978059602,0.192526678217744,0.8985951935005306,0.9976568322223245,0.012896411323619511,0.00747996736759895,87,10,dual-fidelity: 3D FDTD coupler/mode/bend + CMT Eqs 2-7,
11.865355983736826,455.5790722652428,299.43541282456135,1.7874048511101552,2.362908976311957,4.301787677962926,1551.32003618855,7.134970578263392,0.04668443756852174,33229.91808376353,0.9392539605437762,0.018214097171557368,0.9908511002307272,0.9979030665480484,0.008076340561769561,0.010156515210879818,119,14,dual-fidelity: 3D FDTD coupler/mode/bend + CMT Eqs 2-7,
13.492833772432727,492.0240014988504,246.48502619159444,2.652411220875136,2.4296130583844353,4.2336573032272735,1552.2435516627227,6.298351111432112,0.06572018711948947,23618.976446924957,0.5728995951744741,0.03012862177072648,0.9848204802040185,0.9979165625737959,0.006404621591391042,0.011710763655879091,141,16,dual-fidelity: 3D FDTD coupler/mode/bend + CMT Eqs 2-7,
9.207089496475493,406.0118382778757,176.65411790808014,1.2546037505167147,2.2393311708448955,4.4022415268915145,1553.608249018538,9.04099047785212,0.7605121904774835,2042.844636117027,0.07586231214977145,0.2283741872603312,0.8784223430330474,0.9977411260093845,0.011795846140050732,0.007846677403132848,87,11,dual-fidelity: 3D FDTD coupler/mode/bend + CMT Eqs 2-7,
8.193354202904727,419.315365698301,239.8013802274565,1.5347395114364262,2.27690740422161,4.3750113865543145,1552.5617327323273,10.047670555417653,0.24785623797357895,6263.9606952229615,0.2732821271229829,0.0719512565625682,0.9633528654846218,0.9976172988313365,0.01362909524523802,0.007091479429720653,80,10,dual-fidelity: 3D FDTD coupler/mode/bend + CMT Eqs 2-7,
5.691860843162904,495.2255420240482,236.9094259668576,2.610219153000802,2.430267470262385,4.233259344928765,1556.2618256286546,13.866040610182154,0.10813748496886154,14391.51119592604,1.083813298700936,0.02125095940791835,0.9893174619868396,0.9971495603501102,0.019466108756346346,0.005327849114415565,64,8,dual-fidelity: 3D FDTD coupler/mode/bend + CMT Eqs 2-7,
6.406055740704274,400.3434534083724,311.37881152860183,2.261322674417801,2.2218895375824648,4.414046944354027,1554.388116788479,12.147776726903203,0.179589223882548,8655.241573988062,0.5227027880125167,0.04251646176246139,0.9785108779352116,0.997309263472465,0.01758243975002307,0.005820500485254279,64,8,dual-fidelity: 3D FDTD coupler/mode/bend + CMT Eqs 2-7,
5.611593038294663,466.7603447277171,241.92118318211695,2.279262056945428,2.381447096577946,4.283956003085617,1554.4682389863324,14.066948208673693,0.15094269633630994,10298.3998346159,0.7766857910725654,0.030144834041183496,0.9848122490905648,0.9971412573523398,0.01969004685699829,0.005176236395456768,61,7,dual-fidelity: 3D FDTD coupler/mode/bend + CMT Eqs 2-7,
7.195083896657025,404.01941830386494,259.42096717644523,1.5447896567038675,2.2425157266785583,4.3992734404389005,1547.259757621577,11.201051291207932,0.2597170847159711,5957.48161625052,0.30938628976493643,0.06746807272153248,0.9656769269680557,0.9974713622540285,0.01571259290847259,0.006278691215784988,70,9,dual-fidelity: 3D FDTD coupler/mode/bend + CMT Eqs 2-7,
11.374251792687598,488.9532726632108,323.07714362990566,0.7396581729392753,2.4250423327786836,4.238584358017878,1551.726049283683,7.758145089100026,0.013962558121560928,111134.79605771623,4.025318527324329,0.0035372862005224413,0.998229790078155,0.9979131880031825,0.008661797388615259,0.009482960251681063,114,13,dual-fidelity: 3D FDTD coupler/mode/bend + CMT Eqs 2-7,
13.156013551791466,496.15281192875705,253.48360017424875,2.308497050366905,2.436476201389281,4.2261477491939585,1552.2072301312917,6.511346228371167,0.04954258439739766,31330.768247383257,0.7934084949263237,0.021511909959765655,0.9891855690618593,0.9979222650019915,0.006719524848071209,0.01134622646955271,137,16,dual-fidelity: 3D FDTD coupler/mode/bend + CMT Eqs 2-7,
8.035278555489793,453.0182164690042,277.2508704017524,2.8189758645174563,2.353873916749164,4.310398174262712,1554.2517563031804,9.935612055221554,0.11504026686049697,13510.502006988008,0.6076173678921559,0.03318175489518562,0.9832691620837167,0.9975581184151705,0.01393958977284705,0.007296262465437866,85,10,dual-fidelity: 3D FDTD coupler/mode/bend + CMT Eqs 2-7,
10.011994228824847,402.21463493309955,214.76930155892518,0.9312519526148078,2.229589627231965,4.4087287303456275,1552.7945538269005,8.406777176240439,0.37226406151998154,4171.217999091092,0.13825703906680933,0.12724603410850818,0.9342130195471972,0.9978220998910585,0.01051756615333532,0.008420063462115332,93,12,dual-fidelity: 3D FDTD coupler/mode/bend + CMT Eqs 2-7,
14.727146880064009,449.82608276780735,274.15224293412825,2.910985789427481,2.350475737776775,4.313400694919454,1551.5563615600524,5.658160645494263,0.10070524056035207,15406.907852329827,0.3321035393329972,0.05223640351685236,0.973531507699236,0.9979116887596318,0.005371609764561156,0.012786197381405347,149,18,dual-fidelity: 3D FDTD coupler/mode/bend + CMT Eqs 2-7,
12.297448753439424,415.648885623657,273.0102707064168,1.4958560773846306,2.2746477440087807,4.376202547128628,1547.1240525257729,6.790830181781757,0.1367380574492907,11314.509518314047,0.2910020501653907,0.059118693333502365,0.9699903642132213,0.9979266367684851,0.007594047666087188,0.010433651992162592,118,15,dual-fidelity: 3D FDTD coupler/mode/bend + CMT Eqs 2-7,
7.671242615140368,474.9013055418796,346.625029830239,1.10950240191083,2.4003549540808202,4.264696740238831,1551.5784773450523,11.1343797056104,0.019290924700512923,80430.4874666686,5.219281605233547,0.002963652951144362,0.9985170739896517,0.9975580723747073,0.014681803439740371,0.006554449679840599,78,9,dual-fidelity: 3D FDTD coupler/mode/bend + CMT Eqs 2-7,
9.091803417804648,471.39678506048995,248.92133962326014,2.8743877998800462,2.393778989348748,4.271443208670439,1551.6194386776647,8.924730267818177,0.12007643261017778,12921.931514362363,0.4930628388043371,0.0389733103788516,0.9803196874597329,0.9976811241330266,0.0119912348857773,0.008173653962535802,97,11,dual-fidelity: 3D FDTD coupler/mode/bend + CMT Eqs 2-7,
7.143112477872401,408.54672595726623,177.52242719498346,2.328563109160589,2.252099716861384,4.392855137215526,1549.5267313580553,10.970153502852327,1.229164195352453,1260.6344516191677,0.06515378019841804,0.2910033821959743,0.8420193690195171,0.9974394228201766,0.015829392927538103,0.006440021326286629,72,9,dual-fidelity: 3D FDTD coupler/mode/bend + CMT Eqs 2-7,
5.1329044159605175,451.4531594680384,180.42150313255806,0.5873101559465441,2.35999942362367,4.304368960535463,1546.7533362510842,16.489470379111935,0.23409870315741174,6607.26999077403,0.5949713019333848,0.04045245432791259,0.9795649777692582,0.9970770743591152,0.021080056631739806,0.004345329289783746,51,6,dual-fidelity: 3D FDTD coupler/mode/bend + CMT Eqs 2-7,
12.168296084908413,470.6357196235666,285.40560113145966,1.8352582302800795,2.396240923188208,4.268819876853398,1548.4001699544867,6.985073851275729,0.04339035050423791,35685.357503697865,0.9874895581984677,0.017207133624441578,0.9913591006167031,0.9979124122962078,0.0077351066053151585,0.010416402832506787,124,15,dual-fidelity: 3D FDTD coupler/mode/bend + CMT Eqs 2-7,
13.927503296210661,487.7860501152038,198.42788728894527,0.065320807378766,2.4241805837502146,4.2394623672748075,1550.7629298234358,6.452146860589892,0.05531574939334236,28034.74501983482,0.6741407561012537,0.02453607942744163,0.9876557702826215,0.9979972496048505,0.0060199474494438574,0.011393164339856472,137,16,dual-fidelity: 3D FDTD coupler/mode/bend + CMT Eqs 2-7,
10.28496821473275,461.0009127521998,194.9975718198156,1.5763305417284674,2.3768666293425467,4.28825280638635,1548.9633528945749,8.221242563299256,0.20977679249608128,7383.864222843002,0.2406363973660704,0.07467497402102116,0.9619381612031923,0.9978233155418224,0.010116294673704646,0.008810752893159725,104,13,dual-fidelity: 3D FDTD coupler/mode/bend + CMT Eqs 2-7,
14.75487710957295,482.71925526235896,212.72894369208944,2.293768975923303,2.4185385514832496,4.245421056166742,1548.105970157983,5.785602389807082,0.11742992488932197,13183.232226513617,0.28798459066271187,0.05963685400222899,0.9697232316479641,0.9979299574667407,0.005350425108975925,0.012648371452074252,152,17,dual-fidelity: 3D FDTD coupler/mode/bend + CMT Eqs 2-7,
12.588320620194011,439.12591847683643,258.64305821816237,1.5475900100376636,2.324504569297385,4.336593937391591,1553.2591104470846,6.745730488769368,0.10846967212453802,14319.754822008963,0.36465510316283456,0.047117137348587704,0.9761571915687618,0.9979332198676071,0.0072857099196319795,0.010684691053782742,123,15,dual-fidelity: 3D FDTD coupler/mode/bend + CMT Eqs 2-7,
13.466065429260116,494.4107095004637,201.99945854526484,2.840103722788132,2.4368172520655986,4.225579902922845,1549.438098180126,6.273236205762487,0.13742173321101592,11275.058624103576,0.2691156211805039,0.06432851108662602,0.9673011366236338,0.9979106558215117,0.006429098966134037,0.011737698946508912,142,16,dual-fidelity: 3D FDTD coupler/mode/bend + CMT Eqs 2-7,
11.094449577149474,471.566590614034,322.54559096216445,2.1616198875452906,2.3919902850225596,4.273334968958771,1553.3610582758413,7.59840651612285,0.02904583740237988,53479.6444928307,1.716950339933867,0.009769935229078581,0.9951030422880444,0.997856490962935,0.009014141818203841,0.00962412390543252,114,13,dual-fidelity: 3D FDTD coupler/mode/bend + CMT Eqs 2-7,
11.988184768918904,452.24703747590405,190.05866081573737,0.9402741151421146,2.3536746357994223,4.3105243625375795,1553.114144680232,7.221924521636765,0.19711642017344058,7879.1718280682235,0.2132133993794046,0.07993823746688292,0.9591985000682169,0.99793294459206,0.007936207436786651,0.010036589501914248,117,14,dual-fidelity: 3D FDTD coupler/mode/bend + CMT Eqs 2-7,
13.179068906691414,421.71555913858344,224.36500443250253,0.8437055639981665,2.289648458791298,4.364779726837547,1547.691415421743,6.47326303950058,0.19450774473068114,7956.965505742221,0.19028119267801014,0.08787375152379766,0.9550530082022686,0.9979663899818676,0.006697484500598653,0.01098421262182753,125,15,dual-fidelity: 3D FDTD coupler/mode/bend + CMT Eqs 2-7,
5.956394348892242,449.4217238651944,265.55874541931894,0.44944001368891373,2.3489397640818335,4.314834747376016,1552.0825826942025,14.46137974209546,0.06263292318820728,24780.61862177995,1.9627303872604627,0.010717128403692168,0.9946270012403181,0.9972719314463733,0.018745961803710808,0.00498212123293366,58,7,dual-fidelity: 3D FDTD coupler/mode/bend + CMT Eqs 2-7,
14.895029741537826,460.99670639853014,238.95494053224354,2.775827963243447,2.375962865463974,4.28916056182142,1549.688764815419,5.631717675615164,0.13562853812247253,11425.978531273784,0.2439609769037387,0.07069846516021334,0.9640028707632496,0.9979145604686831,0.005244626202251194,0.012888185433307641,152,18,dual-fidelity: 3D FDTD coupler/mode/bend + CMT Eqs 2-7,
5.3516261652169455,429.79192146360623,174.6235844581124,2.6886074483878404,2.3058862176969868,4.352028795116873,1550.608047635852,14.062803837845877,1.0783145406723338,1437.992338180881,0.10831673983032686,0.2094960814226995,0.8891028728877781,0.9970681095165815,0.020433160581607015,0.005070321592386001,58,7,dual-fidelity: 3D FDTD coupler/mode/bend + CMT Eqs 2-7,
8.42130315704293,424.5301571445421,327.0651693865412,2.4884247202999656,2.2979320578084463,4.358178921239227,1546.8144263687518,9.437288853216842,0.08301917041177843,18632.014975535047,0.7881730428425103,0.024801646459985966,0.9875213180180031,0.9976174657663502,0.013193491731305164,0.007525629501550828,86,11,dual-fidelity: 3D FDTD coupler/mode/bend + CMT Eqs 2-7,
11.993472127755087,445.70808903354333,231.97989559971666,0.28405270656646175,2.3454210222718332,4.317874935344792,1548.4941379310658,7.2870573277159565,0.08294402795234741,18669.145641452316,0.5146975006599736,0.03301598954823342,0.9833534514363422,0.997952737813687,0.007930230075807622,0.009870290724880507,115,13,dual-fidelity: 3D FDTD coupler/mode/bend + CMT Eqs 2-7,
10.489275450264042,480.8055194828056,272.71094690680013,0.024973966587971432,2.4162139741590862,4.247880214791302,1547.2216641883365,8.508389273701596,0.022138576459132572,69888.03760912454,2.618318390866461,0.006003388578729656,0.9969937870524923,0.9978838301054742,0.009826012895106971,0.008574281212280488,103,12,dual-fidelity: 3D FDTD coupler/mode/bend + CMT Eqs 2-7,
10.491588799354956,484.00089997519234,257.56764350844156,0.6816014621828452,2.418679887615037,4.2453404765394644,1549.8854538586756,8.374968610738279,0.03484990237706956,44473.16486253531,1.5581579944533999,0.010821851215774586,0.9945743555834452,0.9978643716529014,0.009822774213829774,0.008746893937267549,105,12,dual-fidelity: 3D FDTD coupler/mode/bend + CMT Eqs 2-7,
12.861125771018633,435.9951124623149,241.0491818879629,0.16393582403641035,2.325722927018129,4.335169037358794,1546.7336255096238,6.777919372540509,0.08103781426132615,19086.566433317228,0.4822652476178671,0.03478589416575642,0.9824531061756808,0.9979808685521484,0.007007910450095591,0.010547772056422357,122,15,dual-fidelity: 3D FDTD coupler/mode/bend + CMT Eqs 2-7,
11.583514032085294,400.9485951803961,261.74805154958267,0.263594335913988,2.224996841389936,4.411867868427618,1553.4409595159445,7.432263417419335,0.1278094812020188,12154.34836998155,0.34004506684165353,0.050421002986232796,0.9744634405732044,0.9979370085091064,0.008407313160499181,0.009530111999685533,105,14,dual-fidelity: 3D FDTD coupler/mode/bend + CMT Eqs 2-7,
5.998830527669108,411.8896677142292,268.07244199197305,0.9679457674458015,2.2644947244173244,4.383710622518461,1547.1830434258497,13.6813774022105,0.1571587570048108,9844.714178914566,0.6907012154155944,0.03254633676545081,0.9835922240616531,0.9972654496210515,0.018632942453408154,0.005151595197658327,58,7,dual-fidelity: 3D FDTD coupler/mode/bend + CMT Eqs 2-7,
8.43783366561794,422.4308114907294,257.2626300868467,2.374382495122929,2.2847554139270287,4.369012484187028,1552.6992837714815,9.505888826645787,0.24321411389572806,6384.083797197569,0.26264505475356614,0.0746316561593441,0.9619606768681639,0.9976228859087471,0.013162449292413687,0.007509480875322631,85,10,dual-fidelity: 3D FDTD coupler/mode/bend + CMT Eqs 2-7,
9.410650421831342,419.76145857685583,312.03282740574616,1.3017745817762034,2.2831176738138645,4.369928476681999,1548.8170929886755,8.851500282633651,0.07059603109977104,21939.152511276214,0.8186610495296895,0.022441123886713744,0.988715771146231,0.9977593583537561,0.01145858907657831,0.008025213251250841,91,11,dual-fidelity: 3D FDTD coupler/mode/bend + CMT Eqs 2-7,
14.082601689059613,412.6011552586168,285.2306803567424,1.7202610058420702,2.26106625125352,4.386607493382225,1551.0934399753385,5.948036596639213,0.12612014774683547,12298.538082027086,0.27306231475202264,0.062303840572701365,0.9683471275463663,0.9979483753604494,0.005888355060553334,0.011950135344061972,134,16,dual-fidelity: 3D FDTD coupler/mode/bend + CMT Eqs 2-7,
8.603732339356728,454.26467104505633,324.46410295634837,1.569688813850456,2.359914407860091,4.304623888957756,1551.52768724133,9.729035276688819,0.03614046772703376,42930.48166835865,1.9508394884045672,0.009233864261867194,0.9953723603446766,0.9976666738236398,0.012854926386949394,0.007435768892402886,87,10,dual-fidelity: 3D FDTD coupler/mode/bend + CMT Eqs 2-7,
6.220017715188821,425.15075370829993,217.1877391868453,1.000212426147807,2.298199341258393,4.358034969783781,1547.7788131571674,13.288740993044257,0.2638347011010275,5866.471721490845,0.38638309596360365,0.057511562080066254,0.9708184371549264,0.997310123329961,0.01805479812066248,0.005340653340199679,61,7,dual-fidelity: 3D FDTD coupler/mode/bend + CMT Eqs 2-7,
6.158809758500178,404.7755234956444,348.7342440177389,1.2068069103805548,2.2327834865763005,4.406991103242181,1555.7791925143704,13.26750298073398,0.06534572198534865,23808.432216315494,1.6867944114157827,0.012574042533720223,0.9936930901773846,0.9972915357616899,0.018212965602176313,0.0053443723846608795,59,8,dual-fidelity: 3D FDTD coupler/mode/bend + CMT Eqs 2-7,
5.898161918761215,478.18342470531576,227.59100715150024,0.5613802801909383,2.4025080049992447,4.26262240784178,1554.789361721861,14.744916956546831,0.06921620376422802,22462.794507164228,1.8054919895671548,0.011821953398303605,0.9940714494450067,0.9972561163342085,0.018902167590261133,0.004963660632802106,59,6,dual-fidelity: 3D FDTD coupler/mode/bend + CMT Eqs 2-7,
7.933064945756439,433.99600535343825,253.39434153887237,2.4913239771105746,2.3174276720669087,4.342378605112879,1549.4989813100192,10.032712998814077,0.21836312105330097,7095.973779069575,0.31871181256065245,0.06344826854778315,0.9677560288896251,0.9975540015604398,0.014144114931876707,0.007127583458098926,82,10,dual-fidelity: 3D FDTD coupler/mode/bend + CMT Eqs 2-7,
6.307174655987133,481.7403273649568,336.71307916486376,0.06623006231306924,2.415581572446335,4.2486215380039445,1549.1517059846826,14.10720575171581,0.017646371571227334,87788.68220765548,9.858616139705909,0.001253504572341982,0.9993730511814185,0.9973554205709863,0.017831943462512385,0.005169008942882194,62,7,dual-fidelity: 3D FDTD coupler/mode/bend + CMT Eqs 2-7,
10.157121909850385,418.53208546315614,236.38918913767628,0.3151324183974332,2.2813947056182142,4.371153886667347,1547.7304436385436,8.465719526369867,0.137356192124667,11268.006339559815,0.3762919624126758,0.047425331339164205,0.9759993179612555,0.9978516159217935,0.010302286138580639,0.008378414717919828,95,11,dual-fidelity: 3D FDTD coupler/mode/bend + CMT Eqs 2-7,
5.220192425320916,440.82609253709836,292.5069575056873,1.3373400196820182,2.3248005870055644,4.336529883110773,1556.0423886700846,15.614853381557396,0.08301743669987889,18743.560997859076,1.6888442349424413,0.013549421737567359,0.9932021839798947,0.9970764176486275,0.020819471629523738,0.004611635130282776,53,6,dual-fidelity: 3D FDTD coupler/mode/bend + CMT Eqs 2-7,
14.78187483659752,406.3263645902853,263.9556091920878,2.575646354117528,2.2452500852009507,4.3977070582237525,1549.990236579447,5.556695053208159,0.26219506166551365,5911.592028978767,0.12359325797941448,0.13537375506227883,0.9298528082109131,0.9979213641841139,0.005329880322485553,0.012743711694234593,142,18,dual-fidelity: 3D FDTD coupler/mode/bend + CMT Eqs 2-7,
12.675372010621832,446.1173589450027,272.26323106313316,0.04007049736937983,2.3481197281986543,4.315367984575099,1547.0781310781035,6.932597905460625,0.0391782017125342,39488.23742420904,1.0540425413849108,0.015547291094594141,0.9921959024836808,0.9979804035439268,0.007195888906608454,0.01036384078273872,121,14,dual-fidelity: 3D FDTD coupler/mode/bend + CMT Eqs 2-7,
6.0535017257743675,495.07295299206174,295.1256577480341,2.18686301314369,2.442111212772832,4.219495321903983,1545.783467010262,13.266242833319893,0.040673106597854974,38005.05042051014,2.959791428474252,0.006782804831139684,0.9966028271928895,0.9972405381986564,0.018488341658870783,0.005513169886465691,67,7,dual-fidelity: 3D FDTD coupler/mode/bend + CMT Eqs 2-7,
8.34213058864188,421.956700178483,307.3123523285825,2.696263931205199,2.2833208838187935,4.370136362011225,1552.8645113293048,9.49851452282337,0.12685870093577217,12240.898731223104,0.5146555527874855,0.03858118109440985,0.980519667781116,0.9976014936858748,0.013343186969881907,0.007514998426979999,85,10,dual-fidelity: 3D FDTD coupler/mode/bend + CMT Eqs 2-7,
8.447905727185406,484.6412178070431,199.35348939695928,2.0398073734453037,2.416975022053243,4.2472791462176005,1552.2783610164868,9.877136295441915,0.16071552724884197,9658.546299717731,0.4143393622517347,0.04733400910365439,0.976046100804847,0.9976341005751224,0.01314357091170412,0.007430718345489429,89,10,dual-fidelity: 3D FDTD coupler/mode/bend + CMT Eqs 2-7,
8.83232492584019,489.2623530565594,235.92395288322012,0.5477060451554527,2.4318815949577886,4.230860059361651,1546.309078399401,9.937865830079318,0.04310276015227301,35874.94334322478,1.5987930775092265,0.011216118746884302,0.9943761266508341,0.9977230718967552,0.012442925006597496,0.0073567710180361835,89,10,dual-fidelity: 3D FDTD coupler/mode/bend + CMT Eqs 2-7,
12.10184955176592,423.66791631040604,323.6483927577484,1.0471813654776614,2.2961091539401948,4.359610405783267,1546.5586915938445,6.996458244239193,0.04562564849241002,33896.69501028834,0.9280391302637883,0.018176608255405596,0.9908700175828283,0.9979337341417727,0.007808696411482619,0.010157228383160147,116,14,dual-fidelity: 3D FDTD coupler/mode/bend + CMT Eqs 2-7,
9.653391318040752,465.0568318918823,196.25044205537068,1.0576263078907457,2.38875960507515,4.2763594142836325,1545.7810943530997,8.862164899848949,0.1538456858423765,10047.6076783644,0.361755872657828,0.05073563946345997,0.9743019863145821,0.9977886271221872,0.011069000981237543,0.008160008884267518,97,11,dual-fidelity: 3D FDTD coupler/mode/bend + CMT Eqs 2-7,
13.09585572728892,408.1474716836427,347.33645553303813,0.70468724935116,2.254769587015965,4.390665151855485,1546.7915788658918,6.488835634619818,0.037560412749027126,41181.43187619673,1.0334618018422757,0.015961125184685693,0.9919873360155936,0.9979691730427055,0.006777376374931624,0.010880098162615202,122,15,dual-fidelity: 3D FDTD coupler/mode/bend + CMT Eqs 2-7,
12.375851479944739,443.8876143118871,332.3179117052889,1.8763291988363595,2.339214448991243,4.323531100019111,1550.2036262518013,6.795383470198431,0.036520933967511236,42446.98746288502,1.1488864396720984,0.01463276085836102,0.9926566572292954,0.9979176074732384,0.0075096749668434135,0.010596615455438772,123,15,dual-fidelity: 3D FDTD coupler/mode/bend + CMT Eqs 2-7,
13.360692888187945,467.69637776689547,314.67570831869966,0.5806267944400498,2.3874090657478435,4.277864668922985,1551.0680111074578,6.586170918747257,0.01872338167220188,82841.23232985675,2.242108251953367,0.006852905799140166,0.9965676566098559,0.997976864614583,0.006526365530276853,0.011064165168898582,131,15,dual-fidelity: 3D FDTD coupler/mode/bend + CMT Eqs 2-7,
8.669797388717958,465.77504518240613,320.576302949529,0.4883496175628056,2.3809977403706384,4.28434551373047,1553.2688849266124,10.104434002822245,0.02124023941817587,73128.59588566767,3.734254206836872,0.0042654549895034385,0.9978649933786116,0.9977066046505906,0.012734472744361841,0.007208583564538491,85,10,dual-fidelity: 3D FDTD coupler/mode/bend + CMT Eqs 2-7,
7.457254297565391,489.9598693664618,254.4941921213022,2.144997030018221,2.426925807891674,4.236535129419211,1551.5732489415666,11.050328411751252,0.06756648874744704,22963.65073433229,1.2224677337058396,0.016459602708151964,0.9917360522295476,0.9974950181898166,0.015136403225546208,0.006648889610272147,80,9,dual-fidelity: 3D FDTD coupler/mode/bend + CMT Eqs 2-7,
9.688381306393712,494.3906433614391,246.69006532014743,2.1200127753887963,2.432702746540072,4.230339645228504,1552.9687602309643,8.71828713888317,0.061314297016619494,25328.00400223174,0.93389172119082,0.019563281727285376,0.9901700451299841,0.9977599379903215,0.0110139466825473,0.008464809681310312,102,12,dual-fidelity: 3D FDTD coupler/mode/bend + CMT Eqs 2-7,
7.914516022639653,405.47781766978255,204.19515412918247,1.4161758992961893,2.2420445933689077,4.399993922382922,1550.5721565307479,10.339910060064767,0.5504932105498973,2816.696240416579,0.12783551906614818,0.1508772823817661,0.921478549733109,0.9975835469558083,0.014181550969066977,0.006832893936112305,76,9,dual-fidelity: 3D FDTD coupler/mode/bend + CMT Eqs 2-7,
11.52891691878811,486.2873141252038,181.17069063469796,0.8400561704280203,2.423936926512245,4.239630414089996,1548.7793832749405,7.604989329469163,0.1134967848116702,13646.019892500855,0.3967384707101517,0.043635883833295794,0.9779387077760571,0.9979173679461147,0.008472978884917529,0.009635396385248353,116,13,dual-fidelity: 3D FDTD coupler/mode/bend + CMT Eqs 2-7,
7.6238233975983,444.5389710048296,165.00266035969628,2.381734683692176,2.347115685769952,4.316213426421459,1545.1462896297824,10.446973122057898,0.7260587516442802,2128.1284553495743,0.1009448946037802,0.19251976593291192,0.8985990396539983,0.9975130996033928,0.01478134930861878,0.006846497388081774,80,10,dual-fidelity: 3D FDTD coupler/mode/bend + CMT Eqs 2-7,
12.110254991074576,432.0795986853446,189.47538569928759,0.6947397493040915,2.316120278725151,4.3433279807040055,1547.017713007798,7.085840466842683,0.26154878374069135,5914.834283999446,0.15642200056097016,0.1071642421412697,0.9448998665777926,0.9979445474012827,0.0077993488103427515,0.01007245924421441,116,14,dual-fidelity: 3D FDTD coupler/mode/bend + CMT Eqs 2-7,
12.476160481865229,401.7068756671521,245.57015445431193,1.590008792966771,2.2276879490470938,4.410037517202652,1553.0992142447847,6.681988032363051,0.2913954310295493,5329.86810657059,0.13332074640857844,0.12561869177635862,0.9350835835494287,0.99792899206169,0.007403093404958685,0.010604105956028486,117,15,dual-fidelity: 3D FDTD coupler/mode/bend + CMT Eqs 2-7,
7.726208749389085,487.63512250961116,195.60641865370332,2.342827196848863,2.421390400509981,4.242591117422285,1552.9238912530654,10.622894316752308,0.187670138681313,8274.75219107778,0.3983602458951281,0.05135906213656408,0.9739820007902794,0.9975292446176045,0.01456725316629877,0.006920011239448008,83,10,dual-fidelity: 3D FDTD coupler/mode/bend + CMT Eqs 2-7,
11.660771356370748,441.34321886146455,208.2591206242045,1.625552447448341,2.331809026593217,4.330146888093229,1551.522709696067,7.238525864963549,0.2446398020917554,6342.069836674197,0.17469995367001712,0.09840014585791057,0.9495261208319071,0.9978996506960545,0.008315261903414929,0.009947325979711373,115,14,dual-fidelity: 3D FDTD coupler/mode/bend + CMT Eqs 2-7,
9.984666125691689,423.03264862852745,166.70875053852245,1.5205350444656818,2.2879363416307315,4.366430489439281,1551.4703328796365,8.344821194699762,0.700870292885786,2213.6340327559933,0.07387724177541911,0.22819612836029252,0.878523688718584,0.9978023490042053,0.010558604697229638,0.008550955086306246,97,12,dual-fidelity: 3D FDTD coupler/mode/bend + CMT Eqs 2-7,
12.577558809249144,426.4145607209007,277.19310580143343,2.6618734137646776,2.297711462899226,4.358631235746575,1550.511862560586,6.517062680593199,0.15291106543359764,10139.958531868991,0.25244094553708,0.06884457406145363,0.9649639505901484,0.9978996600969717,0.007296891715991579,0.010965614339938798,125,15,dual-fidelity: 3D FDTD coupler/mode/bend + CMT Eqs 2-7,
9.820006099634854,490.6992517003893,179.96779086343602,1.3269775670973205,2.4311106166110936,4.231831918733495,1549.0476773112,8.773040411939519,0.13886582687080462,11154.995524942029,0.3963342007405173,0.04619492603322135,0.976629445576355,0.9977947833645378,0.010809285566752558,0.008366133512858457,101,11,dual-fidelity: 3D FDTD coupler/mode/bend + CMT Eqs 2-7,
8.179400091654147,426.3410210016144,299.6631999792878,0.4992355609556578,2.302655614016733,4.354377485319904,1546.6511944993142,10.429288038238155,0.05390232110220844,28693.591720597466,1.3699841846154113,0.013698016083611163,0.9931273754742584,0.9976464150577684,0.013656223531746059,0.006810850487913682,78,9,dual-fidelity: 3D FDTD coupler/mode/bend + CMT Eqs 2-7,
6.576348152969789,432.63027177040135,213.28114111439723,1.4363770884837181,2.314139041057366,4.345137903459276,1549.532364147996,12.424138446233428,0.2970030666696182,5217.226816959681,0.3128023917420835,0.06942301485367022,0.9646641825766777,0.9973663219704618,0.017160901621988304,0.0057451118746586274,66,8,dual-fidelity: 3D FDTD coupler/mode/bend + CMT Eqs 2-7,
6.744368644564149,407.5118092782861,278.4666333428619,2.1945846254778183,2.251121023282615,4.393391531848089,1548.1517828137587,11.594740624994984,0.24191023127878256,6399.695352403824,0.3580191581690402,0.06058316472026635,0.9692351805829861,0.9973745473072427,0.01675489342697575,0.006079487339208895,68,9,dual-fidelity: 3D FDTD coupler/mode/bend + CMT Eqs 2-7,
10.726784158971306,407.2914113790562,335.9510745734482,0.7439664397407393,2.2489901715840537,4.395011564265579,1549.2462402717385,7.895010255775105,0.048316804024676266,32064.33603266703,1.0216726456439078,0.016877712729079956,0.991525232795878,0.9978776335114586,0.009499011631559634,0.008955219715054174,100,13,dual-fidelity: 3D FDTD coupler/mode/bend + CMT Eqs 2-7,
13.84013374082475,412.4777517747871,289.6370248114629,2.717494065354585,2.2634396618329395,4.384674142006229,1549.1167670453387,5.9053429039392995,0.16407600044568038,9441.458609653246,0.21087545214526507,0.08137684304299833,0.9584483068778419,0.9979175568437776,0.00609536639881132,0.012011364703059762,135,17,dual-fidelity: 3D FDTD coupler/mode/bend + CMT Eqs 2-7,
10.057163988503945,481.6581722680771,340.9351188671717,1.6986049475617204,2.4171977091200736,4.246842325290504,1547.6627774387619,8.434820865688607,0.01802427707579454,85865.45640253027,3.466098906162511,0.004475472784451262,0.9977597542572805,0.9978026942072864,0.010450084247303242,0.008656470536946322,104,12,dual-fidelity: 3D FDTD coupler/mode/bend + CMT Eqs 2-7,
9.390423065919846,439.31247055163493,151.36928442661045,1.9506699339709521,2.334565416266759,4.327445081320496,1545.8044290013024,8.738940010577835,0.7958332357758685,1942.3722954901184,0.070264803334862,0.24470491055918778,0.8690771481524596,0.9977380767034006,0.01149166542932698,0.00817740405351087,95,12,dual-fidelity: 3D FDTD coupler/mode/bend + CMT Eqs 2-7,
14.498520530866953,436.6086618893438,177.89642428486627,2.21899085673583,2.3215998045361164,4.338937466780722,1551.0051903856784,5.786250039292327,0.5185060092208602,2991.296460992451,0.06509265580684735,0.24178887998995935,0.8707531912143881,0.9979333772766638,0.005549497428645068,0.012419533475551341,143,18,dual-fidelity: 3D FDTD coupler/mode/bend + CMT Eqs 2-7,
5.418429745026658,402.6988190911821,202.35041060166782,0.46825793981015607,2.225273421700684,4.412174805236899,1556.868668950506,15.576586716839756,0.3888994342378493,4003.2680222371614,0.3249194957419067,0.07216944520586642,0.9632396144231888,0.9971503403189146,0.020239566958919347,0.004547596825402363,50,6,dual-fidelity: 3D FDTD coupler/mode/bend + CMT Eqs 2-7,
10.522027378077278,461.30302062922493,336.5798476957757,0.382223463769483,2.3811037971293207,4.28400563596551,1546.0135861170759,8.307800566607511,0.01629848869063486,94856.25418787557,3.695691009481047,0.004002549521389622,0.9979967186712642,0.9978753419544755,0.009780259596792342,0.008693918317658011,103,12,dual-fidelity: 3D FDTD coupler/mode/bend + CMT Eqs 2-7,
9.927428495259694,449.34570582942274,238.53590902288732,0.6411496033492698,2.356136939727949,4.30796253898781,1546.261553821738,8.680048609498726,0.08680002013770709,17814.069067825265,0.6271292470069803,0.028677248574711,0.9855570766958599,0.9978240515974234,0.010645077956356327,0.008275562368604727,97,12,dual-fidelity: 3D FDTD coupler/mode/bend + CMT Eqs 2-7,
6.544261546979754,475.58166818381306,167.90617331260557,0.37004756320486787,2.404978386665181,4.259794392389783,1548.7654969922332,13.363040446859031,0.15019420857934826,10311.752441333407,0.6721038171520972,0.031939781681338146,0.9839005124089842,0.9973921361336188,0.017239547947488915,0.005441657406215326,65,7,dual-fidelity: 3D FDTD coupler/mode/bend + CMT Eqs 2-7,
13.688718179268172,440.2069405729123,275.2988550601092,0.24054141608434698,2.3305274625887686,4.331210257871403,1550.5149038261807,6.396774794043495,0.04599870521147575,33707.794528080725,0.8128720407763539,0.020296098908054692,0.9897999298302386,0.9979904841212088,0.006228315509298517,0.011243678650134915,130,16,dual-fidelity: 3D FDTD coupler/mode/bend + CMT Eqs 2-7,
9.523460945693788,435.22899990587774,311.45677381180144,0.9483747003088157,2.315111520284073,4.344594255343361,1553.500709694852,8.956920421286668,0.04570068247994377,33992.94333025819,1.3026797440874938,0.013639719237387278,0.993156725176149,0.9977803192875386,0.011275856522418259,0.008025474507452928,92,12,dual-fidelity: 3D FDTD coupler/mode/bend + CMT Eqs 2-7,
12.53386394564953,449.0721782848279,209.9800980714269,1.3511812481416496,2.3548001981137254,4.309222089607164,1546.8559497618635,6.793352425909916,0.17818274810250317,8681.289104779122,0.22140582237267806,0.0768894390117894,0.960786428395099,0.9979376763751064,0.007342468362954433,0.010589143796630932,124,15,dual-fidelity: 3D FDTD coupler/mode/bend + CMT Eqs 2-7,
12.659336471962295,444.87587065483103,175.38785856307962,0.24735333723298028,2.3424285353925915,4.3206147365223595,1549.403489678211,6.917860030763222,0.20217685664659346,7663.604605281696,0.1949894157100128,0.08551996331876058,0.9562844956817189,0.997973824854275,0.007212351020021247,0.010404636267186476,121,15,dual-fidelity: 3D FDTD coupler/mode/bend + CMT Eqs 2-7,
8.00839661875057,448.6389592680566,170.24182697382736,2.4785343578376846,2.3524315567919283,4.311450828046345,1547.9926245386412,10.004010765032945,0.6255004659341191,2474.8065090996806,0.10974180760360151,0.17500176027761982,0.9082941372277926,0.9975646614588572,0.013993091023653965,0.007185790129007832,84,10,dual-fidelity: 3D FDTD coupler/mode/bend + CMT Eqs 2-7,
13.836904564918624,409.74510454673054,281.8873978479827,2.701581338453537,2.2520629058002584,4.3931596407460844,1551.9570202431373,5.918875388699462,0.19592290849593735,7921.263685585387,0.17671095496064376,0.09651337061069237,0.9505191367822678,0.9979180128896658,0.006098171914724337,0.01200458975768649,134,16,dual-fidelity: 3D FDTD coupler/mode/bend + CMT Eqs 2-7,
10.043448861085752,459.67899128761763,336.00415135208266,2.213705760518727,2.368952262425092,4.29609894722354,1553.2107229981668,8.280806310281378,0.031906870364403705,48679.507117406814,1.7645858486204444,0.0097901779144148,0.9950928710857018,0.9977862477952801,0.010470528224914087,0.00877919403899473,103,12,dual-fidelity: 3D FDTD coupler/mode/bend + CMT Eqs 2-7,
8.121707788587969,446.44059040130486,150.55102905056125,1.356762974998019,2.340975918848835,4.322115544255721,1553.2439091609717,10.331910725128864,0.5675823277634734,2736.596671854536,0.12234023235976145,0.15538281274041169,0.9190305692737257,0.997613271229712,0.01376895787326363,0.006986683729539538,81,10,dual-fidelity: 3D FDTD coupler/mode/bend + CMT Eqs 2-7,
6.679155191043229,429.5225582165551,200.8820029555514,1.8866677490448107,2.305238553378952,4.3525573067618675,1550.6019409240114,12.002655900585523,0.46841476601722626,3310.3182337915177,0.19011215176609103,0.11225057114862466,0.9422045578595846,0.9973718943234862,0.01691132329632673,0.005946161683647211,68,8,dual-fidelity: 3D FDTD coupler/mode/bend + CMT Eqs 2-7,
14.309204944369077,457.2249163666564,235.54141281869926,2.5953320944476985,2.365879544168085,4.2989763312575695,1551.658843148199,5.871843700121872,0.1490581726763219,10409.753556536669,0.23044143700961267,0.07447449336400107,0.9620423621837029,0.9979224667429729,0.0057012488106457085,0.012362746558860967,145,18,dual-fidelity: 3D FDTD coupler/mode/bend + CMT Eqs 2-7,
12.252379269789698,444.73018097552824,229.94427878947332,2.082873166442935,2.3450094920995714,4.3181919812679235,1547.1288917781746,6.807020611274993,0.18675769263792089,8284.150815558065,0.2146873746461703,0.08033614798879996,0.958991059401077,0.9979077097920281,0.007642977367342486,0.010549463046046634,123,15,dual-fidelity: 3D FDTD coupler/mode/bend + CMT Eqs 2-7,
13.74051852315485,496.89084401656294,261.5347674715993,0.05029598320361522,2.4396331377970637,4.22254050665326,1550.509128892852,6.565945851305514,0.01853235224696722,83664.99342502998,2.2352029965968443,0.0068100280361153955,0.996589169098222,0.9979965689703224,0.006182509483231969,0.011236526088335957,136,15,dual-fidelity: 3D FDTD coupler/mode/bend + CMT Eqs 2-7,
14.186067498655992,436.9257667345146,289.3051514837149,0.43328780818163926,2.3242703494039767,4.336565396410974,1549.5181543889132,6.132550124899808,0.043262811627396,35816.3997230288,0.8307454586178954,0.019877195640506846,0.9900115172862854,0.9979870126056802,0.005802173484310673,0.011700034643774943,135,17,dual-fidelity: 3D FDTD coupler/mode/bend + CMT Eqs 2-7,
5.676858451119217,467.7858710732913,280.74661327021244,0.417420959096274,2.383995698268594,4.281401902846787,1554.0074055885152,15.334213658446288,0.0397537114042214,39090.87606405215,3.6814687896306033,0.005276180733194564,0.9973584206627051,0.9972116376540096,0.019507769331425763,0.0047454674187964,56,6,dual-fidelity: 3D FDTD coupler/mode/bend + CMT Eqs 2-7,
10.583975830378467,474.0622011326803,254.84201880365288,0.6688066277026353,2.3999907359672457,4.265034455246963,1550.5927503107616,8.275809036770852,0.04286573486098554,36173.24549175153,1.2248975208736559,0.01397522983203921,0.9929877996068032,0.9978708437793173,0.009694301535249063,0.008819030308969805,105,12,dual-fidelity: 3D FDTD coupler/mode/bend + CMT Eqs 2-7,
7.737461089120776,400.87698968459426,245.60292708756634,2.2868817042528216,2.2366334450921364,4.403012047391284,1545.01018449065,10.138148707024357,0.4511954775323325,3424.259021700711,0.15618805732732566,0.12748417421857214,0.9340855559216339,0.9975325400223339,0.014543913553451047,0.0069146564810105985,77,10,dual-fidelity: 3D FDTD coupler/mode/bend + CMT Eqs 2-7,
10.773822140636113,400.1995015034706,274.763137999582,0.28009337612108076,2.226589311137295,4.410445569073192,1550.7537419325226,7.955334619402947,0.10818715365808995,14333.991509134794,0.44148946960549024,0.03962455940256293,0.9799874696124625,0.9978943660382299,0.009435552567924926,0.008873034004698905,98,13,dual-fidelity: 3D FDTD coupler/mode/bend + CMT Eqs 2-7,
8.546202806735183,426.9075719616321,297.64705515617163,0.04365784778158764,2.3023834471171316,4.354683608121292,1547.9122956886233,10.17635165994102,0.04241296467825899,36496.20599340201,1.6853718884291236,0.010670136808844861,0.9946506236820822,0.9977054905895112,0.012960745260817325,0.00699200990839242,80,9,dual-fidelity: 3D FDTD coupler/mode/bend + CMT Eqs 2-7,
7.612504850224617,439.60245956761736,301.3078038350597,2.5030724223363343,2.3241060023771998,4.337014051674372,1554.4127972758,10.487825856183917,0.09618770564449641,16160.202458938045,0.7913401259900398,0.025822732110006248,0.9870041883852336,0.9975077981242589,0.01480520963333802,0.006868800051156852,79,10,dual-fidelity: 3D FDTD coupler/mode/bend + CMT Eqs 2-7,
8.680813353849388,460.8751325337964,260.82268841726676,1.631707365879681,2.3802600334390536,4.284839210406586,1546.0076059731207,9.603021189985384,0.08047620695460983,19210.74146604722,0.8086917597810432,0.0235871575861519,0.9881360444867134,0.9976737197241632,0.012714497873644448,0.007514854574634445,89,10,dual-fidelity: 3D FDTD coupler/mode/bend + CMT Eqs 2-7,
5.323515518294124,420.82171618449445,170.8770787561495,2.8665133955875426,2.289103821348047,4.365102697214281,1546.3946648075375,13.881070571991813,1.469524759831045,1052.3093635967932,0.07930800784995051,0.27695328090283255,0.8503215386529777,0.9970560208486869,0.02051517643761433,0.0050936159661742215,58,7,dual-fidelity: 3D FDTD coupler/mode/bend + CMT Eqs 2-7,
8.473826529000743,467.484833629122,335.55688585793393,0.9651903019681309,2.388144569692805,4.277092471043525,1550.1306750638848,10.131222684955674,0.021107020688304282,73441.47229281087,3.8536734268855852,0.004169880793526941,0.9979128815715693,0.997669326388866,0.013095111152882283,0.007172490383050502,85,10,dual-fidelity: 3D FDTD coupler/mode/bend + CMT Eqs 2-7,
10.8440222065937,450.8558098926255,333.95110483150285,0.7053515720035662,2.3581882393708145,4.306079410329654,1547.187373672359,7.96120322949082,0.022002068728834576,70320.08638554561,2.4381459303900277,0.006509581962342052,0.9967398948761196,0.9978858658214376,0.009341633085176444,0.009040941538616756,106,13,dual-fidelity: 3D FDTD coupler/mode/bend + CMT Eqs 2-7,
14.676260781597069,434.555396828077,153.9180597846902,1.4634541711341698,2.3159123440104876,4.343793845965077,1551.6706393234301,5.808632384439534,0.6128214570291762,2532.0109495603965,0.05494122290758996,0.2777953044653546,0.8498262737375477,0.9979552129945433,0.005410702896526409,0.012368274678439553,142,18,dual-fidelity: 3D FDTD coupler/mode/bend + CMT Eqs 2-7,
10.962683729845697,485.2551541737731,325.9967485780214,0.18910795889292062,2.4191319945407743,4.244925740629109,1551.3532684568145,8.153335125995682,0.012174769930326021,127423.62092548156,5.1640575563803655,0.0025749635032795127,0.9987116883749386,0.9979081462750464,0.00918499861854831,0.009003642603333176,108,12,dual-fidelity: 3D FDTD coupler/mode/bend + CMT Eqs 2-7,
5.361842363884046,446.8276440645908,286.4261816258963,1.8242795782391834,2.3551555163007243,4.308779684664156,1542.7511623620185,14.68309695120388,0.09624112618051632,16030.061405020664,1.333198698341052,0.017376024727549774,0.9912739153596498,0.9970963608533928,0.020403435019499986,0.004853941081164196,57,6,dual-fidelity: 3D FDTD coupler/mode/bend + CMT Eqs 2-7,
9.566625102936156,418.7389041321583,329.87823843815886,0.5031981009935682,2.28063978280323,4.371813202575185,1548.6880703820943,8.935112592012956,0.0392122494544519,39495.0070941739,1.521403120365106,0.011451975490388731,0.9942575242408837,0.9977975083967461,0.011206711788179217,0.007944985683446629,90,11,dual-fidelity: 3D FDTD coupler/mode/bend + CMT Eqs 2-7,
7.357780477485529,412.0886092745181,230.6681371608167,0.28865724302690765,2.256606230992401,4.390076545406215,1553.328682672596,11.670767496188546,0.17652754921091984,8799.355622484949,0.4663492997437707,0.04376714557224512,0.977871594038683,0.9975349617924647,0.015352493152170271,0.0060849896478336815,68,8,dual-fidelity: 3D FDTD coupler/mode/bend + CMT Eqs 2-7,
6.612390470204829,477.4683724622815,193.75894802990695,1.8706391574646362,2.4020654539042687,4.263042798749556,1554.072967181783,12.432793673745891,0.20866362136042482,7447.742721274025,0.4497899646307961,0.04853067222816317,0.9754328925004717,0.997360071576964,0.017072987370730073,0.005887459885145095,70,8,dual-fidelity: 3D FDTD coupler/mode/bend + CMT Eqs 2-7,
5.144531865397595,445.20809128720316,224.82503536914518,0.7742518250060946,2.3384289556408078,4.3243867504520255,1553.1088884151748,16.33140633756898,0.15137596858980323,10259.943522632515,0.9293308157815533,0.025612946771185998,0.9871104564479165,0.9970744108366366,0.021045157246843155,0.004403431588269421,51,6,dual-fidelity: 3D FDTD coupler/mode/bend + CMT Eqs 2-7,
8.39149737614864,473.60354187955636,321.10690000056616,1.0348575795077006,2.4018459987964142,4.263040716499648,1548.3443202394208,10.21091540081602,0.023316282892442655,66406.13889366023,3.4607767004681618,0.004780294116246658,0.9976069896927112,0.9976572197193432,0.013249648767330013,0.007123356263148917,85,9,dual-fidelity: 3D FDTD coupler/mode/bend + CMT Eqs 2-7,
9.309164379678515,490.46097238582274,305.9484625817454,1.3494901782259168,2.430522562049564,4.232484003194207,1549.2096429831977,9.225223428476284,0.02259355615827652,68568.64993409583,3.027810085275182,0.005390461142517581,0.9973011274722807,0.9977482815229599,0.01162550697678095,0.007954724077165768,96,11,dual-fidelity: 3D FDTD coupler/mode/bend + CMT Eqs 2-7,
7.700467962254914,467.38045804115893,164.40812414553696,0.16571748347903636,2.3873210659453576,4.277937665033614,1550.6414942720169,11.471906867381222,0.15702676300711763,9875.014071338464,0.5045971736498275,0.03953438668600007,0.9800334756088691,0.9975905209610781,0.014620785668687202,0.006332937276354686,75,9,dual-fidelity: 3D FDTD coupler/mode/bend + CMT Eqs 2-7,
10.343590543278747,447.23239810399104,248.3337051352682,2.887060718885825,2.3453954035288676,4.318017748718361,1551.1353069468107,7.842785981845054,0.18480897543586228,8393.1816801026,0.26505324896578636,0.06899235241646898,0.964887375595479,0.9977883337850031,0.01003213712395768,0.009199426283161713,107,13,dual-fidelity: 3D FDTD coupler/mode/bend + CMT Eqs 2-7,
10.458133078817188,451.7062294567464,301.5396413320079,1.2502344404631192,2.3595290591222384,4.304835503684952,1547.5528768972958,8.12254795561239,0.04197706033043832,36866.63298275648,1.2438388304014445,0.013913672073664084,0.9930187953540134,0.99784513352924,0.009869716204348233,0.008867411407696297,104,12,dual-fidelity: 3D FDTD coupler/mode/bend + CMT Eqs 2-7,
5.002888372018059,486.33435512819335,342.1097402163314,1.1591026612959276,2.427424545153892,4.235727956783587,1545.8700568329546,16.578565368290356,0.026069844825287035,59297.24811148484,8.127233571611539,0.0019204101735123293,0.999039333473156,0.9970269491115611,0.021474259182435212,0.004387796404564992,53,6,dual-fidelity: 3D FDTD coupler/mode/bend + CMT Eqs 2-7,
10.388405069282392,438.8326671692598,319.1458778609609,0.8631814920699706,2.332003443860119,4.3297396695087595,1546.941112926983,8.21469674693617,0.03567297416271441,43364.51190951873,1.4967777955718469,0.01136957257020599,0.9942989628023324,0.9978519150345092,0.00996827438274101,0.00870982282046305,101,12,dual-fidelity: 3D FDTD coupler/mode/bend + CMT Eqs 2-7,
9.558378200650562,404.1667622864964,206.93374978793773,1.4416374629648931,2.2400457687852717,4.4012143591694315,1549.332244301112,8.626231203917087,0.5181382284012751,2990.1909555710736,0.10451281250431445,0.16894964040561902,0.9116196353712337,0.9977687398130518,0.011219889668453328,0.008182243731573998,91,11,dual-fidelity: 3D FDTD coupler/mode/bend + CMT Eqs 2-7,
7.958095804953336,489.78069924638413,232.09165228566735,1.2476133677859886,2.4252997494879613,4.238366080232712,1552.706990209184,10.778296735913045,0.06514217525174938,23835.663826216583,1.1848616247295576,0.016343374824477223,0.9917946486927235,0.9975945758411899,0.014093753450096742,0.006824664258149697,82,9,dual-fidelity: 3D FDTD coupler/mode/bend + CMT Eqs 2-7,
12.36311102992011,472.70560528741373,341.91464087566715,0.792296684060548,2.4012703935835207,4.263612757828406,1547.4393750703366,7.060629765283238,0.013818774287246876,111980.94294791712,3.543469591022053,0.004066198987957044,0.9979648295466343,0.9979496171837491,0.007523321473688871,0.010304360422504853,123,14,dual-fidelity: 3D FDTD coupler/mode/bend + CMT Eqs 2-7,
8.189016834088742,486.8957042372624,316.0557262244972,2.7937169352810556,2.421364054915178,4.242557983944282,1551.8643057487825,9.903384143854964,0.034522478738858935,44952.28507453564,2.1849441075614737,0.00843851973913114,0.9957718012983039,0.9975791427024406,0.013637521777552147,0.0074152707359581215,89,10,dual-fidelity: 3D FDTD coupler/mode/bend + CMT Eqs 2-7,
6.241569417590343,474.19431823216,296.64461858900864,2.20087038380161,2.4076658198698877,4.256877058224938,1544.4000028086102,12.763860773218084,0.05462620512603843,28272.145195611403,1.981571592119489,0.010578008054302304,0.9946969347221785,0.9972786161162928,0.017999433951958688,0.005670428143373281,68,8,dual-fidelity: 3D FDTD coupler/mode/bend + CMT Eqs 2-7,
6.446966623673178,498.18269760786563,225.00079684897952,2.4268090092320436,2.435439805031244,4.22760838544227,1555.9751865252565,12.54825199932202,0.108503850438151,14340.276222844168,0.9121741791483308,0.02401418801376831,0.9879199420936049,0.9973122215012048,0.01748023432444142,0.005896943517946596,71,8,dual-fidelity: 3D FDTD coupler/mode/bend + CMT Eqs 2-7,
14.61172991985392,433.03605055645096,155.85298391114762,1.9358648486402346,2.3154669008224897,4.344010112008376,1549.2568245082114,5.757738312967604,0.7354725661844975,2106.4780601477546,0.04603280792451692,0.3248476225537315,0.8216765649854378,0.9979414140884765,0.005460688024738056,0.012438391737483788,143,17,dual-fidelity: 3D FDTD coupler/mode/bend + CMT Eqs 2-7,
8.151415655149268,492.9816207930144,168.79983507663306,1.9722044145328703,2.438395615778516,4.223647512454448,1546.0342996518643,10.207927245557812,0.2229440920286539,6934.6278054910745,0.3116256559486906,0.06371871544605477,0.9676162899382922,0.9975987865987712,0.01371079111363294,0.007170964307807728,87,10,dual-fidelity: 3D FDTD coupler/mode/bend + CMT Eqs 2-7,
11.406461413606767,488.1876212668883,199.96277224917915,2.618004752062622,2.422677905760158,4.241189321084691,1552.6320930857237,7.364257337655317,0.1608231253882925,9654.283793683513,0.27695351363829723,0.06404686096032758,0.9674467112144588,0.9978586156843015,0.008622131369935141,0.009997639634451324,120,14,dual-fidelity: 3D FDTD coupler/mode/bend + CMT Eqs 2-7,
13.669297666291133,435.59430867978716,195.8167947490335,1.8140636917519388,2.320419989850981,4.33988470120589,1550.0900377319147,6.165523623320723,0.3445218468481804,4499.250343375145,0.10331644915423366,0.15843456628222294,0.9173687555818418,0.9979433181131319,0.006245576021403456,0.01163693149317511,134,16,dual-fidelity: 3D FDTD coupler/mode/bend + CMT Eqs 2-7,
8.980177693025265,414.40356329916693,229.5714857435346,0.18685522709131142,2.2662747495373874,4.382776497326106,1550.8372313624104,9.613430573698906,0.156308333085108,9921.654212242147,0.39394974329687305,0.04740142234146203,0.9760115663548962,0.9977497759379403,0.012183503417288532,0.007383718028811909,83,10,dual-fidelity: 3D FDTD coupler/mode/bend + CMT Eqs 2-7,
9.353991951108728,447.6309352926895,254.3807617999971,2.4594343197640964,2.3424655387571027,4.320825402198299,1554.121777749711,8.737782814338743,0.15185269400440096,10234.403728818073,0.3729046566057689,0.05072810954337313,0.9743058505708702,0.9977194295840536,0.01155147966168229,0.008279925345927388,96,12,dual-fidelity: 3D FDTD coupler/mode/bend + CMT Eqs 2-7,
9.049233613385491,408.0395865794783,197.0026817848302,2.040984046387026,2.2442745273422444,4.398896207192415,1554.159594349058,8.968401496121714,0.7397583584007118,2100.9017021571817,0.07869381891588291,0.22446835667989096,0.8806427444316504,0.9977016264845604,0.012064198241096879,0.007922197370572344,88,11,dual-fidelity: 3D FDTD coupler/mode/bend + CMT Eqs 2-7,
12.772892384649781,495.5015414958457,243.86439768916563,2.3998794552821145,2.4396524545159255,4.222386318825842,1548.527678757538,6.655367571591796,0.060584539891776014,25559.782768404606,0.661490909517825,0.02606769625988622,0.9868800857956926,0.9979121689637478,0.0070965802910844845,0.01105704712735763,134,15,dual-fidelity: 3D FDTD coupler/mode/bend + CMT Eqs 2-7,
9.331329943991435,432.1635321709621,228.79912727569706,0.8684782974673176,2.311678991144152,4.347253559422165,1550.556931454528,9.118511209338294,0.16097611117070712,9632.217601593318,0.35961702360636794,0.05157266564107871,0.9738723398674599,0.9977647793827269,0.011588844122445428,0.00784776613341065,90,11,dual-fidelity: 3D FDTD coupler/mode/bend + CMT Eqs 2-7,
12.260629849991236,466.2742669312805,207.70169736538944,0.8154786693366529,2.3851439566985637,4.280119313393048,1550.6740753169954,7.116231482727699,0.10576921134833743,14660.921222245364,0.39274974648335104,0.04348940757324181,0.9780135952157097,0.9979458263613684,0.007633996607716118,0.010226679666957743,121,14,dual-fidelity: 3D FDTD coupler/mode/bend + CMT Eqs 2-7,
12.449423073283334,448.3919455053287,318.4545978188077,0.33940777658777355,2.3530060470998793,4.310889807819624,1547.1180978007737,7.0121346712026025,0.02290271029279309,67551.74728327297,1.9292927950313954,0.008154435590049232,0.9959144362895593,0.9979656124768306,0.0074313540099059106,0.010257110199711953,120,14,dual-fidelity: 3D FDTD coupler/mode/bend + CMT Eqs 2-7,
7.688567011607475,402.0711681432189,179.76099410647103,0.7349194326692207,2.2374414764926933,4.402691475923237,1546.8964998244373,10.856157250951355,0.6151249300505283,2514.7680158197627,0.12076088276872307,0.15978673574096483,0.9166314767991743,0.9975717901520885,0.014645602250836588,0.006471208918971705,72,9,dual-fidelity: 3D FDTD coupler/mode/bend + CMT Eqs 2-7,
11.15446568630113,423.83000778298623,303.27042450382294,0.12783583935809326,2.291809876824139,4.363278687251942,1550.0842661465324,7.797180672016566,0.041052629674602076,37758.464644848784,1.1734391890944769,0.014288978645073211,0.9928298048280616,0.9979204280797326,0.00893737779978911,0.0091443620564819,104,13,dual-fidelity: 3D FDTD coupler/mode/bend + CMT Eqs 2-7,
6.9544498975406,444.1905900693364,240.16913925625545,1.077204616141341,2.3366699210893493,4.325929348405957,1552.7173876978331,12.080749371457387,0.1297562591172574,11966.41609631087,0.6893655705575887,0.030500162767169783,0.9846318282651796,0.9974449478487838,0.016260735537092157,0.005960565864243428,69,8,dual-fidelity: 3D FDTD coupler/mode/bend + CMT Eqs 2-7,
11.632384922521801,490.3077260904175,218.41666394310013,2.5090518221486766,2.4258015925021197,4.237845228573833,1553.0406047405775,7.260928580981272,0.10909498923228182,14235.673110832702,0.40271709124814203,0.043903237499359975,0.9778020057765479,0.9978720519189629,0.008348966314410454,0.01015384937800268,122,14,dual-fidelity: 3D FDTD coupler/mode/bend + CMT Eqs 2-7,
5.020717613518879,417.75832958969175,345.999276751043,2.9638122866524617,2.2756438398211443,4.37576614742935,1550.488155001281,14.55016688904584,0.10945270785326207,14165.82728204354,1.2003024152392072,0.020219008819983904,0.9898388713220027,0.996977672606676,0.021419768686942887,0.004871584082828386,55,7,dual-fidelity: 3D FDTD coupler/mode/bend + CMT Eqs 2-7,
11.438905126742991,459.9904646546817,337.32965952182997,2.0738961875786717,2.3697916091226983,4.295282939322559,1553.041970818003,7.3593985755840094,0.027948964568568168,55567.066429522674,1.7114792815101056,0.009713503912075094,0.9951313963934235,0.9978763926126331,0.008582360698054056,0.009882671889704922,116,14,dual-fidelity: 3D FDTD coupler/mode/bend + CMT Eqs 2-7,
14.102093511933996,400.7409786725655,175.9707127650886,1.1377562951935556,2.2316974388899102,4.406722338800101,1548.2457089053694,5.966570379558334,0.744214511002112,2080.3755987243517,0.04653709056407905,0.3186734634940727,0.8254250641372162,0.9979658235146234,0.005872022107240293,0.011814605314855639,131,17,dual-fidelity: 3D FDTD coupler/mode/bend + CMT Eqs 2-7,
11.686451980808624,454.0987006651328,287.54388227589345,2.711008198337577,2.3603181592066296,4.304218573464384,1550.9288664548237,7.062202496235386,0.0778520062116998,19921.501601865544,0.5545511705587111,0.03185329005368809,0.9839444648689843,0.9978683075565945,0.00828488745612833,0.01025052077082172,120,14,dual-fidelity: 3D FDTD coupler/mode/bend + CMT Eqs 2-7,
14.507257544647818,472.61881298468126,306.0480147204812,1.3689133439087622,2.396157747788732,4.269011425891666,1551.5470783311832,5.988172124532866,0.024824585948663488,62500.42121708442,1.4871985050104521,0.010881979980530827,0.9945441267331828,0.9979587443055816,0.005542592365813539,0.01220564983817646,145,16,dual-fidelity: 3D FDTD coupler/mode/bend + CMT Eqs 2-7,
12.338609949214877,493.9192166090294,213.46456480766733,2.609415486940556,2.435293493108464,4.2272980186737215,1550.0568847985844,6.846052818925273,0.11087358064184212,13980.39889958794,0.36888269115353695,0.04742892143270637,0.9759974787709719,0.9978946134313539,0.0075496347260083805,0.010756798483315027,130,15,dual-fidelity: 3D FDTD coupler/mode/bend + CMT Eqs 2-7,
10.223519060697186,499.15164883589966,227.71212998762877,0.23366363050958283,2.4436893743246455,4.218014786515987,1550.1517674272638,8.767156703465844,0.03353857367496248,46219.966968496854,1.714282928871057,0.009775357253611793,0.9951003179310055,0.9978589644330326,0.01020526834992843,0.008411466961412081,102,11,dual-fidelity: 3D FDTD coupler/mode/bend + CMT Eqs 2-7,
11.414816957241548,483.29000681910276,241.76714932254913,0.8126023610571758,2.4137640477271924,4.250730586194543,1552.9949306760877,7.7063890856925354,0.04595689180945912,33792.4274146939,1.0312109419956077,0.016437592514282607,0.9917471489677787,0.9979129382855311,0.008611871257772248,0.00953505993855985,114,13,dual-fidelity: 3D FDTD coupler/mode/bend + CMT Eqs 2-7,
14.910458917209299,451.5715135309556,160.3289591352808,1.649033758181112,2.353082452447413,4.311039860371096,1552.4460504897488,5.747717061390631,0.4172200926633371,3720.928300887099,0.0794932700319513,0.20097017785919055,0.8938846805605348,0.9979480951517502,0.005233107562355628,0.01260782170807595,147,18,dual-fidelity: 3D FDTD coupler/mode/bend + CMT Eqs 2-7,
14.981017495548217,498.9437034088665,226.01616802021334,1.8981002252825165,2.441024794723267,4.2211335959154415,1552.1859988351334,5.812209003627686,0.060659647560995046,25588.444068593788,0.5659540781430663,0.030165832389426987,0.9848015879407248,0.9979400484679072,0.005180753637985592,0.01273021223047521,154,18,dual-fidelity: 3D FDTD coupler/mode/bend + CMT Eqs 2-7,
10.62885165325568,430.9443781547276,171.330892601642,2.3705942794995276,2.313836397186508,4.345214989702514,1546.6857366836289,7.6669554565564795,0.7579789636199566,2040.5391322431506,0.06238040054726815,0.26268826547831814,0.8586685824703743,0.9978229010609133,0.009632505253640152,0.009298150302860459,107,13,dual-fidelity: 3D FDTD coupler/mode/bend + CMT Eqs 2-7,
9.671205765910884,419.9527426489093,267.4057281951829,2.0533409609809667,2.2875944539543602,4.366233129969382,1545.8576769228569,8.399857779903186,0.18282403948642845,8455.439893272955,0.2910951810221911,0.06369180634778707,0.9676301946778082,0.9977604404016444,0.011040936892230235,0.008433445786095681,96,12,dual-fidelity: 3D FDTD coupler/mode/bend + CMT Eqs 2-7,
13.337290796066137,441.65110244846556,231.39253794151944,2.760587996519211,2.338226680006039,4.324265441098482,1547.0720177544656,6.177041400332428,0.23480688035570682,6588.6996812479265,0.15426499464261212,0.11024888560143309,0.9432661948774412,0.9979114361109033,0.006548166294703059,0.011611839922860152,135,16,dual-fidelity: 3D FDTD coupler/mode/bend + CMT Eqs 2-7,
6.508985649491455,400.2691251511497,230.88693669059901,1.3828710746230595,2.232098291827815,4.406295178566127,1546.9824761008458,12.358036376655718,0.41776134657847874,3703.029226544866,0.2212030973580701,0.09766006808506998,0.9499157499036059,0.9973552307998477,0.017326427438338492,0.00567617766908057,63,8,dual-fidelity: 3D FDTD coupler/mode/bend + CMT Eqs 2-7,
11.199206831008187,429.9303883642387,315.9856445813879,1.4385687514012577,2.3068623428821846,4.35119530779548,1550.1232265717547,7.5106092127937245,0.05411831090349286,28643.23000279944,0.8570675233405021,0.020222849689182996,0.9898369311714011,0.9978836025558611,0.008880576958848429,0.009521697811009594,109,13,dual-fidelity: 3D FDTD coupler/mode/bend + CMT Eqs 2-7,
8.696613043665792,412.5771920592044,280.96224422042724,2.3557097661188022,2.26707068798974,4.381776159929185,1546.6594877812838,9.15400169203167,0.20016164537762274,7727.05222753027,0.30390313466339597,0.06386030624183282,0.9675431224282292,0.9976539003877972,0.012685903522208454,0.007716000607955232,87,11,dual-fidelity: 3D FDTD coupler/mode/bend + CMT Eqs 2-7,
12.480484578068497,498.38598202577964,293.60806375616517,2.6802157124895745,2.4424424063841763,4.219401677687115,1550.166917963064,6.775573160249451,0.029509680734405297,52530.79258684512,1.4567691216404468,0.011465433989419458,0.9942507561025944,0.9978965444969311,0.007398533077088072,0.010891091737809474,132,15,dual-fidelity: 3D FDTD coupler/mode/bend + CMT Eqs 2-7,
12.893583395946369,496.32900736218573,343.85917622192903,0.15054056667544294,2.4395687870993945,4.222559782732761,1549.7714244757526,6.971373887868367,0.008258825059159359,187650.35139677595,6.832686598195835,0.0016876090709844187,0.9991558391607466,0.9979819381986679,0.0069755717476476945,0.010570801134875255,128,15,dual-fidelity: 3D FDTD coupler/mode/bend + CMT Eqs 2-7,
9.745165313486524,408.2466641412485,226.73523459950732,1.1456842272186507,2.2478162292807595,4.396159767561938,1552.0205471739994,8.587168271308883,0.3034455827921267,5114.658558853369,0.17568633580308174,0.10254951321042426,0.9473386336414111,0.9977939068255395,0.010925183194671912,0.008257866235862358,92,12,dual-fidelity: 3D FDTD coupler/mode/bend + CMT Eqs 2-7,
11.693353598090738,471.9966390030814,298.54487298978336,1.5897173104066615,2.401015775976158,4.263855509241679,1546.5556413576292,7.291725587027713,0.03261761434477538,47414.73809243665,1.4115280188886015,0.011831139551947365,0.9940668289647596,0.9979020888505468,0.008276743316157865,0.009964622478199037,119,14,dual-fidelity: 3D FDTD coupler/mode/bend + CMT Eqs 2-7,
5.428092728426773,411.5361269087103,160.67430467395903,0.2597368352610129,2.249223326877492,4.395860176464696,1557.59552762131,15.80904020845287,0.5382251062543736,2893.9481074395776,0.23658267689128168,0.09799675392716482,0.9497385145780048,0.9971588555303462,0.02021171634568021,0.004501274199211592,50,6,dual-fidelity: 3D FDTD coupler/mode/bend + CMT Eqs 2-7,
13.069098280235105,489.35666260835404,168.92945102562834,0.8738386225414323,2.424945228865661,4.238729625330706,1552.3952083477989,6.757116463277498,0.12980446959427303,11959.489632368488,0.29963331497369416,0.05643910647552266,0.971370626241332,0.9979636563629631,0.0068032677915002455,0.010902221659880472,131,14,dual-fidelity: 3D FDTD coupler/mode/bend + CMT Eqs 2-7,
11.124209733918011,443.1508434232663,256.502603583539,0.17110110933821873,2.338460609338477,4.324168694548096,1549.509740319888,7.87360683715724,0.05720990262507685,27084.642154952566,0.8353935037434022,0.02043817448669629,0.9897281573812597,0.9979175383165854,0.008975994824370514,0.009130897538465849,106,13,dual-fidelity: 3D FDTD coupler/mode/bend + CMT Eqs 2-7,
14.052437057782965,415.150302043954,291.5041554774222,1.3469205626960852,2.267614218475714,4.381839247291447,1551.3193385243044,6.017351756033804,0.09477766423286851,16367.98449382247,0.3674836351956846,0.046175291795261184,0.9766394975653703,0.9979594444138099,0.005913720771928431,0.011828427932999604,133,16,dual-fidelity: 3D FDTD coupler/mode/bend + CMT Eqs 2-7,
7.4605749073668015,416.1680826028233,290.74881218362384,1.224001773223837,2.2675170587907707,4.382127299963339,1553.3807701535309,11.099659893829994,0.10941628298006709,14196.979899568678,0.7295034279730305,0.027911387652409133,0.9859455422829351,0.9975230290958047,0.015129242466267161,0.006412143164378572,72,9,dual-fidelity: 3D FDTD coupler/mode/bend + CMT Eqs 2-7,
7.692813103284955,426.79526362267006,312.58762290459487,1.8059234953081194,2.298479838310999,4.358026441939917,1550.6445650676553,10.563442408383025,0.08103904153045541,19134.53732649226,0.9416824177974592,0.021276843955117117,0.9893043798775395,0.9975404286054439,0.01463674321401123,0.0067531382427671325,77,9,dual-fidelity: 3D FDTD coupler/mode/bend + CMT Eqs 2-7,
7.174003811004871,402.3928435499938,203.013322328631,2.682189280379932,2.2385647981113186,4.401912639202452,1546.755479309014,10.714546945160919,1.0400136663482993,1487.2453404771004,0.07503618960911745,0.2579631806126199,0.8614155904018571,0.9974339514126705,0.015759863820675037,0.0065571966069630835,73,9,dual-fidelity: 3D FDTD coupler/mode/bend + CMT Eqs 2-7,
7.18453945933252,446.6383361068604,294.74162111969497,2.741808082372775,2.3509906065051513,4.312696828745534,1545.7124786420009,10.882465055302191,0.10198446090714132,15156.352888401301,0.7979125042893347,0.026353208998458437,0.9867354209723809,0.9974338982213141,0.01573622046902195,0.006581303161481829,77,9,dual-fidelity: 3D FDTD coupler/mode/bend + CMT Eqs 2-7,
10.162625395548082,419.5898214011251,159.38288847179632,1.3640663306723875,2.2812345492315442,4.371465489055276,1549.884515320084,8.21798186142837,0.7876209443340684,1967.8051053232307,0.06437927452160558,0.2557741209253842,0.8626852723181356,0.9978206968926024,0.010294209652465401,0.00865563285977294,98,12,dual-fidelity: 3D FDTD coupler/mode/bend + CMT Eqs 2-7,
11.429875343401621,424.65659643842434,204.658463817984,1.8575959532057342,2.2960787955442927,4.3597736341500415,1548.4430815040078,7.253889531279128,0.39829591125846114,3887.670040627648,0.10833539641761392,0.1557538765026645,0.9188286692835261,0.9978824313350689,0.008593411271851871,0.00981905817450568,112,13,dual-fidelity: 3D FDTD coupler/mode/bend + CMT Eqs 2-7,
11.393956926962012,411.11531257968863,174.51869955924658,0.7864536837448185,2.2625540334021688,4.385109488949039,1547.0636136399107,7.431129779075945,0.5371733847734625,2880.00794062487,0.08128400972127353,0.2000187646900793,0.894416701157755,0.9979127314512262,0.008637508977986598,0.009511222515809875,107,13,dual-fidelity: 3D FDTD coupler/mode/bend + CMT Eqs 2-7,
8.914935266895016,487.37769638720016,290.0111708706679,2.0661750873784888,2.4235367307169535,4.240155563498325,1550.716489637506,9.38575861326899,0.037622738918520915,41217.53317842895,1.7743311511560886,0.010166922071772526,0.9949035520733793,0.9976866989568653,0.012297303873441716,0.007819050259561953,94,11,dual-fidelity: 3D FDTD coupler/mode/bend + CMT Eqs 2-7,
5.039737985158122,458.0757325957045,334.5266624877485,1.9909459509501322,2.37938805070813,4.285639779633847,1542.1678999293424,15.44569376804884,0.047232726939559835,32650.40999861682,3.273452413134161,0.006517486799487459,0.9967359295222142,0.9970115781541484,0.021361790232804958,0.004634174943096482,55,6,dual-fidelity: 3D FDTD coupler/mode/bend + CMT Eqs 2-7,
6.864753324905564,448.01168731179644,192.14153235457806,1.3604376881761224,2.3411609684714128,4.322100887560946,1555.7996092518765,12.13881484977037,0.2951722962632677,5270.818531913444,0.30086211761404313,0.07068363757685701,0.964010561364938,0.9974208840895721,0.0164699134599193,0.005960941038625443,69,8,dual-fidelity: 3D FDTD coupler/mode/bend + CMT Eqs 2-7,
6.366598610463115,401.4178226940627,252.16847969734232,0.5936894691950698,2.225755404063567,4.411427412411049,1553.8752133282992,13.19638642968539,0.19597387765412871,7928.991516260701,0.5121729681676713,0.04273216248631977,0.9784006528583677,0.997351365688529,0.017681579416488437,0.005354686711967055,59,8,dual-fidelity: 3D FDTD coupler/mode/bend + CMT Eqs 2-7,
8.014970047467624,479.63281124142344,238.04089495978184,2.845231125441284,2.408686280899722,4.25602831405329,1551.8031767721427,10.044709786691556,0.12821920169604137,12102.736222386362,0.5501448482776021,0.03675713647328133,0.9814493688044833,0.9975545997312459,0.013979989448448606,0.007286500557780031,87,10,dual-fidelity: 3D FDTD coupler/mode/bend + CMT Eqs 2-7,
5.08226150238681,430.0607289941439,251.19342646594671,2.2376517020762954,2.303385690317937,4.354249194220165,1552.997837025633,15.095852938432017,0.2710064806454481,5730.482287091085,0.4770814650997225,0.05158084875937236,0.9738681385283264,0.9970150420482442,0.021232735797918807,0.0047330522464152005,54,7,dual-fidelity: 3D FDTD coupler/mode/bend + CMT Eqs 2-7,
5.19961277398771,410.16710563495235,279.10090173174626,1.3099310475490291,2.24815407543345,4.3963662761994655,1555.6341346029687,15.472776692403613,0.1745072566276837,8914.43808507035,0.7567851379529601,0.03169841749325077,0.9840231615702698,0.9970721462656729,0.020880617337272735,0.004587699048353321,51,6,dual-fidelity: 3D FDTD coupler/mode/bend + CMT Eqs 2-7,
5.864394005249336,495.15193908515073,223.6644114396272,1.70799911350931,2.4322516894809816,4.230947626276118,1554.443270701718,14.087158121621314,0.09374434129580775,16581.72908588385,1.2531404803309465,0.017812387872202847,0.9910537887157271,0.9972145874647161,0.018993343993619332,0.0052341994219207285,63,7,dual-fidelity: 3D FDTD coupler/mode/bend + CMT Eqs 2-7,
12.696819358528913,454.5653785544639,161.28297043567173,0.3642107025963275,2.3650313628972213,4.299649167452276,1547.9397585353063,6.898243006474559,0.22398400896230608,6910.938712574819,0.17558674429134444,0.09474020893579017,0.9514514128762487,0.997971230714828,0.007173929740733765,0.010465635732059931,123,15,dual-fidelity: 3D FDTD coupler/mode/bend + CMT Eqs 2-7,
8.936853000863628,434.16696821142244,309.86119099736277,1.222057767531372,2.322118354145263,4.338222838361331,1546.2146727906795,9.359802256892863,0.05438044283992027,28433.28579250949,1.1696053483242739,0.01575068053577386,0.9920934025908176,0.9977142568286941,0.01225895533640159,0.007617482470326677,88,11,dual-fidelity: 3D FDTD coupler/mode/bend + CMT Eqs 2-7,
10.678649491953202,436.8558958120325,174.02145878425787,0.6328910829716866,2.3184595448030207,4.341796139644836,1553.8614940164541,8.101174163648693,0.30453060834001555,5102.480510863891,0.1586856971173925,0.10894474958971724,0.9439572291212578,0.9978779570505675,0.009564392097004656,0.008887023048059583,102,12,dual-fidelity: 3D FDTD coupler/mode/bend + CMT Eqs 2-7,
11.761448360535157,441.98368218429357,323.8985502735077,1.8827269907132314,2.3351313431546283,4.327146771694898,1550.064446931154,7.1235622856929695,0.043780761035578146,35405.15080748606,1.0071428580937876,0.016985398605478805,0.9914709281640693,0.9978961288268619,0.008196817133963584,0.010096425756494012,117,14,dual-fidelity: 3D FDTD coupler/mode/bend + CMT Eqs 2-7,
12.929898706626584,469.70846030629104,162.50901495453314,0.21613719516971816,2.3919722926742413,4.273237305386074,1550.4768951013252,6.864496664515855,0.15158425093440403,10228.48274503314,0.2579366378967278,0.06488715718400197,0.9670123281613312,0.9979807073566201,0.006939566350232144,0.010617519115727671,126,15,dual-fidelity: 3D FDTD coupler/mode/bend + CMT Eqs 2-7,
9.197132560990209,425.7133724226584,308.0155220852009,1.3723295027508877,2.300386808807017,4.356241056765709,1547.1876978482424,9.035622199767886,0.06905881323503367,22403.913785523193,0.8653185601992688,0.02139961462071255,0.989242328946395,0.9977366203271003,0.011812594960414962,0.007869153133516793,90,11,dual-fidelity: 3D FDTD coupler/mode/bend + CMT Eqs 2-7,
13.167973222121322,457.43147525678944,237.29020438669409,0.10516641100244212,2.370532283169838,4.294389136786137,1548.2590061583658,6.706809214344048,0.054906040284714144,28198.336615241245,0.7107667551269302,0.02334033174219485,0.9882609312614787,0.9979882760350602,0.006708082661234012,0.010783129330554338,127,15,dual-fidelity: 3D FDTD coupler/mode/bend + CMT Eqs 2-7,
6.705607279381895,494.773148635236,248.77234259970118,1.72290409929394,2.4417261259385543,4.2199210182090585,1545.6933955086026,12.346645131008017,0.061044767960090215,25320.6531396621,1.616617144138096,0.012734929735531593,0.9936121327079639,0.997381608591281,0.016847696424661152,0.005925189573175169,72,8,dual-fidelity: 3D FDTD coupler/mode/bend + CMT Eqs 2-7,
10.640258903810194,469.19716562294286,210.6519109290444,0.9092192089123209,2.391981285235654,4.273201055809583,1549.6689238474935,8.150254253068624,0.10299521789476879,15046.027917828236,0.48227230130726045,0.036708478800983664,0.9814741571732881,0.9978672779745011,0.009616859784622829,0.00892751038748811,106,13,dual-fidelity: 3D FDTD coupler/mode/bend + CMT Eqs 2-7,
5.389252184657726,497.8889829954894,167.26160858031005,0.8350561098723126,2.442275472513325,4.219546354549207,1549.6142957144853,15.892423509147875,0.14319100665598372,10822.008531844687,0.9369447080783031,0.024898010901936118,0.9874725257434072,0.9971324471736018,0.020323895514788762,0.0046191317071993,56,7,dual-fidelity: 3D FDTD coupler/mode/bend + CMT Eqs 2-7,
14.579311725846837,475.1165577247849,207.89531523043104,1.4972784078799901,2.405233006824427,4.259501054328774,1547.8422809318258,5.928271624624813,0.11234070441670357,13778.107311757984,0.30506994883000194,0.05568278096734657,0.9717598566686388,0.9979546528916795,0.005485972910998739,0.012297879625250946,147,17,dual-fidelity: 3D FDTD coupler/mode/bend + CMT Eqs 2-7,
8.021220091190074,450.01874922309497,239.69682022075114,1.3882448680747517,2.3565732760716456,4.3075817641848015,1547.0555005317835,10.393776025580792,0.12765231601458737,12119.290498066599,0.5619555811228513,0.035332523808682584,0.9821748704743557,0.997598949962497,0.013967543792198835,0.006912789254639928,81,9,dual-fidelity: 3D FDTD coupler/mode/bend + CMT Eqs 2-7,
6.134940244960889,423.48991886221984,282.6682307703053,1.7935980683423132,2.2861788726687817,4.367995781077138,1553.6489068750204,13.027707018962019,0.14773865485852544,10516.197730125503,0.6986983353344209,0.03212236199228926,0.9838077241045177,0.9972691322818374,0.018275021683956418,0.005477441130752191,62,8,dual-fidelity: 3D FDTD coupler/mode/bend + CMT Eqs 2-7,
7.384888270374993,457.9945618025833,151.74009750194506,0.10130375861799064,2.3658799270857274,4.299031055427225,1552.9245635421141,11.964695214990115,0.22030661418449418,7048.923924915067,0.3797166002580555,0.05353884751428622,0.9728623502252073,0.9975448110904258,0.015293302134289729,0.006058419769066471,71,8,dual-fidelity: 3D FDTD coupler/mode/bend + CMT Eqs 2-7,
12.273799684572884,437.62132132879776,195.3885394090919,1.0414491489445339,2.3269314529754426,4.334231440016518,1548.7089026210567,6.962202256597948,0.2500563750959941,6193.438987614385,0.16116401775785377,0.10439160664199569,0.9463658876766451,0.9979394847467247,0.007619683098928965,0.010296189298104172,119,15,dual-fidelity: 3D FDTD coupler/mode/bend + CMT Eqs 2-7,
13.431392323050455,407.0657730925712,310.268199186806,0.4757921609048897,2.249638212030918,4.394452331604477,1548.322774125585,6.370865724599298,0.059022479075492566,26232.764166771212,0.6273999519214477,0.02662408274513226,0.9865981538878267,0.997980878014567,0.00646094369198177,0.011094656458725462,124,15,dual-fidelity: 3D FDTD coupler/mode/bend + CMT Eqs 2-7,
8.218458091178103,473.1471337581437,332.5827280650997,2.205364583533812,2.4020343297666567,4.262821861791556,1547.4850585677657,9.97306697261638,0.029648123659930928,52195.041963453914,2.597970311868845,0.006866912221247429,0.9965606292538114,0.9976005073309718,0.013580426211114726,0.007286347158119779,87,10,dual-fidelity: 3D FDTD coupler/mode/bend + CMT Eqs 2-7,
8.110757102405904,464.61783868629885,317.4874943758488,1.8673272042266236,2.381715251572439,4.283537225986471,1550.8381288712492,10.213003817976642,0.0378414176513986,40982.55892942032,2.0231543315500264,0.00913251595160083,0.9954232687899149,0.9975965824172166,0.013790461048547914,0.0071104857543710254,84,10,dual-fidelity: 3D FDTD coupler/mode/bend + CMT Eqs 2-7,
7.630153926233991,441.47520983101685,311.18481032681893,2.9953141772291962,2.3312296036996463,4.330693664970335,1552.204604270292,10.261751975352126,0.09299001032114745,16692.165092891653,0.8053412942296554,0.02548052191334253,0.9871775311901388,0.9974957156243767,0.014768020864049162,0.007011198921387757,81,10,dual-fidelity: 3D FDTD coupler/mode/bend + CMT Eqs 2-7,
7.666712144021899,485.6677661227192,162.798582929166,2.311211281771356,2.415420311269598,4.249100474685494,1555.1122725508199,10.724082415541488,0.3334682687127978,4663.449024861111,0.22504023603607506,0.09028003804673476,0.9537924103038696,0.9975215254545642,0.01469128509713782,0.006863193435960733,82,10,dual-fidelity: 3D FDTD coupler/mode/bend + CMT Eqs 2-7,
5.177359662977244,499.08121414518075,331.79191361372136,2.512906915270573,2.440068788359672,4.222277423122851,1553.2123046072645,15.10229329328672,0.031732118158841,48947.64026883968,5.253300228854077,0.003572497098226217,0.9982121532528913,0.9970307166781971,0.02094693727944711,0.004882296119342723,59,7,dual-fidelity: 3D FDTD coupler/mode/bend + CMT Eqs 2-7,
7.251210311276136,431.26633291924026,320.66418515797614,1.7377303591097943,2.308954009069734,4.349537817693151,1550.9895268887003,11.213836611902934,0.06653873473351868,23309.573485282915,1.2740690995217752,0.015877464562802476,0.992029503309855,0.9974747110244613,0.015587422741048957,0.00637470064468886,73,9,dual-fidelity: 3D FDTD coupler/mode/bend + CMT Eqs 2-7,
13.216718991908097,459.8178359264988,273.8616240680666,2.749322273313897,2.3765955091067124,4.288470244803402,1547.2639674606712,6.2849796680816326,0.08231343723204197,18797.22217283828,0.4548853008210185,0.03816952847597089,0.9807295608494878,0.9979100497328458,0.006661647269378344,0.011510426086341799,136,16,dual-fidelity: 3D FDTD coupler/mode/bend + CMT Eqs 2-7,
6.929990075359494,411.69649092340774,289.8018268311788,1.1556531482294894,2.2623850635860276,4.385361211779204,1548.3398056337878,11.848428502079514,0.11987235019450464,12916.571695820217,0.7356990537096846,0.028603003065597758,0.985594742748967,0.9974383799442134,0.01631751246293797,0.005960983355191554,67,9,dual-fidelity: 3D FDTD coupler/mode/bend + CMT Eqs 2-7,
11.21062434741227,410.7097696795082,324.39591140337143,2.5386244581306268,2.2576052072290023,4.388970972343873,1549.85991240107,7.220190456561113,0.10256695289021964,15110.7142088927,0.43086732818048284,0.04141974110582359,0.9790711204474252,0.9978513313299725,0.008866139829068491,0.009817038283030129,110,14,dual-fidelity: 3D FDTD coupler/mode/bend + CMT Eqs 2-7,
13.04548854255989,438.12104417959995,258.99865684316734,2.978135402096398,2.326695017171719,4.334494536592604,1549.7814579544774,6.282077841019145,0.17412730097273196,8900.278412959324,0.21317969937599812,0.08116032040182065,0.9585612550057401,0.9979003788895962,0.006826195507838764,0.011430054056172015,132,16,dual-fidelity: 3D FDTD coupler/mode/bend + CMT Eqs 2-7,
14.012486762242087,482.32069792113987,154.27605707975707,2.1380962314316614,2.416504940687289,4.247639756681765,1549.235470884171,6.1022093919389135,0.3064020699902429,5056.21737781832,0.11535595219977493,0.1434826028273716,0.9254822511386313,0.9979356803511696,0.005947483606911843,0.012001501642576065,144,17,dual-fidelity: 3D FDTD coupler/mode/bend + CMT Eqs 2-7,
12.31689637408712,447.9033236036358,277.9121575641532,0.11565862334926849,2.351950898129175,4.311861928440242,1547.1184745714172,7.1257588215696614,0.03646766384083664,42424.39223208336,1.179215107930691,0.013888344873926088,0.9930315479007069,0.9979684558173818,0.007573031212392628,0.010090685744674113,118,14,dual-fidelity: 3D FDTD coupler/mode/bend + CMT Eqs 2-7,
6.984476672497593,410.2590497663136,335.0894656870805,1.2887029937316974,2.2621519795550427,4.385260857374002,1545.6541690193706,11.653947964278359,0.0684397455642137,22584.160070688136,1.3058630466956636,0.015653206839442033,0.9921425266364495,0.9974437895307423,0.016191306466876727,0.006040081735277049,68,8,dual-fidelity: 3D FDTD coupler/mode/bend + CMT Eqs 2-7,
13.701732850803978,403.10909489802015,171.81357794803694,1.5043071113825117,2.2400365836436773,4.400960473960236,1547.1731384481466,6.085094224287332,0.8954386636229847,1727.8382108141445,0.040061205079090605,0.3628955560861213,0.7981882258677326,0.9979528363274918,0.006216775067300381,0.011582888297998738,129,16,dual-fidelity: 3D FDTD coupler/mode/bend + CMT Eqs 2-7,
7.085578514425356,408.4294759941208,296.8323352817408,0.988311053273801,2.2587485649112056,4.38759213553851,1544.4733060896085,11.62137589326312,0.10522507831902952,14677.806191856233,0.8155178099557479,0.025408380124876763,0.9872140699337318,0.9974698711811835,0.015959707020525536,0.006044561239762806,68,8,dual-fidelity: 3D FDTD coupler/mode/bend + CMT Eqs 2-7,
8.483000189781777,443.7250270649279,154.46472124465654,0.4237615993328121,2.3428527258192013,4.320133529843897,1547.0766647412383,10.178588091822121,0.3343347061744248,4627.328949612899,0.19855717088097408,0.09538891577059974,0.9511104479656399,0.9976866000017035,0.013078003543837593,0.007039212095747537,82,10,dual-fidelity: 3D FDTD coupler/mode/bend + CMT Eqs 2-7,
5.18791354667444,452.85016254529785,200.48234628907898,2.363992566207429,2.3625666938672465,4.301959277464963,1547.050422414499,14.79389302298091,0.400835558600861,3859.5638266589053,0.3108543948688652,0.07823601206354092,0.9600854065844658,0.9970377849273044,0.02091545779670688,0.004852198949493693,57,7,dual-fidelity: 3D FDTD coupler/mode/bend + CMT Eqs 2-7,
12.781440374911863,410.63899754915553,159.77417273366035,2.004550928782273,2.259103344570784,4.387762672239737,1548.6293055378555,6.460555152837287,1.1795922987447576,1312.8513192107157,0.033313792168991815,0.42571184093974884,0.7578180250299218,0.997924168309766,0.0070879411623237226,0.010961243829354353,123,15,dual-fidelity: 3D FDTD coupler/mode/bend + CMT Eqs 2-7,
9.792829430335594,470.02417004565365,205.1215915076276,0.021437392479915024,2.392409807419023,4.272797886825167,1550.609863776094,9.097724805132202,0.07019532520421146,22089.930622375166,0.8189147635300164,0.021718585118187486,0.9890810962109288,0.9978315092474667,0.01085122820395186,0.008004494781056836,95,11,dual-fidelity: 3D FDTD coupler/mode/bend + CMT Eqs 2-7,
8.205859724178676,481.94294908470545,261.39987153926,2.1010653806559665,2.416409528874887,4.247723181890112,1548.7537481260936,10.076569345016196,0.06596150616527442,23479.660155811274,1.0841015727262207,0.01789898523711004,0.9910100982143875,0.9976020010599607,0.013604828965355002,0.007248938841696257,87,9,dual-fidelity: 3D FDTD coupler/mode/bend + CMT Eqs 2-7,
7.492818242078721,429.3432890634511,319.30068823659127,1.863570190578865,2.3117020500090186,4.346908117898314,1545.369957240637,10.753594196444283,0.07209864925971764,21434.10414907805,1.1013272108570107,0.018282087714391975,0.9908167904742067,0.9975088724726769,0.015059886940236555,0.006604767762990011,76,9,dual-fidelity: 3D FDTD coupler/mode/bend + CMT Eqs 2-7,
8.673186272828348,455.772192596028,244.608185332384,1.242878198417414,2.3656865262399354,4.299074255163219,1549.4157158618261,9.751978214734663,0.0969560553286369,15980.597711097178,0.673392606658447,0.028350553941115113,0.9857228038646996,0.9976844592002668,0.012728324457622231,0.007407529083851207,87,11,dual-fidelity: 3D FDTD coupler/mode/bend + CMT Eqs 2-7,
5.440120610710876,462.8028738683731,295.616218055438,1.389733885376324,2.384138725454656,4.280991769270712,1545.9572653647463,14.990764366662233,0.05475500565664976,28234.081009121335,2.5284203306650004,0.008476024227048549,0.9957529692513859,0.9971279730122758,0.020177103164483113,0.004804897975963288,57,7,dual-fidelity: 3D FDTD coupler/mode/bend + CMT Eqs 2-7,
11.29390570631503,482.08278293363173,337.69132971651527,1.017703870432817,2.4175352591094894,4.246492762565045,1548.0095400488015,7.701181444959047,0.014271846805141208,108465.95827325973,3.907568940178277,0.003691787010192841,0.998152399681435,0.9979009630710338,0.008761540436216596,0.00948962431760927,114,13,dual-fidelity: 3D FDTD coupler/mode/bend + CMT Eqs 2-7,
5.214791428412944,471.11317608715945,303.1780688201617,2.389857178955854,2.3948715576890396,4.270279261903293,1550.2753122033982,14.879224782127267,0.06263033093423481,24752.788131221438,2.2203386137908367,0.010113476053133895,0.9949304116102121,0.9970436709618165,0.02083550157555024,0.004880877981319856,58,7,dual-fidelity: 3D FDTD coupler/mode/bend + CMT Eqs 2-7,
14.834940355814064,422.7567674704131,187.77828269043567,1.9855394151178665,2.292775083886446,4.362301751426726,1547.332733301992,5.631187547337049,0.5315444946606083,2911.012622358107,0.061709286018792164,0.2528474145231376,0.864379884933044,0.9979386248715231,0.00528972804879328,0.012633628553880382,144,18,dual-fidelity: 3D FDTD coupler/mode/bend + CMT Eqs 2-7,
9.001623827071445,496.55156157407987,152.59025551464944,1.9499505262230667,2.4379243096748775,4.224501512340554,1551.514832356975,9.381919983553189,0.2624622412832314,5911.383004165866,0.23203331402758656,0.08160453982911162,0.958329515443873,0.9976993785038911,0.012146326015431816,0.007859640311049684,95,11,dual-fidelity: 3D FDTD coupler/mode/bend + CMT Eqs 2-7,
10.895265245980056,427.78356212740755,248.45897481080016,2.3466140296124163,2.3054716973569915,4.352131557391298,1547.2083711976302,7.49030994662121,0.22330793888291833,6928.5865022866055,0.20398748871981523,0.08704459874990352,0.9554869969026771,0.9978398415554992,0.009273666683311478,0.009509525814176845,109,13,dual-fidelity: 3D FDTD coupler/mode/bend + CMT Eqs 2-7,
13.78771703291543,488.0407823055118,331.5691110713029,0.21508925204521687,2.423702360703622,4.24002155376573,1551.543038756869,6.50058342610987,0.009936607229233752,156144.14487393544,4.730063000236448,0.002772970898760206,0.9986125520447056,0.9979919781699892,0.006141066150032394,0.01131792474603107,136,16,dual-fidelity: 3D FDTD coupler/mode/bend + CMT Eqs 2-7,
9.571112045058186,416.8455901908518,260.62282226097113,1.0253242565874614,2.2711271839522205,4.379306449351086,1552.0463662512534,8.804721850866144,0.1429965639602051,10853.731888852773,0.3883956054756272,0.0473985669557654,0.9760130291365144,0.9977823156827454,0.011199548521440192,0.00808440348144703,91,12,dual-fidelity: 3D FDTD coupler/mode/bend + CMT Eqs 2-7,
9.936699756567513,418.1529047861543,295.9039839849611,2.562007056098449,2.2744755641089998,4.376804232811258,1552.1145317415946,8.113106180546538,0.1445778186430175,10735.495571239588,0.35558574871417703,0.052093791901076734,0.973604749422949,0.9977674247501053,0.010631023239550643,0.008782558203187196,99,12,dual-fidelity: 3D FDTD coupler/mode/bend + CMT Eqs 2-7,
8.578855546810289,435.3148034964398,267.0272635921157,2.0683404041053866,2.3215312656383302,4.338859745577064,1548.7340655884943,9.478588477105632,0.14283424218462162,10842.876623286627,0.4453659965079398,0.04376230122692818,0.9778740710199202,0.9976488727430195,0.012900577911018365,0.007545098591204887,87,11,dual-fidelity: 3D FDTD coupler/mode/bend + CMT Eqs 2-7,
14.416559628317408,484.34807738957113,305.74150645903865,1.3116026776546803,2.4157861112188943,4.248576325387284,1552.8526674967366,6.071314792359999,0.019979282001087808,77723.14677835714,1.9170889874206285,0.008231919888529879,0.995875534447689,0.9979606840829415,0.005614693336528309,0.012116665728964122,145,16,dual-fidelity: 3D FDTD coupler/mode/bend + CMT Eqs 2-7,
9.465017208412897,477.60741578211224,240.2754617311288,2.779457042000656,2.407268503286721,4.257438793029743,1549.9322468724044,8.639883500117321,0.11630998853899449,13325.873954090957,0.48412952630169925,0.039040326354121316,0.980285506189844,0.9977202829002798,0.011370158010211875,0.008453818248213412,101,11,dual-fidelity: 3D FDTD coupler/mode/bend + CMT Eqs 2-7,
13.892889306460223,465.849606703557,291.6190987299161,2.4684466621173398,2.3857282375259525,4.279496631883697,1549.5219434665125,6.064857752124226,0.05006825681153757,30948.190373375364,0.7273619347344258,0.02349800798859727,0.9881811534386814,0.9979252903895833,0.0060497145944756435,0.011989703867551533,142,17,dual-fidelity: 3D FDTD coupler/mode/bend + CMT Eqs 2-7,
8.71026651316254,403.8187809448149,165.62785332762704,2.2335512765028867,2.231984581993454,4.4073394750319395,1554.3887539834693,9.216432679993432,1.5128610407928031,1027.449786907662,0.041468467992751834,0.39344128789904664,0.7788187928529674,0.9976590997500399,0.012661245213008598,0.007695391746916512,85,11,dual-fidelity: 3D FDTD coupler/mode/bend + CMT Eqs 2-7,
14.821627984506625,424.96932259164225,300.6476103642872,0.884578649524833,2.2909512979175872,4.364191439783795,1552.8753952071227,5.805279190033843,0.055727413531681674,27865.55658687255,0.6073894466328682,0.02764550977746703,0.9860803670201191,0.9979716084972521,0.005299772403912634,0.012336505022371854,140,17,dual-fidelity: 3D FDTD coupler/mode/bend + CMT Eqs 2-7,
5.926929480840375,489.855426733664,308.5355360563713,0.6048389486531275,2.4243749800387366,4.239423292519318,1553.6071324432519,14.701243093084258,0.024425115662281952,63606.95089122472,6.544742995455602,0.002436330545566544,0.9987810918586882,0.9972609996626195,0.018824837933977902,0.0049984576366415645,60,7,dual-fidelity: 3D FDTD coupler/mode/bend + CMT Eqs 2-7,
6.231798952552163,472.87433241078577,253.8509437655691,0.773778863792665,2.3987539610310056,4.266281346239305,1549.7894471289294,13.737060301825068,0.057331630421447406,27032.014190706894,2.00517668353767,0.010284167912152477,0.9948446271091017,0.9973192556077289,0.018024512231754337,0.005291403694662568,63,7,dual-fidelity: 3D FDTD coupler/mode/bend + CMT Eqs 2-7,
11.172342608924849,478.020797675717,327.9196602448995,2.226832566530498,2.4081902103306154,4.256466279400323,1549.7859116872808,7.530702793153296,0.024429732014375816,63438.5146253467,2.0598546542418745,0.007977730834515832,0.9960031471664555,0.9978586649532653,0.008914638813423246,0.009704703327830428,116,13,dual-fidelity: 3D FDTD coupler/mode/bend + CMT Eqs 2-7,
11.61084861596255,492.8199287026446,191.92191069792062,0.7275473594571598,2.4351062353619732,4.2274206845702675,1548.648646324254,7.596152903818165,0.07986352233998818,19391.188880093203,0.5666257053204103,0.030355971474128888,0.9847050464610563,0.9979243394435162,0.008374628391841716,0.009673067059060165,117,13,dual-fidelity: 3D FDTD coupler/mode/bend + CMT Eqs 2-7,
8.742206424552142,416.47074054101506,150.63922345193822,2.984015786572317,2.2692477377190343,4.380772544711926,1552.6992238344735,8.995024626922032,2.032528903033805,763.9247941403808,0.031430574273924865,0.4916040890206141,0.7130188714048078,0.9976402958963617,0.012603748443516012,0.007916601489188815,89,11,dual-fidelity: 3D FDTD coupler/mode/bend + CMT Eqs 2-7,
6.991940094176145,435.19131995566494,173.19112054061787,1.0980069736578906,2.319113529679958,4.341009411806352,1550.366692330223,11.93049284845165,0.4450385299077349,3483.668464956605,0.1928971555678275,0.10755514335851614,0.9446929959735512,0.9974507595664507,0.016174095303201755,0.0059965969980440145,69,9,dual-fidelity: 3D FDTD coupler/mode/bend + CMT Eqs 2-7,
10.941305428767652,484.11171524965334,266.2097440104787,2.1286850510717565,2.419464736092892,4.244477123471248,1549.3831865096583,7.717854377911181,0.052017777573252655,29785.64749960301,0.9353494398956388,0.018761362548343912,0.9905749024943323,0.9978489974627038,0.009213022950608852,0.009490470549760287,114,13,dual-fidelity: 3D FDTD coupler/mode/bend + CMT Eqs 2-7,
13.777131644453199,460.7869975004982,241.49975817329232,2.81633985503857,2.373062540716926,4.29206055384214,1551.6959602234003,6.066117971260837,0.13669168377722138,11351.794910598494,0.2610606953405848,0.06616863271589875,0.9663495057607787,0.9979142010329695,0.006150336571084617,0.011985603608365973,141,16,dual-fidelity: 3D FDTD coupler/mode/bend + CMT Eqs 2-7,
14.460644491432607,463.6995996837557,278.37136065245136,0.3112605724407497,2.3845168914761694,4.280639473014999,1547.0852158798102,6.093380369987244,0.02881666660481791,53687.16781493215,1.2678375060316722,0.012718369059254738,0.9936204662449064,0.9979904699759813,0.0055795313517598925,0.011892585918953778,141,16,dual-fidelity: 3D FDTD coupler/mode/bend + CMT Eqs 2-7,
8.788010432884068,445.177422156342,307.06879047898775,2.507017463765061,2.3421015447855185,4.320945137521056,1550.1812385307157,9.190474690652309,0.0737149998200917,21029.38672338163,0.8519849645773679,0.02247967131207002,0.9886962772701887,0.9976596616568086,0.01252174956453576,0.007829995284639867,91,11,dual-fidelity: 3D FDTD coupler/mode/bend + CMT Eqs 2-7,
12.553849756180966,432.4109742066354,270.87948864689486,2.3499164016261407,2.3154272149353172,4.343975057130578,1548.1501531787615,6.579273206857579,0.13517116735019502,11453.257255431461,0.28762749820369965,0.060314545196570694,0.9693737436115285,0.9979083662839311,0.007321586615167578,0.010865139628177712,125,15,dual-fidelity: 3D FDTD coupler/mode/bend + CMT Eqs 2-7,
13.616344967017787,482.1840261532377,173.53588318751002,0.09610715205388767,2.418333071922273,4.245620066063323,1547.484708265622,6.556748582589989,0.09293430844413089,16651.382403043543,0.40222497105513233,0.04148414487250704,0.9790382296557643,0.9979941724980657,0.00629288259428651,0.011147010281987143,134,15,dual-fidelity: 3D FDTD coupler/mode/bend + CMT Eqs 2-7,
8.453781886155468,482.9722488880566,221.9098169465676,2.418493460887707,2.412574074947126,4.2520189940553035,1553.5278874381804,9.747193007047144,0.13221387213590097,11750.112619357587,0.5016593442981927,0.03923361074438727,0.9801869154684798,0.9976235043095751,0.013132569551632705,0.00753397645766589,90,10,dual-fidelity: 3D FDTD coupler/mode/bend + CMT Eqs 2-7,
5.4733155642929425,488.2439347159271,171.02296742467323,2.07698268128335,2.4202662583292414,4.243914977030631,1554.7718358978304,14.671973425527085,0.2911514102523262,5340.08004477941,0.4154324767313604,0.05728054851337013,0.9709374086348872,0.9971152787323373,0.02008188377522325,0.00501069676869963,60,6,dual-fidelity: 3D FDTD coupler/mode/bend + CMT Eqs 2-7,
9.96357270269209,420.98102318627895,194.77872226339753,2.829104573648828,2.2888223952841273,4.365361711070811,1546.9081567264273,7.99707151374264,0.7523018808331674,2056.2332703638076,0.06733912417242856,0.25171297239997337,0.8650358533610192,0.9977615935753903,0.01059039010291172,0.008873953758782867,101,12,dual-fidelity: 3D FDTD coupler/mode/bend + CMT Eqs 2-7,
11.814011416298996,443.35843165908534,191.28219583581796,0.34481456411678485,2.338091241361783,4.324529329133631,1550.1597087866342,7.389026654077043,0.17109006822102926,9060.48916167361,0.25044571404008237,0.06796009721573683,0.9654221370904352,0.9979441631751428,0.00813564950479638,0.009739502770136792,113,13,dual-fidelity: 3D FDTD coupler/mode/bend + CMT Eqs 2-7,
10.71177872726096,467.87833544644354,207.03909079873642,0.8983968646702092,2.393921742112987,4.27113302506951,1546.0010249110298,8.065605558115521,0.1107141848374915,13963.892948137414,0.4419777229703098,0.03999130753606529,0.9798003329576566,0.9978720927673527,0.009519345153710113,0.008983114977489295,107,12,dual-fidelity: 3D FDTD coupler/mode/bend + CMT Eqs 2-7,
12.49723427986343,461.6969790051758,225.8368333289347,2.621470619575592,2.373198077065543,4.291986401518611,1553.061241028589,6.686545564981088,0.1700669011688516,9132.060561782248,0.2327490103636488,0.07456518598005463,0.9619952255702443,0.9978987538462418,0.007380894815077379,0.01088949940608012,128,15,dual-fidelity: 3D FDTD coupler/mode/bend + CMT Eqs 2-7,
5.019481948843601,416.02441222691743,308.3299913555254,1.378831997983225,2.2659432542829996,4.3833842817899225,1554.2557619279007,15.936623722963077,0.10806495180824259,14382.607273872405,1.3206326627998768,0.01798301722562412,0.9909677001670518,0.9970246573891773,0.021423540715169224,0.0044584798994571845,50,6,dual-fidelity: 3D FDTD coupler/mode/bend + CMT Eqs 2-7,
13.417529324127193,481.0140821521303,198.1405340947787,2.789369422290747,2.4136992720499006,4.250643580922319,1549.656343244397,6.266021515967395,0.18768464827895434,8256.702705599842,0.1960453901980255,0.0875749443199694,0.9552094302717236,0.997911599622885,0.006473719944330275,0.011684863053836534,140,16,dual-fidelity: 3D FDTD coupler/mode/bend + CMT Eqs 2-7,
12.746907502736638,465.97968504248325,157.93646895583896,2.0097511913313952,2.381770364434246,4.283566849810558,1552.9638390367434,6.671472012577624,0.3915459034161061,3966.2369737179138,0.09937550160906075,0.16570873279698095,0.9133954604677095,0.9979232364463759,0.007122906933832561,0.010934388961058535,129,15,dual-fidelity: 3D FDTD coupler/mode/bend + CMT Eqs 2-7,
13.408414699708807,431.3582947116604,196.62410662888203,0.1948281277598331,2.309078631934261,4.349440301426203,1551.0632873600548,6.513475531001404,0.18184248551354926,8529.707911655682,0.20262015278739626,0.0818048619133303,0.9582249934575229,0.9979889930895846,0.0064821338191686385,0.011002837363609108,126,16,dual-fidelity: 3D FDTD coupler/mode/bend + CMT Eqs 2-7,
14.3678732529324,421.6091654324458,229.62199706516802,0.3669616475001122,2.284317948834088,4.369237670716407,1551.4598837169233,6.034379538309622,0.1422142245526764,10909.315777636995,0.2404049867087449,0.06924756902910974,0.9647551145088012,0.9979889812339269,0.005653783023495638,0.011831291343721673,134,16,dual-fidelity: 3D FDTD coupler/mode/bend + CMT Eqs 2-7,
7.787595264459048,408.65801894389443,215.9577558011124,0.1556142344726244,2.258841650700174,4.387564313690273,1544.863612711386,10.98277778099532,0.21319181339882132,7246.355233263038,0.35094426948250235,0.05655171348836908,0.9713126615625017,0.997603369161647,0.014440378830934977,0.006401477239671238,72,9,dual-fidelity: 3D FDTD coupler/mode/bend + CMT Eqs 2-7,
7.446200016054861,488.442417839493,329.32801346490703,2.2241675263486025,2.423650933798813,4.240113404988371,1552.1723929640439,11.03042896013244,0.026395961378139505,58803.4044575287,3.5563717698392985,0.0049527572315455366,0.9975205475419815,0.9974909508136781,0.015160265762051732,0.006660444646426156,80,9,dual-fidelity: 3D FDTD coupler/mode/bend + CMT Eqs 2-7,
6.177037452646207,401.6654149472239,252.64186528167107,0.35736505580731837,2.233549910667138,4.405556541603771,1548.8375944257014,13.67712841954176,0.1674216932662802,9251.116532206564,0.6330338057849629,0.03486988849246427,0.9824103580009403,0.9973206094240261,0.018165719087724227,0.005138406139877309,57,7,dual-fidelity: 3D FDTD coupler/mode/bend + CMT Eqs 2-7,
9.25677965918469,450.34284841986545,262.14436754322156,0.3058399960748778,2.3506327381573406,4.313292636003939,1552.3087858959352,9.459902800968393,0.0516013020820452,30082.744490202796,1.2161116869178579,0.014716896568438767,0.9926142772656261,0.9977743607195165,0.01171261533315534,0.007640586452009922,89,10,dual-fidelity: 3D FDTD coupler/mode/bend + CMT Eqs 2-7,
10.462621428186395,480.2828996516764,166.9148574952506,1.5675388635198626,2.410276014970983,4.254339742111519,1551.444369484729,8.181498172460579,0.22845800779962214,6790.93888818939,0.21835845157223202,0.0816249966013013,0.9583188422433834,0.9978359597758044,0.00986340555965325,0.008953576704696362,107,12,dual-fidelity: 3D FDTD coupler/mode/bend + CMT Eqs 2-7,
14.63815528415821,462.09054446493366,279.53039739706577,2.6221431422773493,2.3767862677274056,4.288393074025724,1550.7896878130941,5.751895033711207,0.06670038498146964,23250.086011406478,0.5126157344038892,0.0336609320511285,0.9830254665820574,0.9979207920058829,0.005440163543473084,0.012638408703724804,149,18,dual-fidelity: 3D FDTD coupler/mode/bend + CMT Eqs 2-7,
9.373848644100116,449.9618589771597,151.59221783584516,1.7321991801558267,2.356576506260497,4.307575551167676,1546.956698673385,8.868414114948791,0.5867471979887454,2636.4960991310227,0.09604717179833148,0.18447554473335015,0.9030639264562891,0.9977430352002322,0.011518839558078087,0.008107063436244084,95,11,dual-fidelity: 3D FDTD coupler/mode/bend + CMT Eqs 2-7,
9.439077423590646,427.2457455928952,308.64960989834566,0.9947292439551155,2.3007538544261563,4.356132430972618,1549.770883756385,8.953428795420905,0.05633525824925971,27509.78573488212,1.045539036713751,0.01729271182753836,0.9913159376164905,0.9977711828160527,0.011412265280174928,0.00796860103898892,91,11,dual-fidelity: 3D FDTD coupler/mode/bend + CMT Eqs 2-7,
9.537005885051835,409.3952615766182,262.99504442496766,2.2817099202910636,2.2565191066215964,4.3895509072784655,1548.0248014732163,8.428549411176846,0.26596522566066666,5820.4030155741975,0.2016038481535272,0.09185984424287816,0.9529638795658112,0.9977417239183622,0.01125411305365444,0.008383205361963257,94,11,dual-fidelity: 3D FDTD coupler/mode/bend + CMT Eqs 2-7,
9.08116654729297,440.5755937221207,151.88518889884364,2.985947082540961,2.333937461529838,4.3281205367261055,1548.5195098264137,8.750652121066878,1.1541012350345863,1341.7536198893397,0.05049270394624037,0.33264523764599824,0.8169178430870523,0.9976767011544239,0.012009424699843342,0.008193971030320905,95,11,dual-fidelity: 3D FDTD coupler/mode/bend + CMT Eqs 2-7,
12.289391701324986,475.68468996241967,196.5337446413161,1.4829897204775544,2.4007804788164346,4.264293143817668,1552.4241314306712,7.023999560593666,0.1406420481830828,11038.122321780902,0.2926259121058075,0.058791097050779347,0.9701592152575889,0.9979267748987378,0.007602771755769127,0.010423725625676353,124,14,dual-fidelity: 3D FDTD coupler/mode/bend + CMT Eqs 2-7,
14.805609648877718,414.8265804931782,200.62648042688537,2.1127248831702046,2.2659637273634208,4.383115667478752,1551.8953456748116,5.6334484075255205,0.5313694998477057,2920.5578154553396,0.06186176342022468,0.25268541018854673,0.8644735911590667,0.9979350326476895,0.005311883729024413,0.012642739040880677,142,18,dual-fidelity: 3D FDTD coupler/mode/bend + CMT Eqs 2-7,
14.120077527926867,451.12456389312683,251.6295641609985,1.1045029009246052,2.3539421934406253,4.310177308573852,1551.010284591715,6.119184152276603,0.07752379303596564,20006.89367549591,0.4574800018554225,0.036937991251084594,0.9813572278986462,0.9979668559165494,0.005856992789238513,0.011820649030002276,138,16,dual-fidelity: 3D FDTD coupler/mode/bend + CMT Eqs 2-7,
7.9626973423772,469.6198198183344,182.01306335442652,1.330574377864421,2.388110333664902,4.277260481852145,1553.5174172308496,10.65168171926689,0.21539947161520984,7212.261968803977,0.3379798887243746,0.05895342064509979,0.9700755534260722,0.9975927278905764,0.014084514799649618,0.006849992721373256,81,10,dual-fidelity: 3D FDTD coupler/mode/bend + CMT Eqs 2-7,
6.373617129760874,499.7485060278427,153.0297926025616,1.4777059211913854,2.4474303021925343,4.213656430115586,1547.7127893588342,13.135482453008308,0.22724409347596466,6810.7943563449935,0.4418696562960606,0.050017429704518473,0.974670493190125,0.9973263455943211,0.01766390395828468,0.005590263814938976,68,7,dual-fidelity: 3D FDTD coupler/mode/bend + CMT Eqs 2-7,
5.251802732288553,482.2200645424943,173.80762277972627,0.5362532379022278,2.413587082514514,4.250844923281168,1551.5519704491137,16.486840429657605,0.1439475015068678,10778.59604513586,0.9777162618142771,0.02401585259496979,0.9879190996255869,0.9971081048259944,0.020725900488448527,0.004429172311138314,53,6,dual-fidelity: 3D FDTD coupler/mode/bend + CMT Eqs 2-7,
11.18290380490114,491.62430805023524,262.41274430143903,2.550279292745833,2.429553967386432,4.233687352488304,1551.7193763731107,7.518700827096836,0.054298801465635746,28577.41486900318,0.8693532302581513,0.02024339572632001,0.9898265526210539,0.9978495529214338,0.00890123243794907,0.009797426010326396,118,14,dual-fidelity: 3D FDTD coupler/mode/bend + CMT Eqs 2-7,
12.934264741382915,404.2420846814136,296.56654175431913,0.10807511189272867,2.2419137204923056,4.399791391508273,1548.1465356689982,6.661895909003761,0.06424515036206019,24097.484820943813,0.6009879180202589,0.02777731985222504,0.9860135293938795,0.9979840216910671,0.006935250108943028,0.010592989212781763,118,15,dual-fidelity: 3D FDTD coupler/mode/bend + CMT Eqs 2-7,
6.077449825372966,434.2275263781549,192.24084099903894,2.437676353486166,2.3109453289727653,4.348177900149026,1554.8724846806226,12.827667114491305,0.6394062070148127,2431.744433542232,0.15643367271258327,0.14143485405240827,0.9265879051377649,0.9972380369372149,0.018425354870437925,0.0055979425001339966,64,8,dual-fidelity: 3D FDTD coupler/mode/bend + CMT Eqs 2-7,
13.26788806279971,427.481103961578,342.4287007998197,0.6224677305397545,2.3044297620947,4.352993653219022,1547.4343661713106,6.479836573677403,0.02675097432787867,57845.9067398769,1.4821274833767037,0.010839179253271472,0.9945656442622219,0.997974341721399,0.0066132491994005714,0.010999239523293588,126,15,dual-fidelity: 3D FDTD coupler/mode/bend + CMT Eqs 2-7,
7.909098630179617,438.0282980527237,231.149965789439,0.5043708157477473,2.324868108516343,4.336140815480616,1551.0257842295412,10.881371460146056,0.11889022961942156,13045.864148757353,0.6313943172657205,0.031240137618102574,0.984255994333739,0.997610025307657,0.014192503209379417,0.0065913996118976545,76,9,dual-fidelity: 3D FDTD coupler/mode/bend + CMT Eqs 2-7,
5.6369042821397,469.97997291699096,218.983028311289,2.029465406590087,2.393954114201501,4.271182146903435,1549.266830439972,14.134947516858347,0.18291874623854296,8469.699592296487,0.6360130021776206,0.0368186503202935,0.9814180300359814,0.9971544783695219,0.019619154644219587,0.005131963846970744,61,7,dual-fidelity: 3D FDTD coupler/mode/bend + CMT Eqs 2-7,
7.885492624121817,422.2248687855397,186.3070794825614,1.3069685520932268,2.287995541272526,4.366248623781624,1549.8925922191054,10.490528280864282,0.498419412981336,3109.6152193356547,0.1432901645820358,0.13563519487792114,0.9297122162917292,0.9975827804125248,0.014240325841097488,0.006780793304992416,77,9,dual-fidelity: 3D FDTD coupler/mode/bend + CMT Eqs 2-7,
9.76738345084367,428.472185325453,341.61443041963446,1.3195047641937365,2.3020438857988617,4.355188999180495,1551.075726587123,8.592024192844292,0.03912410060713738,39645.01937468593,1.4660175774204054,0.011958078163903584,0.9940029787863296,0.9977905977842382,0.01089064733037862,0.008321207663121272,95,12,dual-fidelity: 3D FDTD coupler/mode/bend + CMT Eqs 2-7,
10.560118235754427,409.5673080544808,202.18232195291648,0.2992539288576364,2.250098030233482,4.3946754570299404,1553.0243318613605,8.162706015748881,0.27802643747769834,5585.8872485316615,0.17505151881075476,0.09907002977246754,0.9491733088469841,0.9978803282624308,0.00972731589848647,0.008703459387829272,97,12,dual-fidelity: 3D FDTD coupler/mode/bend + CMT Eqs 2-7,
13.969415856204453,454.9209970230836,170.09748941749177,0.5749890401433996,2.366526752784435,4.298205618395135,1547.3327499547652,6.244507315773944,0.21150369658148244,7315.866223447544,0.1673044429259417,0.09873178404466988,0.9493514712451496,0.9979822093935258,0.005984099701018597,0.011559912849923382,136,16,dual-fidelity: 3D FDTD coupler/mode/bend + CMT Eqs 2-7,
11.723379503953684,430.73693534740494,249.21202558215447,1.605116218449755,2.313591043514661,4.3454077302975875,1546.4927390204834,7.133597326081372,0.15462334948030024,10001.676617524794,0.27322112722747954,0.06360680967427333,0.9676741137003338,0.9979028711444005,0.008241404816583435,0.009993151777262108,115,14,dual-fidelity: 3D FDTD coupler/mode/bend + CMT Eqs 2-7,
5.723193162243346,423.2182184072756,208.44151497993298,0.19952608940190028,2.2959042697962957,4.359723132627781,1545.8636102214698,14.958605002113018,0.19358625386146594,7985.399683015302,0.6192633431064107,0.03686407014689625,0.9813948898649838,0.9972285361108552,0.019379387853525665,0.0047266615975750425,54,7,dual-fidelity: 3D FDTD coupler/mode/bend + CMT Eqs 2-7,
10.402955417119665,491.29217409923166,150.84839578336994,1.800114500978423,2.4294455552840057,4.233781191825931,1551.3342833042168,8.209486592684016,0.26716659577623947,5806.61769783341,0.18806934749833445,0.0947677402181805,0.9514369447219398,0.997824936505067,0.009947627025069274,0.008965310331906165,108,12,dual-fidelity: 3D FDTD coupler/mode/bend + CMT Eqs 2-7,
11.319150252468742,480.41638842154083,310.41340399467015,1.3163214333305937,2.4142270094180103,4.250033637751902,1548.3164477506216,7.619205069991267,0.02223784052176219,69625.30584907389,2.2800385210633416,0.007001092400351968,0.9964933053461262,0.9978932887795737,0.008730078286413985,0.009587884984955016,115,13,dual-fidelity: 3D FDTD coupler/mode/bend + CMT Eqs 2-7,
11.954751888123909,473.0072141774537,279.80795479909546,1.271616352846943,2.3971679666732277,4.267966803896366,1551.310351998208,7.234936692699193,0.03731389438996083,41574.60317022237,1.1982591032878256,0.013965419146665927,0.9929927395773517,0.99792182997203,0.007974107772388817,0.010095430035617088,120,14,dual-fidelity: 3D FDTD coupler/mode/bend + CMT Eqs 2-7,
14.686509957744446,469.0301855358849,343.15568830012285,0.33502568811409655,2.388349320708801,4.276971367863155,1552.3955749472734,6.043969571170464,0.011543647291011492,134480.50999930088,3.5634813847778526,0.003961215469907742,0.9980174269671308,0.9979888678583548,0.005402806175014634,0.012083254944341723,143,16,dual-fidelity: 3D FDTD coupler/mode/bend + CMT Eqs 2-7,
8.539767089399954,433.1846478319069,271.2875341011164,1.0810407298010876,2.3101257673222695,4.348760767267361,1553.6019000966348,9.893098856732195,0.09374315212375664,16572.964156844442,0.7114489998496647,0.02691807784385839,0.9864491482869969,0.9976737476033406,0.01297263705507062,0.007256472673119249,83,10,dual-fidelity: 3D FDTD coupler/mode/bend + CMT Eqs 2-7,
5.203510881689041,468.9221639529222,210.51694371725225,0.9981795278512766,2.4005429534305165,4.264283138617757,1542.1702371046574,15.948119080407878,0.13604749960050738,11335.527970988935,1.0113933598400888,0.023383951537920073,0.9882388620480779,0.9970824164401317,0.02086902161405582,0.004509827682526431,54,6,dual-fidelity: 3D FDTD coupler/mode/bend + CMT Eqs 2-7,
7.829844192999575,410.37933701739473,199.53752243755957,1.1904653794305586,2.255238242751765,4.390782456809511,1550.9211075600101,10.562909398342754,0.48371567880557376,3206.2659440555212,0.14895268665407413,0.13099482808858978,0.9322044689398407,0.9975784586098049,0.01435370083074042,0.006705048057476789,75,9,dual-fidelity: 3D FDTD coupler/mode/bend + CMT Eqs 2-7,
11.829798555285034,483.0842552391335,327.2667800892865,2.929111243750582,2.416633568727215,4.247545235111626,1550.2615209618584,7.031735789790218,0.02634609099671798,58842.183500959574,1.7448173877519089,0.00954929670856398,0.995213898260789,0.9978675867596805,0.00811736730178848,0.01042431506440511,125,14,dual-fidelity: 3D FDTD coupler/mode/bend + CMT Eqs 2-7,
6.27064316360602,425.92018317086024,287.08644877663176,0.09558733095752037,2.303156879529937,4.353896131819468,1545.4880500243273,13.758021454172876,0.055852261282992595,27671.002292881905,2.0449429954404885,0.009956543937465007,0.9950092743600609,0.9973472835121426,0.017925015302674634,0.005146802395026566,59,7,dual-fidelity: 3D FDTD coupler/mode/bend + CMT Eqs 2-7,
6.794359281810749,471.2938404939086,217.51382302051783,1.6548292241131584,2.394161832495811,4.271034755080989,1551.1429503701409,12.17249851122051,0.14472446359463328,10717.904297885827,0.6317261013376112,0.03392901265034403,0.9828891022641649,0.9973996301133388,0.016635959531750427,0.0059799839917218526,71,8,dual-fidelity: 3D FDTD coupler/mode/bend + CMT Eqs 2-7,
7.545721861906371,404.8720174081605,220.46283391047524,0.9784771665981038,2.2352387200103934,4.405115692216878,1554.2188762790117,11.043654139037244,0.3531862590784169,4400.564394363749,0.21691105109656794,0.09276151746024376,0.9524906732035523,0.9975433280449341,0.014946779188113058,0.006417855998838714,71,10,dual-fidelity: 3D FDTD coupler/mode/bend + CMT Eqs 2-7,
5.452314830074011,479.2372247904209,211.4923310401334,2.9189067474599755,2.4043083796350846,4.260758844948931,1554.8785579907058,14.053835340736214,0.24415903187857946,6368.302438076296,0.481078808154934,0.04997749774114086,0.9746909778277724,0.9970852098425222,0.020142071818485673,0.005212443330296584,62,7,dual-fidelity: 3D FDTD coupler/mode/bend + CMT Eqs 2-7,
12.84277066001308,477.04550170604216,186.1458517898672,0.35001647388343965,2.4032417306764082,4.261744193840763,1552.4472540289387,6.92420576132281,0.09650778810766018,16086.238058809216,0.4132992067202679,0.04074951490446074,0.9794133372052574,0.9979749235300783,0.007026264628604563,0.010581160312090962,126,14,dual-fidelity: 3D FDTD coupler/mode/bend + CMT Eqs 2-7,
12.660643932135303,413.33756377548826,209.7048175130685,2.8991372347808753,2.267246471540402,4.381779687611083,1548.0295737044958,6.386616797770785,0.6428105937756464,2408.2203820131635,0.05923904650966886,0.2668936692931497,0.8562162873403252,0.9978946430499757,0.007211007370023765,0.011095168032440268,125,15,dual-fidelity: 3D FDTD coupler/mode/bend + CMT Eqs 2-7,
5.625862576750143,403.3529817726797,345.54193814865846,1.396680440098225,2.2359493012423943,4.4041613164898425,1550.5982346867884,14.206645109330793,0.07866640132060537,19711.060994989668,1.5568230454201522,0.014329241939031725,0.9928095275836993,0.997170854814297,0.019650049022043925,0.004958420735143778,55,7,dual-fidelity: 3D FDTD coupler/mode/bend + CMT Eqs 2-7,
9.49314407767562,494.9960058074913,191.04099451854077,1.214151061377416,2.441302247817838,4.220428857311006,1546.377778686506,9.086982951215077,0.10274223926040327,15051.042198595316,0.5666426987379809,0.03258340085380912,0.9835733826950539,0.9977696179240156,0.01132467605583003,0.008069813116370873,98,11,dual-fidelity: 3D FDTD coupler/mode/bend + CMT Eqs 2-7,
13.733174402065675,405.535727468532,163.86947439017175,1.0901756132512326,2.2428101603928927,4.399413563197429,1550.1398092617912,6.154028295864691,0.8140861199356493,1904.147204210194,0.04401724713155433,0.3339641428989449,0.8161101991159375,0.9979654499011303,0.006188983192402974,0.011500896010564522,128,16,dual-fidelity: 3D FDTD coupler/mode/bend + CMT Eqs 2-7,
7.410408981619305,423.14916558373045,294.8535361768969,0.15988365200629626,2.285969778339051,4.368112985712423,1553.158770152537,11.708934893024434,0.05262195196905628,29515.415373908094,1.6710228421957816,0.011510778734761558,0.9942279523656727,0.9975470437720301,0.015237785150984557,0.0060944962178769045,69,8,dual-fidelity: 3D FDTD coupler/mode/bend + CMT Eqs 2-7,
14.407637324227217,474.2716694160813,328.3151965803686,0.6201669062086104,2.399952116099689,4.265087656678093,1550.946897035023,6.127219217785068,0.014014927787778582,110663.92353355493,2.878256163885102,0.005130113145692509,0.9974316452039745,0.9979813558616576,0.00562183666254187,0.011929604564692605,142,16,dual-fidelity: 3D FDTD coupler/mode/bend + CMT Eqs 2-7,
7.646332569010701,413.46090393860715,347.07922708781234,1.4243403298717947,2.2595073806194943,4.388052277516827,1553.9305562593502,10.752646453126545,0.056008331943745375,27744.631956190267,1.4224244674087498,0.013719392618947952,0.9931166131834932,0.9975450119217197,0.01473401254725738,0.006615960664450847,74,10,dual-fidelity: 3D FDTD coupler/mode/bend + CMT Eqs 2-7,
14.391957081341232,471.65624636432284,187.85875117766335,2.6667556725562775,2.395929070598389,4.269197102139387,1550.2445368275992,5.861385985720062,0.2514300567571277,6165.708892652715,0.13603858902217786,0.12373427963184626,0.9360906581993829,0.9979202462707117,0.005634412519731901,0.01244890980062015,148,17,dual-fidelity: 3D FDTD coupler/mode/bend + CMT Eqs 2-7,
14.565300346058756,436.5971780467823,288.4648180016369,1.8229688697690092,2.325799180027011,4.335155894274981,1547.7529774396187,5.789546434403519,0.07504197319195986,20625.16364648908,0.4517688514913806,0.03780372359621278,0.9809160394263045,0.9979449789580145,0.005496937427673781,0.012371114452911777,143,17,dual-fidelity: 3D FDTD coupler/mode/bend + CMT Eqs 2-7,
5.680507471858942,452.76758757853986,182.68723882039646,0.20622783727291616,2.3598366290357564,4.304599739845169,1549.0884433405722,15.320993338699054,0.16659008002833722,9298.803644713238,0.744882238329953,0.030627862373083257,0.9845669797565408,0.997218763930895,0.01949762806196701,0.004693537778676994,55,7,dual-fidelity: 3D FDTD coupler/mode/bend + CMT Eqs 2-7,
8.493798873710526,485.15329576498664,190.32587434769889,1.7963889319527597,2.421101277242784,4.242724254092955,1549.529032510763,9.88692407254689,0.16685134200306787,9286.883844675773,0.396957907883726,0.04914293243450352,0.9751190017456826,0.9976469048334332,0.013057894127826233,0.007404915719414463,89,10,dual-fidelity: 3D FDTD coupler/mode/bend + CMT Eqs 2-7,
11.248884786560286,492.28801208660434,208.6001919964989,1.9697630678194284,2.431683822335219,4.231307285950545,1550.8396894019288,7.589303924093201,0.10386011634036894,14932.00416143901,0.44359537597888915,0.039878176697305256,0.9798580628349672,0.9978702710126437,0.008817931461561295,0.009700385987332355,117,13,dual-fidelity: 3D FDTD coupler/mode/bend + CMT Eqs 2-7,
13.239980702921265,405.9047071209374,179.59600401515405,0.9767442416233363,2.2416606408824555,4.400399701898841,1551.7165096844362,6.405176055412994,0.5915401827341152,2623.1802250733995,0.06230534308883798,0.24808673918574806,0.8671293218512749,0.9979633497828831,0.006639601514803683,0.011068556291413768,123,16,dual-fidelity: 3D FDTD coupler/mode/bend + CMT Eqs 2-7,
12.462825224140293,456.00854007556285,204.85742274171358,2.8516091227353,2.3637311478252605,4.301009976830699,1551.373234037954,6.638700175567465,0.2891701572006388,5364.914723760875,0.13592927534014146,0.12546561552831645,0.935165431606453,0.9978909403555176,0.007417174895970031,0.010921229615365683,128,15,dual-fidelity: 3D FDTD coupler/mode/bend + CMT Eqs 2-7,
7.300255579610159,497.39606806169667,217.6026215594924,0.9514518253448747,2.437828117287376,4.224707993842232,1552.7912695796656,11.878099819170757,0.06417361754042122,24196.72334353918,1.3909912025045985,0.014274844905629264,0.9928369227090473,0.9975060547479622,0.01547886121287997,0.006210329092129773,75,8,dual-fidelity: 3D FDTD coupler/mode/bend + CMT Eqs 2-7,
11.670710699828735,402.8745227575902,314.9715083855432,0.763010054161882,2.235856582115999,4.404107944368143,1549.6816808608462,7.256885634973742,0.07042800909325656,22003.769534488052,0.6151326519011409,0.027898004749142266,0.9859523290965226,0.9979258352249829,0.008303492691205552,0.009731183553238064,108,14,dual-fidelity: 3D FDTD coupler/mode/bend + CMT Eqs 2-7,
14.694841405620139,433.64768320392557,167.01507616430337,0.17513975728004022,2.312193381490833,4.346988582847904,1552.8672508174577,5.9671357004447145,0.27706436044815586,5604.716710246208,0.121217543261841,0.1333856009852106,0.9309212635957939,0.9979935988711279,0.005396395505686629,0.01204848984633928,138,17,dual-fidelity: 3D FDTD coupler/mode/bend + CMT Eqs 2-7,
12.236889361648954,456.9599933443582,211.77330083298162,1.037423057879173,2.3709000486467895,4.294003552336435,1547.1884250856174,7.035032086368801,0.13071195834463162,11836.624932252504,0.31395162277196903,0.05454050715835899,0.9723474136550377,0.9979384521056444,0.007659866685302771,0.010264993642598922,121,14,dual-fidelity: 3D FDTD coupler/mode/bend + CMT Eqs 2-7,
13.108566499297904,420.5189708658789,234.85902530640558,1.6664089649471672,2.2813269571989516,4.371551296629492,1551.5987287961823,6.405048665389131,0.23779395001119785,6524.971424727654,0.1557583585485302,0.10779291042593969,0.9445671440263315,0.997940660403834,0.006765111544154808,0.011140528146341032,126,16,dual-fidelity: 3D FDTD coupler/mode/bend + CMT Eqs 2-7,
12.076256321663724,476.93315057096754,349.83741893046084,2.805356300352985,2.40190945116272,4.2631700893432996,1553.388593777833,6.922272947747615,0.02080878150092526,74650.62736656453,2.219122321068929,0.007263105414210735,0.9963618291493253,0.9978803396258356,0.00783722742010426,0.01059344895527335,126,14,dual-fidelity: 3D FDTD coupler/mode/bend + CMT Eqs 2-7,
10.364529837717937,427.01801148781806,194.49773880931747,0.3375764097324363,2.303991208586501,4.353313963454434,1546.9047382871238,8.318214170802094,0.22569866070046776,6853.8498787995595,0.22168855344106816,0.07936157690423778,0.9594990479910661,0.997865952146946,0.01000224691098962,0.008553663873513024,98,12,dual-fidelity: 3D FDTD coupler/mode/bend + CMT Eqs 2-7,
10.601345681443778,429.26136260637355,337.52081746419185,1.862085265964145,2.3094080045445358,4.348894885715291,1546.9600300410573,7.792285630796414,0.04758267411148498,32510.993947430736,1.0451548968918507,0.01679748676251557,0.9915656878076633,0.9978363246452954,0.009670335481605783,0.009143470694007989,105,13,dual-fidelity: 3D FDTD coupler/mode/bend + CMT Eqs 2-7,
5.574812982717054,463.44551499663106,315.0679077709379,2.593708493069671,2.3845249415897567,4.280621950243401,1546.6721056209196,13.800079726471495,0.06183272326367853,25013.811845635755,2.0045069497807106,0.01103641328670476,0.9944664834539649,0.9971234422879306,0.01979351795001772,0.005227950001224748,62,7,dual-fidelity: 3D FDTD coupler/mode/bend + CMT Eqs 2-7,
13.727821627081164,401.2133157937586,249.53079982655242,1.0712311697404795,2.228768124602081,4.409075661589045,1551.3087730432192,6.15473864906312,0.2185483184481493,7098.241633971977,0.1608507854280568,0.10330954502645474,0.946937408160405,0.9979659755612769,0.006193705836588266,0.011491598233224135,127,16,dual-fidelity: 3D FDTD coupler/mode/bend + CMT Eqs 2-7,
12.027926466669735,474.8439942523764,183.6926769812941,2.907514056456219,2.401031392168194,4.263971656143804,1550.927533343069,6.907435840564631,0.2931837427649238,5289.950659326327,0.14053843003054017,0.12240148458216948,0.9368022819239022,0.9978756010096473,0.007891389533848476,0.010580533465336668,126,14,dual-fidelity: 3D FDTD coupler/mode/bend + CMT Eqs 2-7,
7.798611486132492,421.20900628270823,282.0937143655656,1.2192416718482568,2.2875658256474853,4.3664484580764125,1548.2788639247858,10.614202499303474,0.11006324415937314,14067.174520885974,0.6772708073586795,0.02952038403414996,0.9851292382047393,0.9975731758130094,0.014417727605545771,0.006687018578469598,76,9,dual-fidelity: 3D FDTD coupler/mode/bend + CMT Eqs 2-7,
13.914898337067022,434.3963975093164,347.9005818676387,1.280209351011969,2.3212231134231436,4.339042058827221,1547.315351347472,6.112300207333192,0.027419443235761527,56431.31912063779,1.3636892012550148,0.011935620512978081,0.9940142752933793,0.9979608965476496,0.006030770396576626,0.011698739452969545,135,16,dual-fidelity: 3D FDTD coupler/mode/bend + CMT Eqs 2-7,
13.306573118196221,421.4350898400813,276.9004605741052,0.011720345361997618,2.2828827835999603,4.370411620589827,1552.195208794313,6.569448385445412,0.058061120841059834,26733.814061967383,0.654717217855132,0.02533441550566938,0.9872515305099965,0.9979931334206121,0.006576892631207464,0.010872043701465096,123,16,dual-fidelity: 3D FDTD coupler/mode/bend + CMT Eqs 2-7,
14.099269587252381,447.0814342304383,326.9618229706856,2.572175097729086,2.347265917884597,4.316238883846762,1549.4050027260203,5.916015667335159,0.043338322080395605,35751.384187227326,0.8251271397705693,0.020648661871911705,0.98962181570946,0.9979229679181278,0.005874385573825248,0.012185247582046022,142,17,dual-fidelity: 3D FDTD coupler/mode/bend + CMT Eqs 2-7,
8.228221855359545,448.8118280576725,336.3580478678773,2.5857266056637207,2.347363869928835,4.316284816417172,1552.287049214825,9.76778542125271,0.04796231771325377,32364.72137346003,1.4852292374373142,0.012853788398027621,0.99355231950913,0.9975904017852641,0.013561544129235988,0.0073932164640277435,86,10,dual-fidelity: 3D FDTD coupler/mode/bend + CMT Eqs 2-7,
8.651242539836403,425.87046724239235,285.71491547403326,0.42012292084796266,2.299682322101469,4.356864878298355,1548.0116879427608,9.91348949100734,0.06245961730474294,24784.20065223824,1.0769244140930807,0.017245049101610153,0.9913399774539459,0.9977065103421846,0.01276818858291457,0.007175688761389593,82,10,dual-fidelity: 3D FDTD coupler/mode/bend + CMT Eqs 2-7,
9.750556307808422,477.5285083110735,299.9862122096535,1.102219979623766,2.4116679876268536,4.252687182872815,1546.1225901888758,8.817750678802213,0.02661715482992467,58087.44774068144,2.3123596829785225,0.00720871859121016,0.9963891214825611,0.9977956629337552,0.010916793385485603,0.008250968971608564,99,11,dual-fidelity: 3D FDTD coupler/mode/bend + CMT Eqs 2-7,
13.750109220649577,420.4053083771576,320.378799501496,0.6648120980907288,2.281331120982758,4.371527644189651,1551.377818658558,6.255727004505161,0.042310511210739456,36666.48722185091,0.8724026158253867,0.018972628219458745,0.9904682588455529,0.9979782813967393,0.006174065652222023,0.011404134095052585,129,16,dual-fidelity: 3D FDTD coupler/mode/bend + CMT Eqs 2-7,
9.996844632540972,447.4870271893095,158.86104033775024,1.7481784549069195,2.3428961264261656,4.320403841846044,1553.5365654600166,8.388933937265392,0.5413026049013937,2869.996470353244,0.0960885000178089,0.18042330340151128,0.9053047534385803,0.9977965102425391,0.010540296521683019,0.008620089949009811,100,12,dual-fidelity: 3D FDTD coupler/mode/bend + CMT Eqs 2-7,
13.986551341968747,479.1909641123299,183.90040648824427,0.22152549640904384,2.407520978487756,4.257264990658422,1552.1155050461907,6.386664756203118,0.0890501967070708,17429.66958458104,0.4092759547668223,0.04079429794455643,0.9793904747624634,0.9979928372362977,0.005969505295856291,0.011482008834762577,137,16,dual-fidelity: 3D FDTD coupler/mode/bend + CMT Eqs 2-7,
9.785679095764205,475.2856657777897,176.00923002200997,1.9825650524004086,2.3981127228214874,4.267117424203272,1554.033203441475,8.61042083516918,0.2614573271776815,5943.735523561683,0.20666591412391777,0.08852240106061551,0.9547133595689256,0.9977723347913343,0.010862290564973837,0.008508547478610518,101,12,dual-fidelity: 3D FDTD coupler/mode/bend + CMT Eqs 2-7,
7.364781128461494,426.5803020174681,284.3847276393055,2.4113930741434735,2.3019216359808476,4.3550381586828,1547.6506926006557,10.704155962622053,0.1568757616814304,9865.454522818443,0.4939836994122069,0.04232717222292827,0.9786075964231382,0.9974726805855945,0.015337185026539387,0.00664261919427986,76,9,dual-fidelity: 3D FDTD coupler/mode/bend + CMT Eqs 2-7,
12.729452258926095,401.5860602616879,232.90130316844736,0.3550445534368273,2.229983631436283,4.408253263663969,1551.2149949021023,6.740828933733155,0.20410299505598928,7600.15792260459,0.1883015802674755,0.08852089436415117,0.9547141486517569,0.9979722660812788,0.007140646570652249,0.010489907546118272,116,15,dual-fidelity: 3D FDTD coupler/mode/bend + CMT Eqs 2-7,
6.469126601849283,490.5558981376096,248.08375059542934,1.9162973229713667,2.4338290395614495,4.228723397946592,1546.5007228892434,12.636558505658968,0.07255588924233276,21314.61331448939,1.401960955165356,0.015138172656565451,0.992402049243871,0.9973317118080441,0.017425121542832017,0.005782311061925677,70,8,dual-fidelity: 3D FDTD coupler/mode/bend + CMT Eqs 2-7,
8.81627921588484,421.59281651302666,218.75597378395338,2.2395997412222433,2.282367739099705,4.370872013156962,1552.8793209032367,9.170961397942165,0.42793764684926006,3628.751366785532,0.14044216182781374,0.1335152534613725,0.9308516243411876,0.9976707777290292,0.012471408898069703,0.007783557017039034,88,10,dual-fidelity: 3D FDTD coupler/mode/bend + CMT Eqs 2-7,
14.260095578210747,472.30037349370605,176.80407566377514,1.096730740841099,2.3975943206576757,4.267476594267641,1549.8638027592494,6.113493525494732,0.17035319940050886,9097.943614874192,0.2051689663582566,0.081657571048451,0.95830184647195,0.9979672416975492,0.0057412871573607645,0.01193299698469743,142,16,dual-fidelity: 3D FDTD coupler/mode/bend + CMT Eqs 2-7,
14.949193196215854,488.86764265627505,188.35245712492582,0.9749576202752703,2.426071940401283,4.237412308547107,1550.7203782882768,5.901861477124157,0.09630088920715477,16102.866661516398,0.3528910360707904,0.04788374879240606,0.9757644445293105,0.9979679059828443,0.005204301865423831,0.012464200617076395,150,17,dual-fidelity: 3D FDTD coupler/mode/bend + CMT Eqs 2-7,
13.809047663897116,496.4546808064951,250.13206750723913,1.4454589388350965,2.438727629542654,4.2235537416866755,1550.6800671948663,6.330662598064009,0.03822684524634252,40565.211625545606,0.9949593751082219,0.016722972326412393,0.9916032612257725,0.9979553630242227,0.006122427739190644,0.01165524402452945,141,16,dual-fidelity: 3D FDTD coupler/mode/bend + CMT Eqs 2-7,
