R_um,w_nm,g_nm,Lc_um,n_eff,n_g,lambda_res_nm,FSR_nm,FWHM_nm,Q_L,IL_dB,kappa2,t,a,loss_bend_dB,loss_rough_dB,m_order,n_res_in_window,origin,flag,R_um_scaled,w_nm_scaled,g_nm_scaled,Lc_um_scaled,lambda_res_nm_scaled,FSR_nm_scaled,Q_L_scaled,IL_dB_scaled
10.656980726085575,476.30815581044845,253.04374119291367,1.8296682347670117,2.4089665903518043,4.255550611358631,1546.537305258679,7.927379911474873,0.06745301272004349,22927.62388060288,0.7354686131096876,0.02416629869319279,0.987842953766846,0.9978408451115961,0.009593971099740521,0.009180485754254224,110,12,dual-fidelity: 3D FDTD coupler/mode/bend + CMT Eqs 2-7,,0.5659573002428843,0.7633922738947013,0.5165189158136306,0.6097178184413106,0.3137150166374286,0.20241093481826986,0.6155157611916431,0.07078751541975592
8.351410171394424,476.6087417255858,288.1575705184954,1.9035905973354756,2.4012947775787756,4.263807041945983,1553.4069450123436,10.006091087810546,0.046019075290243024,33755.718367111505,1.5694106128126628,0.011928716150029297,0.9940177482570272,0.9976263192902819,0.013325554132816678,0.007316483054114852,87,10,dual-fidelity: 3D FDTD coupler/mode/bend + CMT Eqs 2-7,,0.33514303519952127,0.7664010160770044,0.6926060189742295,0.6344218257005588,0.7166730400955377,0.3744592424202681,0.6857811561282171,0.1546719199261931
5.455376737047996,405.26773599339526,289.72060280351,0.19374597372392033,2.2390340247287144,4.402277941598927,1552.3059402223496,15.66112885750249,0.08860287647651174,17519.814276389316,1.5240233134469208,0.014682112216259254,0.992631798696647,0.9971672708882346,0.020133285181641866,0.004506402537883626,50,6,supplementary targeted batch (Phase 2.2 step 3); dual-fidelity: 3D FDTD coupler/mode/bend + CMT Eqs 2-7,,0.04521661012023312,0.052306700725281076,0.700444236351854,0.06301132789936338,0.6520905103119008,0.8425087188347665,0.5666488209426477,0.15010651060419386
5.956394348892242,449.4217238651944,265.55874541931894,0.44944001368891373,2.3489397640818335,4.314834747376016,1552.0825826942025,14.46137974209546,0.06287039556719179,24687.017930966216,1.9544168260742714,0.010767787556008839,0.9946015345071568,0.9972719314463733,0.018745961803710808,0.00498212123293366,58,7,dual-fidelity: 3D FDTD coupler/mode/bend + CMT Eqs 2-7,,0.09537426485620001,0.49427007670742906,0.5792785430772073,0.1484613487045218,0.6389888468631564,0.7432093033110382,0.6289464138380767,0.19339885410414703
12.002489912471175,475.9173225171986,196.89095901975548,0.9551402520594479,2.404699170095378,4.260110250590663,1549.5109698309027,7.262535521641212,0.11208758010781883,13824.109400349293,0.38035090427813145,0.04518089300807484,0.9771484569869233,0.9979330148763544,0.007920045852259232,0.010052139340324768,120,13,dual-fidelity: 3D FDTD coupler/mode/bend + CMT Eqs 2-7,,0.7006583239581562,0.7594801923352179,0.2349267073535889,0.31746057878376727,0.4881436681269701,0.1473838808476448,0.5236114763277788,0.03506700062899671
12.83660264052251,446.3928755522633,302.10493887642326,1.2007386879610682,2.3479304728228247,4.3155639335013625,1547.7004325716846,6.660277424146898,0.04245761113711815,36452.83828082882,0.9427263297342352,0.017746376295238214,0.9910870918868643,0.9979493792186273,0.007032443119424996,0.010797309962524263,126,15,dual-fidelity: 3D FDTD coupler/mode/bend + CMT Eqs 2-7,,0.7841626504237905,0.4639525427712513,0.7625485953901848,0.39953676429196694,0.3819415175727724,0.09753689508401812,0.6997448633862667,0.09163511650545055
6.265765046053204,452.94478150714406,201.09984677018394,2.9319415112531546,2.361487328527582,4.303010412136518,1548.0694553858118,12.236565367598587,0.45379186124911486,3411.4085940734385,0.2086439016760347,0.10677222584997548,0.9451072818204421,0.997261636367719,0.017937480066174204,0.0058802699667539395,69,9,dual-fidelity: 3D FDTD coupler/mode/bend + CMT Eqs 2-7,,0.12634584798379847,0.529534444078655,0.25603323050232263,0.9780849279038789,0.40358758769054376,0.5590684990384901,0.2694240153403676,0.01779536822771191
12.84277066001308,477.04550170604216,186.1458517898672,0.35001647388343965,2.4032417306764082,4.261744193840763,1552.4472540289387,6.92420576132281,0.09620421735532657,16136.99790618362,0.4146341624355674,0.04061789875848567,0.9794805262186249,0.9979749235300783,0.007026264628604563,0.010581160312090962,126,14,dual-fidelity: 3D FDTD coupler/mode/bend + CMT Eqs 2-7,,0.7847801404774314,0.7707728050084337,0.18104267244194835,0.11523513996667482,0.6603796687295758,0.11938140347761354,0.5517135595291998,0.03851547869593812
10.214438097032021,420.27837306902023,206.42793082184363,1.17105480694439,2.283155061397293,4.369983835440705,1549.7804241630986,8.227112173179648,0.32840137360033317,4719.165474774148,0.15281166716239253,0.1153252012126611,0.9405715277358436,0.9978302994149565,0.010218483091888537,0.008647771208213252,98,12,dual-fidelity: 3D FDTD coupler/mode/bend + CMT Eqs 2-7,,0.5216536672581905,0.2025570440656886,0.2827522441807716,0.38961675109650773,0.5039492691493468,0.2272188200825085,0.32837219687848673,0.012179325689851094
8.636576375667,436.1591843331769,203.7119899783533,2.5676225789450635,2.3220976412438454,4.3384406291673,1549.8163631290918,9.276258719380394,0.46493440286654913,3333.408656304442,0.1324544953901698,0.14275452352500684,0.9258755188873897,0.9976406851841073,0.012794901482250185,0.007722059142955995,89,11,dual-fidelity: 3D FDTD coupler/mode/bend + CMT Eqs 2-7,,0.36369146878376146,0.361517475454601,0.2691324777049646,0.856333711685849,0.5060573701882718,0.3140533403156224,0.2652223623843918,0.010131642239255764
6.81682008903048,414.24954737629776,315.42499901155304,1.0294466051195332,2.272723513896008,4.377520483745094,1545.8045038566934,12.083214409837638,0.07742716957693696,19964.626271410783,1.1999780743392292,0.017271294175279207,0.9913267401945338,0.9974222995081166,0.016582797733352164,0.005835730814591863,66,8,dual-fidelity: 3D FDTD coupler/mode/bend + CMT Eqs 2-7,,0.18151282801155866,0.1422109624365511,0.8293453774036806,0.34229291126914324,0.2707304912299737,0.5463761283752285,0.5903782963534312,0.11751150768387532
12.543052018711816,457.7139280931674,257.9735794325397,1.0451568607783743,2.3719930007300682,4.292957089988022,1547.5462685541,6.871847243724005,0.06226569917210034,24853.912975051207,0.6532836649207506,0.025967368269785338,0.9869309153786878,0.9979470594896176,0.007332861014806017,0.010517082403453091,124,15,dual-fidelity: 3D FDTD coupler/mode/bend + CMT Eqs 2-7,,0.75477483971967,0.5772716525915658,0.541240825993722,0.3475430988491358,0.37289859392002367,0.11504785563124881,0.6301703469046005,0.06252071096491756
11.349444320830932,442.27193885638667,198.7331739918997,2.8734810166644253,2.3346912825553074,4.327579772599698,1550.9117467338692,7.186620701736956,0.44415743455550405,3491.8063417895123,0.09786215421978783,0.17361745194672495,0.9090558552989333,0.9978482542201335,0.008692472043427667,0.010017491098501455,116,14,dual-fidelity: 3D FDTD coupler/mode/bend + CMT Eqs 2-7,,0.635280910993042,0.42270365038113455,0.24416495633054186,0.9585480999059691,0.5703101735574848,0.14110065283832537,0.2736554620068226,0.006652074187047675
8.43783366561794,422.4308114907294,257.2626300868467,2.374382495122929,2.2847554139270287,4.369012484187028,1552.6992837714815,9.505888826645787,0.24796264696976722,6261.82734676483,0.2575508815358093,0.07607328252558918,0.9612110681189698,0.9976228859087471,0.013162449292413687,0.007509480875322631,85,10,dual-fidelity: 3D FDTD coupler/mode/bend + CMT Eqs 2-7,,0.3437950260315054,0.22410207311752342,0.5376755922046007,0.7917550880102537,0.6751631814827074,0.33305909338956285,0.37975143888124624,0.02271481452398516
14.274543243059188,490.145650440492,339.4202156847359,0.6000845885440599,2.4258857759480508,4.237734143098972,1552.7337966696466,6.240520855197019,0.00975182163290228,159224.9997098779,4.623070363858879,0.0028702003685431806,0.9985638685789993,0.9979820788114276,0.005729479024643055,0.011815670041315044,142,16,dual-fidelity: 3D FDTD coupler/mode/bend + CMT Eqs 2-7,,0.9281171274078939,0.9018999407352523,0.9496754090420535,0.19880504094435206,0.6771876325059202,0.06279497994217823,0.9675582703689709,0.46183288540463346
10.173356864596727,475.85936131385597,287.63719592306677,0.5424990812402769,2.4058479255651166,4.258876506008704,1548.4629072950984,8.623652318156928,0.02520025353872606,61446.322550506266,2.336881433280212,0.006960491465170324,0.9965136770435364,0.9978460362004058,0.01027847919170674,0.008450790990045209,101,11,dual-fidelity: 3D FDTD coupler/mode/bend + CMT Eqs 2-7,,0.517540960990176,0.7589000243744058,0.6899964700635204,0.1795606236796495,0.42666661503071235,0.2600391857091833,0.7945949207924449,0.23187013367956794
5.156151748598751,440.09390968542414,250.9016501864659,0.06654705524974434,2.3326976656537806,4.329213963085388,1548.6328029615206,16.882666295435456,0.07367930526203309,21018.55870456382,2.08918877123653,0.01062943857526385,0.9946710820289972,0.9970984407307131,0.021010338293545653,0.004228919632454856,49,5,supplementary targeted batch (Phase 2.2 step 3); dual-fidelity: 3D FDTD coupler/mode/bend + CMT Eqs 2-7,,0.015260729719612261,0.4009024683864044,0.5057768632583727,0.02050290560097871,0.43663232275200614,0.9436114844625154,0.5997233021408694,0.20695526973993086
14.239989325349772,463.3787722861159,170.42109770045624,2.1910611277103142,2.3793471759101155,4.285876011858125,1550.7827129800678,5.96089136481487,0.3443452031835611,4503.569960152422,0.1003658678777549,0.16337711034338337,0.9146709187771396,0.9979345457799219,0.005757760586553129,0.01220109981465082,144,17,dual-fidelity: 3D FDTD coupler/mode/bend + CMT Eqs 2-7,,0.9246578808000466,0.6339744281414831,0.10218694953450998,0.7304911858028239,0.5627413361430534,0.03965093707391149,0.3198777355114102,0.006903917276049073
7.692813103284955,426.79526362267006,312.58762290459487,1.8059234953081194,2.298479838310999,4.358026441939917,1550.6445650676553,10.563442408383025,0.08332982165840556,18608.518945644955,0.9143877092902221,0.02193968517021124,0.9889693194582877,0.9975404286054439,0.01463674321401123,0.0067531382427671325,77,9,dual-fidelity: 3D FDTD coupler/mode/bend + CMT Eqs 2-7,,0.26920985526447305,0.2677884555150909,0.8151166433451208,0.6017825983593204,0.5546378821444795,0.4205894371947389,0.5776002404912361,0.08878459656362406
11.94783377635816,400.5311098547547,203.41804067545337,2.615114942373863,2.22423862955994,4.412321631826371,1553.112019716895,6.783829394285476,0.880297532976496,1764.3035014144054,0.046701055310110665,0.3287569279714019,0.8192942524078868,0.9978814442054024,0.007981972886994327,0.010439088857728089,115,15,dual-fidelity: 3D FDTD coupler/mode/bend + CMT Eqs 2-7,,0.6951866129053901,0.004895008601862912,0.26765839520761603,0.8722051158203868,0.6993733681500959,0.10776289839088755,0.14964645404119212,0.0015058909783092422
9.465017208412897,477.60741578211224,240.2754617311288,2.779457042000656,2.407268503286721,4.257438793029743,1549.9322468724044,8.639883500117321,0.11758449228968276,13181.434189926766,0.4787378420890954,0.03948345916719242,0.9800594578048862,0.9977202829002798,0.011370158010211875,0.008453818248213412,101,11,dual-fidelity: 3D FDTD coupler/mode/bend + CMT Eqs 2-7,,0.4466279729619087,0.7763973352953217,0.45248917636471564,0.9271263640207574,0.5128548567859197,0.2613825889767735,0.5149638407684761,0.044963527836433315
10.511794429173602,479.5759246928786,326.3278378877165,1.3554709332707466,2.41130831864792,4.25317093770272,1549.5133549937866,8.176999536725816,0.019425482230793503,79767.0470459405,2.9767221246226923,0.005262442704522912,0.9973653078463663,0.9978455920924787,0.009794531738963816,0.00893860424288225,107,13,dual-fidelity: 3D FDTD coupler/mode/bend + CMT Eqs 2-7,,0.5514224735606474,0.7961013051016119,0.884020397212235,0.45124650919940035,0.4882835765582403,0.22307115666995378,0.8419970886141077,0.296230311475347
11.102675864970061,489.05599113004723,209.48937923951775,0.3010376927715529,2.4254974240986376,4.238077945070268,1551.4858600851853,8.04036430273959,0.05296561867604396,29292.320166684152,0.9284732651406934,0.018352839321115616,0.9907810861531847,0.997912508400094,0.00900358106126653,0.009147091882591052,110,12,dual-fidelity: 3D FDTD coupler/mode/bend + CMT Eqs 2-7,,0.6105765359048364,0.8909928963044563,0.29810464503530026,0.09886699205992261,0.6039864054390527,0.2117622932579753,0.6600180688304299,0.09020143186521551
6.220017715188821,425.15075370829993,217.1877391868453,1.000212426147807,2.298199341258393,4.358034969783781,1547.7788131571674,13.288740993044257,0.26503397407281587,5839.926064467222,0.38459768593926613,0.0577766490869662,0.9706818999615856,0.997310123329961,0.01805479812066248,0.005340653340199679,61,7,dual-fidelity: 3D FDTD coupler/mode/bend + CMT Eqs 2-7,,0.12176601132268511,0.25132758326723337,0.33671000162125647,0.3325231833486265,0.38653915106393144,0.6461537265192556,0.3670803091955246,0.03549417512175523
5.385408909306234,434.60720434625466,241.38263343496385,0.3087697873643049,2.3279744193515937,4.333042838447736,1542.5096590518056,15.80721236721206,0.10622991258046982,14520.483182016598,1.2741046260277864,0.01792037572655302,0.990999305889488,0.9971472379726872,0.020335029449613587,0.004479158021888626,52,6,supplementary targeted batch (Phase 2.2 step 3); dual-fidelity: 3D FDTD coupler/mode/bend + CMT Eqs 2-7,,0.03821202173145624,0.3459827899700546,0.458041366535204,0.10145096955078851,0.07746211067616678,0.8545995859548425,0.532539109602964,0.12496773563345089
8.095501407000558,492.6754741026977,166.2579509597328,2.919445996051793,2.433084670005381,4.229732849484292,1550.18733977097,9.970535349298416,0.3394164655286529,4567.213135510381,0.2018221643490753,0.09867108068946105,0.9493834416665055,0.997563149117134,0.013820473691446712,0.007371575573286751,89,10,dual-fidelity: 3D FDTD coupler/mode/bend + CMT Eqs 2-7,,0.30952360956470804,0.9272224418337789,0.08130980615008261,0.9739090697803431,0.5278180475630451,0.37151640711626277,0.32242685933628457,0.017109184567966822
10.300207753662926,437.56228553196445,247.65613749326184,1.899337286734536,2.327420051818185,4.3337840209171805,1548.2266762682525,8.039260164998268,0.16380797404596592,9451.473197719952,0.3035012410376688,0.059685394315508955,0.9696982034037658,0.997814758928772,0.010094349293875036,0.008907182516983558,103,13,dual-fidelity: 3D FDTD coupler/mode/bend + CMT Eqs 2-7,,0.5302402013887566,0.3755619451061592,0.48950142593371426,0.633000417992382,0.412809820341222,0.211670907291557,0.4545384389829727,0.02733686083541096
9.895058583534826,465.6884143275665,163.7855881705854,0.2944740203668816,2.3895754217896727,4.2755434350114525,1546.1152773860563,8.868803137308305,0.1704675515033593,9069.850911512553,0.31960606193722585,0.056281740053972865,0.9714516251188358,0.9978317897462551,0.010694294792036926,0.008158986517042534,97,11,dual-fidelity: 3D FDTD coupler/mode/bend + CMT Eqs 2-7,,0.4896800859128836,0.657093001188919,0.06891152291340208,0.09667348788745854,0.28895978586924115,0.28032953870405597,0.44705157547983615,0.028956809598422457
14.676260781597069,434.555396828077,153.9180597846902,1.4634541711341698,2.3159123440104876,4.343793845965077,1551.6706393234301,5.808632384439534,0.607369832463697,2554.737750193042,0.055418632412962306,0.2757254256643386,0.8510432270664406,0.9979552129945433,0.005410702896526409,0.012368274678439553,142,18,dual-fidelity: 3D FDTD coupler/mode/bend + CMT Eqs 2-7,,0.9683336968917415,0.3454642178831677,0.019428327198219814,0.4873332710312411,0.6148251508884774,0.02704894590313216,0.21689387540130586,0.002382773020791954
8.59711446993039,473.27586856620223,184.38351440210857,1.6035103053085584,2.404236404460687,4.260493523851829,1545.8506365061744,9.7539132620484,0.21273962107031888,7266.397433298095,0.3032582290439036,0.0637034755714315,0.9676241648639045,0.997664891566495,0.012867055076398065,0.007439156911189218,89,10,dual-fidelity: 3D FDTD coupler/mode/bend + CMT Eqs 2-7,,0.35974087583778835,0.7330403176613072,0.1722049896439645,0.5341384276188959,0.27343653141815716,0.35358728645493265,0.40677959059856034,0.02731241678967136
5.077052171383531,445.85229571387254,224.10938543935893,0.5468098102355357,2.3461553509640476,4.317195892821082,1548.1659413514478,16.684042050595508,0.13215735110779953,11714.565465893935,1.102162981635796,0.02149811346725372,0.9891925426997245,0.9970641836825319,0.02124850357261189,0.004289178299573998,50,6,supplementary targeted batch (Phase 2.2 step 3); dual-fidelity: 3D FDTD coupler/mode/bend + CMT Eqs 2-7,,0.007341947645030457,0.4585415594857377,0.3714203325967388,0.1810012199578447,0.40924724313075767,0.9271719879309782,0.49353287498073906,0.10767250112695426
10.343590543278747,447.23239810399104,248.3337051352682,2.887060718885825,2.3453954035288676,4.318017748718361,1551.1353069468107,7.842785981845054,0.18745516685740307,8274.700201391395,0.26126165237091226,0.06997342102837144,0.9643788565556737,0.9977883337850031,0.01003213712395768,0.009199426283161713,107,13,dual-fidelity: 3D FDTD coupler/mode/bend + CMT Eqs 2-7,,0.5345833201366659,0.4723558204605065,0.4928992587980819,0.9630862809191257,0.5834237260523913,0.19540936452226132,0.43038418288076236,0.023088072858345743
9.870790295275125,459.4834468277265,226.94305598353242,0.12253915981442381,2.3691084569391108,4.295928691422235,1552.765625334736,8.973362447432692,0.06483034463009127,23951.21658221162,0.8759612280537219,0.020219716802430107,0.9898385136968403,0.99783494639416,0.010731342705898062,0.008094460773509808,95,12,dual-fidelity: 3D FDTD coupler/mode/bend + CMT Eqs 2-7,,0.48725054971537873,0.5949838120472442,0.38563048418141677,0.039214825912580444,0.6790546322953698,0.2889835799945081,0.6234498325052489,0.08491936073553329
7.051101009929276,492.168565205737,243.31966767319813,0.005195744685538347,2.43922093397425,4.222650218101472,1544.1580727336918,12.663315860617558,0.030779046890591043,50169.13220941,3.4880583145503135,0.005065689189470598,0.9974639396040988,0.997493432401776,0.016038311868850297,0.00576078954807172,70,8,dual-fidelity: 3D FDTD coupler/mode/bend + CMT Eqs 2-7,,0.20496705649348934,0.9221484909130463,0.4677551105011769,0.0,0.17415444723425988,0.5943892790141188,0.7577618688487253,0.34766450211443967
5.200712973988878,490.9746749942884,245.18982227525325,0.7657120297102108,2.4373688099371185,4.224708587354796,1544.0491016175233,16.36356363146865,0.052597948879421895,29355.690374109014,2.9879917499891775,0.007075928873854507,0.9964557547257908,0.9970886617486192,0.02087734391358697,0.004447100762577928,54,6,supplementary targeted batch (Phase 2.2 step 3); dual-fidelity: 3D FDTD coupler/mode/bend + CMT Eqs 2-7,,0.019721823511309987,0.9101981377550051,0.4771334697591469,0.25415583557175275,0.1677624402062552,0.9006470092511907,0.6604106312852,0.2973638984792573
14.120077527926867,451.12456389312683,251.6295641609985,1.1045029009246052,2.3539421934406253,4.310177308573852,1551.010284591715,6.119184152276603,0.0779274567491625,19903.258097902493,0.4550483373339126,0.03713686201471512,0.9812558983187234,0.9979668559165494,0.005856992789238513,0.011820649030002276,138,16,dual-fidelity: 3D FDTD coupler/mode/bend + CMT Eqs 2-7,,0.9126533236912299,0.51131480955665,0.5094271704332778,0.3673758660340631,0.5760901885010811,0.05275232725183976,0.5898190578069904,0.04258065228855505
14.834940355814064,422.7567674704131,187.77828269043567,1.9855394151178665,2.292775083886446,4.362301751426726,1547.332733301992,5.631187547337049,0.53050026053688,2916.7426453967264,0.06182774046802202,0.25242259240440007,0.8646255880990337,0.9979386248715231,0.00528972804879328,0.012633628553880382,144,18,dual-fidelity: 3D FDTD coupler/mode/bend + CMT Eqs 2-7,,0.9842193566152175,0.22736475927898278,0.18922890658137131,0.6618081824002384,0.3603730836729776,0.012362401536727664,0.2409663782389368,0.0030274512032166068
14.668371284994455,448.93154379266065,197.3321044491582,1.3381353048244327,2.351842785118475,4.312030202022768,1548.9557600801916,5.849448797705463,0.21042887681795702,7360.94676502123,0.15926841878456255,0.10463091785363691,0.9462394422905669,0.9979589976790301,0.0054167894077175585,0.012329247521211529,144,17,dual-fidelity: 3D FDTD coupler/mode/bend + CMT Eqs 2-7,,0.9675438670788177,0.4893635744833218,0.23713894174180672,0.4454531406421558,0.45557628005805734,0.03042719051196998,0.4091280106445199,0.012828796234642713
10.812281506567707,476.7621681985776,284.8329748417839,0.887360775196803,2.4037860297986247,4.261139674122759,1551.561304384812,8.071973976592062,0.029077289914393664,53359.900766294166,1.813316754850415,0.00910613346681308,0.995436520594451,0.9978785424332638,0.009383982084002034,0.00906233768044142,108,12,dual-fidelity: 3D FDTD coupler/mode/bend + CMT Eqs 2-7,,0.5815047036544645,0.7679367523770956,0.6759340001959789,0.29480945359966565,0.6084118028323511,0.21437852535028343,0.7689626280035354,0.1792059060878045
11.23413823704729,478.86775366814186,331.060545267634,0.7081290852461076,2.410140652721394,4.254400545575733,1549.428435673165,7.806901755096533,0.014552274537129277,106473.28235320802,3.864686307288645,0.0037314405050465657,0.9981325360366495,0.9979072092669399,0.008836481073031996,0.009360315962443176,112,13,dual-fidelity: 3D FDTD coupler/mode/bend + CMT Eqs 2-7,,0.6237374390618111,0.78901280252345,0.9077537452589353,0.2349122747787302,0.483302395183654,0.19243934129249612,0.8944560020919551,0.3855486893871304
8.849983392923253,438.2887929629001,255.42744708725184,1.4129963008124644,2.3302814172607373,4.331257874291277,1547.3089324912767,9.414391458637056,0.12413674840610842,12464.55181369273,0.49955729227517587,0.03816827023914957,0.9807302023292902,0.9976991651751076,0.012411653380490575,0.007596170169227075,88,11,dual-fidelity: 3D FDTD coupler/mode/bend + CMT Eqs 2-7,,0.3850559782076324,0.3828339876175792,0.528472606817507,0.4704708284441397,0.35897698024012537,0.32548614747232907,0.5048056023006591,0.04705771086311001
5.041907779217528,407.7053951924566,258.7767088288188,0.2867208473472141,2.253789677623558,4.391340460744761,1546.6119799832238,16.74064259039278,0.13827293778265698,11185.210965968276,1.0549219181198914,0.02252075671922304,0.9886754994844248,0.9970629952441089,0.02135518618344278,0.004192848734519699,47,6,supplementary targeted batch (Phase 2.2 step 3); dual-fidelity: 3D FDTD coupler/mode/bend + CMT Eqs 2-7,,0.003823587718162697,0.07670667320883526,0.5452683197638442,0.09408246622763697,0.3180952724417898,0.9318566344525053,0.48513306448331367,0.10292062571752067
14.99257093690142,420.1762937923015,220.63405001797503,1.6873626051427815,2.2849125112470428,4.3685016722693035,1548.279354723241,5.607392106561974,0.29316840410674583,5281.194470600234,0.1102136184972083,0.14900804552579588,0.9224922517149964,0.9979462385617257,0.0051722311159280165,0.012684857462923393,144,17,dual-fidelity: 3D FDTD coupler/mode/bend + CMT Eqs 2-7,,1.0,0.20153527221832093,0.3539923915656228,0.5621609062280011,0.4158998231451846,0.010392928643811385,0.3488120471412228,0.007894481004383861
6.733683714578287,494.624265056726,230.23436042950215,1.6358449483104804,2.441533833393352,4.220133605287753,1545.64936107157,12.344698592532723,0.07782307583769872,19861.06748459861,1.2376412763983167,0.01692572673865353,0.9915010203027259,0.9973892991321516,0.01678042427940548,0.005925487421782984,72,8,dual-fidelity: 3D FDTD coupler/mode/bend + CMT Eqs 2-7,,0.17318991586796428,0.9467290429504569,0.40213555573418475,0.5449442951221817,0.26163015521689986,0.5680183418821022,0.5894335802232732,0.12129996692643348
13.503803314740301,497.90670992175865,166.4038357708934,0.05379107809022582,2.4431148686476973,4.2185625605810015,1548.9071271675843,6.6724845581152294,0.07599154750719052,20382.623830907283,0.5033978062922888,0.03309138905132867,0.9833151127429454,0.9979943095216223,0.0063946178173167195,0.011044082495471964,134,15,dual-fidelity: 3D FDTD coupler/mode/bend + CMT Eqs 2-7,,0.850957150788428,0.9795849747461816,0.08204138212131079,0.01624000407296416,0.4527235799104606,0.09854724070770624,0.594142317820039,0.04744401978080319
12.756333916150673,441.1460472564738,289.1323087033405,2.847466563380139,2.331415147862256,4.330489314818425,1551.4816508177641,6.453759039342003,0.10073069204542408,15402.273322197867,0.3823260248678615,0.04568344205877854,0.9768912723231903,0.9978984269187642,0.0071133452719094525,0.011159894585085327,129,16,dual-fidelity: 3D FDTD coupler/mode/bend + CMT Eqs 2-7,,0.7761268232034279,0.4114339355383391,0.6974940880514564,0.9498543674486876,0.6037394990304105,0.08044402571434733,0.5432485345286846,0.035265673695657127
11.899471928986,466.49994812558344,157.11273666806116,1.7826761283561234,2.3898872296506948,4.275250971936467,1547.1446425723739,7.122154473256387,0.3688265135325157,4194.776096095319,0.1136211270923481,0.14756538465445695,0.9232738571764842,0.9979045062872434,0.008037171960071886,0.010183152127734692,121,14,dual-fidelity: 3D FDTD coupler/mode/bend + CMT Eqs 2-7,,0.6903450329178977,0.6652161228905552,0.035448835605632105,0.5940135944748921,0.3493400933917505,0.13576498830068753,0.3069747184798551,0.008237234852320138
7.612504850224617,439.60245956761736,301.3078038350597,2.5030724223363343,2.3241060023771998,4.337014051674372,1554.4127972758,10.487825856183917,0.09836641371279398,15802.271716587204,0.7730138385921805,0.026454780604066464,0.986683951119067,0.9975077981242589,0.01480520963333802,0.006868800051156852,79,10,dual-fidelity: 3D FDTD coupler/mode/bend + CMT Eqs 2-7,,0.2611700707654377,0.3959832535280918,0.7585511618160787,0.8347617883592542,0.7756741310562385,0.4143308958539991,0.547905906547005,0.07456410765612317
12.246631434561667,414.93936371597846,266.66830384632135,1.761511213772743,2.270786378246722,4.379217666311913,1548.577725498431,6.78105351967929,0.17354138079791553,8923.391748863112,0.22928831675733677,0.07502509861031724,0.9617561548488696,0.9979171291039244,0.007649240131324653,0.010461214025551512,118,15,dual-fidelity: 3D FDTD coupler/mode/bend + CMT Eqs 2-7,,0.7250997126084522,0.14911574211756495,0.5848427020695717,0.5869405223307902,0.43340159938665607,0.10753314808524307,0.44409428865122774,0.019871944855457645
11.751092075091215,457.8106553360302,211.2962283279227,0.5330522128445075,2.3646398202241232,4.300246008868116,1553.618008853028,7.465942104545093,0.10370232723612374,14981.515364795396,0.4230633164986377,0.04055550776520421,0.9795123747226452,0.9979360263161499,0.008208922865854177,0.009737051154378161,114,14,dual-fidelity: 3D FDTD coupler/mode/bend + CMT Eqs 2-7,,0.6754904942639921,0.5782398527670339,0.3071655429190239,0.17640358841565743,0.7290535827608604,0.1642191962787228,0.5382170641227558,0.03936334889473553
7.42152333532002,408.8762464327948,279.76987988113257,1.7279741482285986,2.2556284524550785,4.390144026045713,1547.6316292250576,10.830964242765504,0.1898528215098047,8151.7441611745135,0.4063057893136913,0.05090023448820754,0.9742175144759986,0.9975019482127174,0.015213670361668116,0.00651127810759795,73,9,dual-fidelity: 3D FDTD coupler/mode/bend + CMT Eqs 2-7,,0.24205061336697278,0.08842641568046072,0.6505438407695734,0.5757328189800065,0.37790566393877145,0.44273136791414874,0.4276646697500014,0.03767774583192022
11.88014378898488,417.9014953303279,269.81877863784695,0.3186046549655158,2.2808502816589233,4.371499519205512,1546.9169262029516,7.243908555093412,0.08310940509682992,18613.01888036203,0.5118893205124552,0.033282932548297006,0.9832177111157543,0.9979475073547246,0.008059339262086046,0.009786706047568015,111,14,dual-fidelity: 3D FDTD coupler/mode/bend + CMT Eqs 2-7,,0.6884100626694547,0.1787654691633407,0.6006415480022217,0.10473766970717271,0.33598274985965104,0.14584218611545158,0.5776441631529736,0.04829816265161471
10.802233515641113,444.91894802843404,306.25765883581613,2.5376916069115656,2.339709525488618,4.323160834246548,1551.6064084398745,7.604533168745547,0.0702406467540166,22089.865058811523,0.6791295704919267,0.02637624252113313,0.9867237493234198,0.997828646265098,0.009397428255767814,0.009483216356122894,110,13,dual-fidelity: 3D FDTD coupler/mode/bend + CMT Eqs 2-7,,0.5804987836074005,0.44919913054773947,0.7833734510647539,0.8463311235014269,0.6110575079245593,0.1756899375321954,0.60875392519553,0.06512049416151866
13.578803274441352,442.16350806389215,277.6083141638198,1.656013606582249,2.3392126127818065,4.323394386442743,1547.199988971068,6.227381840779799,0.07769342705335651,19914.168387867838,0.4694008596650578,0.03633400357935921,0.9816649104560277,0.9979472184736664,0.006326638282984335,0.011521921376708141,134,16,dual-fidelity: 3D FDTD coupler/mode/bend + CMT Eqs 2-7,,0.858465513758044,0.42161830245626675,0.6397041273927253,0.551684429812731,0.3525865919306912,0.06170750553987774,0.5899186074861411,0.04402434116541012
8.493798873710526,485.15329576498664,190.32587434769889,1.7963889319527597,2.421101277242784,4.242724254092955,1549.529032510763,9.88692407254689,0.16879152527345026,9180.135258570906,0.3922947155250625,0.049725694410350664,0.9748201401231149,0.9976469048334332,0.013057894127826233,0.007404915719414463,89,10,dual-fidelity: 3D FDTD coupler/mode/bend + CMT Eqs 2-7,,0.3493977903223685,0.851928510455999,0.2020044438434599,0.598596256443822,0.48920318537035984,0.36459616787124155,0.44924707512235845,0.03626840251826832
14.579311725846837,475.1165577247849,207.89531523043104,1.4972784078799901,2.405233006824427,4.259501054328774,1547.8422809318258,5.928271624624813,0.11283458668716688,13717.799890765833,0.303712600142381,0.055928955255694766,0.9716331842543796,0.9979546528916795,0.005485972910998739,0.012297879625250946,147,17,dual-fidelity: 3D FDTD coupler/mode/bend + CMT Eqs 2-7,,0.9586279756748798,0.7514648639791388,0.2901108112950379,0.49863694370990286,0.39026203173114526,0.03695110500584647,0.5222091245301815,0.027358120986167384
13.271732101180762,466.3072495140375,231.68052109418522,1.5729931570230251,2.384369975719697,4.2809169686267845,1551.359640782787,6.475810200314299,0.09681759943150012,16023.529295212456,0.3902356582711147,0.04376602787745811,0.9778721655321527,0.9979460024590819,0.006609627562153079,0.01124951599889113,133,16,dual-fidelity: 3D FDTD coupler/mode/bend + CMT Eqs 2-7,,0.8277241395554918,0.6632872885312852,0.40938769106205475,0.5239399460419691,0.5965826575802855,0.08226913011996784,0.5504317274718158,0.0360612864458633
12.095349858680107,457.05995487547546,298.69362278173077,0.908438283166154,2.3688557208675944,4.296026524324108,1548.996768080659,7.151707063300137,0.033051270400834165,46866.48196256821,1.3374629269013336,0.012325169021497695,0.9938183088364303,0.9979376572670109,0.00781593233252248,0.010115846140866422,119,14,dual-fidelity: 3D FDTD coupler/mode/bend + CMT Eqs 2-7,,0.7099546780396092,0.5707256479151085,0.7454416953278238,0.3018533154540464,0.45798171955806866,0.13821096211377187,0.7453916907025636,0.13134080875029852
9.051705713851174,436.2203182911675,229.3534718516067,2.2994076912282027,2.320950473819755,4.339478121053954,1550.8076352065711,8.974362221855472,0.2744294223527242,5651.025396297769,0.21257605419223735,0.08903067288798239,0.9544471316484835,0.9976941648853231,0.012059949019538439,0.007991406764723149,92,11,dual-fidelity: 3D FDTD coupler/mode/bend + CMT Eqs 2-7,,0.40525071445332345,0.3621294013929584,0.3977181190470428,0.7666993669087993,0.5642032193701335,0.2890663281412354,0.3611072973250823,0.018190894861899457
12.817296582118008,437.78394116874153,207.24501841932374,0.18451022856346116,2.3221910653656566,4.338538183293496,1552.652835088044,6.84428038416354,0.13442524776342782,11550.306664269834,0.2907219739264521,0.05771308208625448,0.9707146428862323,0.9979793225379624,0.0070518170917652214,0.010517321102555011,121,14,dual-fidelity: 3D FDTD coupler/mode/bend + CMT Eqs 2-7,,0.7822298907984333,0.3777806274553031,0.2868497348513179,0.05992484760353629,0.6724386034347462,0.11276623440975679,0.49096772983453724,0.026051422265300668
10.761709124166641,444.4368714082694,156.87597066850688,2.5690823620201906,2.3419569830949576,4.32102053174491,1549.0124479175915,7.602801784533085,0.7926681032305242,1954.1753245836194,0.05917397550375217,0.2747530892768068,0.8516142969227285,0.9978252589323177,0.009451853626714357,0.009458277058508815,110,13,dual-fidelity: 3D FDTD coupler/mode/bend + CMT Eqs 2-7,,0.5764418235566755,0.4443737405705384,0.034261513123601844,0.8568215544770135,0.45890146445373453,0.1755466363718639,0.16821379990163993,0.0027605147810108536
5.3516261652169455,429.79192146360623,174.6235844581124,2.6886074483878404,2.3058862176969868,4.352028795116873,1550.608047635852,14.062803837845877,1.0802495490568675,1435.4165192567216,0.1081251479004264,0.20983045584539972,0.8889148126533837,0.9970681095165815,0.020433160581607015,0.005070321592386001,58,7,dual-fidelity: 3D FDTD coupler/mode/bend + CMT Eqs 2-7,,0.034829978517792085,0.2977837759805707,0.12326137329971658,0.8967654699404022,0.5524958495679713,0.7102204443691439,0.11217091050489042,0.007684406308058876
11.414816957241548,483.29000681910276,241.76714932254913,0.8126023610571758,2.4137640477271924,4.250730586194543,1552.9949306760877,7.7063890856925354,0.04584748109590285,33873.069873294975,1.0338239711792896,0.01639389194028977,0.9917691808378148,0.9979129382855311,0.008611871257772248,0.00953505993855985,114,13,dual-fidelity: 3D FDTD coupler/mode/bend + CMT Eqs 2-7,,0.6418254676089139,0.8332777495022183,0.4599696178841616,0.269826047476995,0.6925051814410125,0.184120227574158,0.6864115823163874,0.10079842931051498
13.108566499297904,420.5189708658789,234.85902530640558,1.6664089649471672,2.2813269571989516,4.371551296629492,1551.5987287961823,6.405048665389131,0.24031831973220688,6456.431330433611,0.15411502329452123,0.10888953871644787,0.9439864730405579,0.997940660403834,0.006765111544154808,0.011140528146341032,126,16,dual-fidelity: 3D FDTD coupler/mode/bend + CMT Eqs 2-7,,0.8113893766039435,0.20496532969692674,0.42532709755412557,0.5551584395654845,0.610607036843973,0.07641242310564572,0.38531092584939475,0.012310427436785976
6.038254628683732,417.2235923946579,314.50074225143413,0.8792422632533483,2.2699405093903255,4.380357408239556,1553.655196442509,13.782425775149932,0.07313521564054451,21243.59903549936,1.5640056265332503,0.01372896328813167,0.9931117946695973,0.9972763854623828,0.0185285557542591,0.005160734447759989,58,7,dual-fidelity: 3D FDTD coupler/mode/bend + CMT Eqs 2-7,,0.10356942517253565,0.17197993778830734,0.824710460090707,0.29209633985415123,0.7312349253190951,0.6870144445531431,0.6016578948355477,0.15412824416028198
11.248884786560286,492.28801208660434,208.6001919964989,1.9697630678194284,2.431683822335219,4.231307285950545,1550.8396894019288,7.589303924093201,0.10487238372476555,14787.874884889252,0.4392061636651907,0.04027873537532964,0.979653645236249,0.9978702710126437,0.008817931461561295,0.009700385987332355,117,13,dual-fidelity: 3D FDTD coupler/mode/bend + CMT Eqs 2-7,,0.6252137391389622,0.9233441053810291,0.2936455926107195,0.6565359077509525,0.5660834482712156,0.17442946142646157,0.5358538172939157,0.04098712263689869
9.695224941263724,446.0238567436816,316.2193344256072,2.544837912159845,2.346047870669484,4.317309053238832,1548.5457469974288,8.379071821921798,0.06226247914363029,24871.251005363338,0.8862979370811166,0.0207704588155859,0.9895602766807154,0.9977478411227757,0.011003210760795277,0.008580854194258969,100,11,dual-fidelity: 3D FDTD coupler/mode/bend + CMT Eqs 2-7,,0.46967442823396627,0.46025881528925766,0.8333287715445403,0.8487193368998662,0.4315258105506956,0.2397960365267708,0.630297024642374,0.08595910772228794
5.059114469540614,424.6182062024046,158.31759970159018,0.10196752064993993,2.2859407898879023,4.368401219886138,1555.9615289405854,17.171107541536003,0.37951720534159966,4099.844505178836,0.3783615251597693,0.06374287710523265,0.9676038047128418,0.9970728994423059,0.021302887632025452,0.004158867536675425,47,6,supplementary targeted batch (Phase 2.2 step 3); dual-fidelity: 3D FDTD coupler/mode/bend + CMT Eqs 2-7,,0.005546176329762907,0.24599700034775282,0.04149092344835138,0.03234001962127219,0.8665193387945372,0.9674848483040908,0.3028164747242203,0.03486689332808036
14.536384009704275,493.16084931583157,188.58204935294975,1.0617676917442185,2.435750329462436,4.226706550717097,1548.57930362241,6.0528562994238655,0.0925058024672597,16740.34776543335,0.3773154722578955,0.04479334403513351,0.9773467429550612,0.9979678237813248,0.005519635054051564,0.01214958287566174,147,17,dual-fidelity: 3D FDTD coupler/mode/bend + CMT Eqs 2-7,,0.9543304150423173,0.9320808493786998,0.19325959608284518,0.35309424838635883,0.433494168683178,0.04726258199040136,0.5583815961508518,0.034761673151152986
12.729452258926095,401.5860602616879,232.90130316844736,0.3550445534368273,2.229983631436283,4.408253263663969,1551.2149949021023,6.740828933733155,0.2058708799531561,7534.892721375,0.18667193104196372,0.08926724058763107,0.9543231944222926,0.9979722660812788,0.007140646570652249,0.010489907546118272,116,15,dual-fidelity: 3D FDTD coupler/mode/bend + CMT Eqs 2-7,,0.773435658561854,0.015454631091584797,0.4155096089267804,0.1169154665887024,0.5880980469933942,0.10420388713989949,0.4133707450215073,0.01558525568615815
12.410575957491915,435.89777311793705,291.0797254474377,1.599708467798135,2.325061185436369,4.335753974879993,1547.0683732209575,6.776553205914752,0.07256903590959082,21318.57415259522,0.5551257277746777,0.03095825063419199,0.9843991819205297,0.9979268706401727,0.007472606546378945,0.010553057507894942,122,15,dual-fidelity: 3D FDTD coupler/mode/bend + CMT Eqs 2-7,,0.7415124545612132,0.3589008560103405,0.7072598976968512,0.532867897048813,0.3448663002673317,0.10716067143928995,0.6022978809552866,0.05264721843424842
12.449423073283334,448.3919455053287,318.4545978188077,0.33940777658777355,2.3530060470998793,4.310889807819624,1547.1180978007737,7.0121346712026025,0.02306218564611419,67084.62595614618,1.9143673004663386,0.008225044949374666,0.9958789861477273,0.9979656124768306,0.0074313540099059106,0.010257110199711953,120,14,dual-fidelity: 3D FDTD coupler/mode/bend + CMT Eqs 2-7,,0.7454014999266682,0.4839624161228165,0.8445380603993693,0.11168983478570774,0.3477830352226625,0.1266589994737896,0.810542555762418,0.1893703597872961
5.315492343810739,479.6585669849677,188.098414817873,0.44011399954017993,2.404642836639018,4.2604312557459085,1555.2345772828621,16.42834747198617,0.11444264581335775,13589.641922638379,1.2353143568889744,0.01865338613190615,0.990629402888938,0.9971264986791962,0.020538645247930795,0.004456198681237885,53,6,supplementary targeted batch (Phase 2.2 step 3); dual-fidelity: 3D FDTD coupler/mode/bend + CMT Eqs 2-7,,0.031212565286125038,0.7969285206753595,0.19083428941861172,0.14534470154627122,0.8238779465745898,0.9060089615261793,0.5205040454244938,0.12106590717474199
11.319150252468742,480.41638842154083,310.41340399467015,1.3163214333305937,2.4142270094180103,4.250033637751902,1548.3164477506216,7.619205069991267,0.022177905016893134,69813.46734830244,2.287087369380914,0.006976645066766939,0.9965055719529284,0.9978932887795737,0.008730078286413985,0.009587884984955016,115,13,dual-fidelity: 3D FDTD coupler/mode/bend + CMT Eqs 2-7,,0.6322481245489382,0.8045140035873892,0.8042134773606943,0.43816319452825814,0.41807561889769723,0.17690428409816686,0.8177855005210983,0.22686145753705944
14.116861532278884,462.4727195669854,331.3738219338299,1.798683534894594,2.3812704746192828,4.28388191336515,1547.762487382914,6.040456085008827,0.0243135424478417,63658.45251481682,1.5464053275738487,0.010495344108498726,0.9947384861819217,0.9979461123946626,0.005859677583124723,0.011998509124276035,142,17,dual-fidelity: 3D FDTD coupler/mode/bend + CMT Eqs 2-7,,0.9123313653497853,0.6249052106627039,0.9093247496665365,0.5993630864768809,0.38558151689963016,0.04623625571270751,0.8010197082951812,0.15235786852520122
7.126823643656364,497.49218916069196,334.7940330459801,0.40696056403377845,2.44394727754114,4.217547158812171,1547.5982064976718,12.380173782526754,0.015077103198640316,102645.59352735858,9.364787002962816,0.0012929734713655037,0.9993533041565603,0.9974941011212939,0.015866178683892115,0.00592709971525741,72,8,dual-fidelity: 3D FDTD coupler/mode/bend + CMT Eqs 2-7,,0.2125477674872619,0.9754357913132456,0.9264762560246725,0.1342652029620557,0.3759451599459959,0.5709545104416476,0.8878052823976161,0.9387918067099127
7.7642198278419245,432.5300224055411,169.07015336895094,1.2601782167709135,2.3193560330056604,4.340518062302971,1545.3654896511364,10.66535714398401,0.5234067355834819,2952.5135704040913,0.13964207486049648,0.13980231703990895,0.9274684269343572,0.9975670445781546,0.014488560643771426,0.006669570489081582,77,9,dual-fidelity: 3D FDTD coupler/mode/bend + CMT Eqs 2-7,,0.27635849385817624,0.32519104754098044,0.09541230038814948,0.41940077431795525,0.24497887937188384,0.4290245954694752,0.2431806413612979,0.010854625161240498
5.864394005249336,495.15193908515073,223.6644114396272,1.70799911350931,2.4322516894809816,4.230947626276118,1554.443270701718,14.087158121621314,0.09457234130086715,16436.55268887231,1.2413476874715015,0.017992474902125365,0.9909629282157202,0.9972145874647161,0.018993343993619332,0.0052341994219207285,63,7,dual-fidelity: 3D FDTD coupler/mode/bend + CMT Eqs 2-7,,0.08616396692865785,0.9520108443519026,0.3691888988824597,0.569057391063968,0.7774616354838702,0.7122361709184228,0.5550547416487279,0.12167278672186399
8.250023326076613,446.2839610675932,280.35951894409925,2.092381686724007,2.3479693366085206,4.315520177935397,1547.4827448742597,9.855643726354856,0.0977252767092767,15835.0305773794,0.6986071580525922,0.028192462542214095,0.9858029911994516,0.9976079201698892,0.013519477106740587,0.007282754533566389,85,10,dual-fidelity: 3D FDTD coupler/mode/bend + CMT Eqs 2-7,,0.32499303994586043,0.46286235328535674,0.6535007337232135,0.6975136463714168,0.3691724339772745,0.3620071931811497,0.5482820956827733,0.06707970215719504
9.571112045058186,416.8455901908518,260.62282226097113,1.0253242565874614,2.2711271839522205,4.379306449351086,1552.0463662512534,8.804721850866144,0.1454162086535683,10673.131837378352,0.3817943919419008,0.0482163573774478,0.9755939947655234,0.9977823156827454,0.011199548521440192,0.00808440348144703,91,12,dual-fidelity: 3D FDTD coupler/mode/bend + CMT Eqs 2-7,,0.45724929257208147,0.16819629019099633,0.5545261185461816,0.3409152695850435,0.6368644696336695,0.2750257345936805,0.47662019332270933,0.03521219790066645
5.231397569164193,438.9826897369821,239.13776850137995,0.03110062269254021,2.318090577494604,4.342416952226832,1557.948067402849,16.828136416820826,0.08568368690258972,18182.55170525069,1.7447006445572886,0.01288948444296196,0.9935343554991131,0.9971181671025856,0.020786254527264604,0.004281165406436431,49,6,supplementary targeted batch (Phase 2.2 step 3); dual-fidelity: 3D FDTD coupler/mode/bend + CMT Eqs 2-7,,0.022793706203918473,0.38977961077956447,0.4467839283482042,0.008657113654101815,0.9830453344772364,0.9390982199762352,0.5733936529767067,0.17230396140395723
11.544159020310872,447.13501533984453,235.78311113577203,1.9787525777934882,2.3484310990081743,4.315142344844483,1548.579669611814,7.238700260650148,0.16118430878990955,9607.508827861526,0.2682881354207748,0.06531961623316247,0.9667886965448228,0.9978840359131812,0.008454595279158102,0.009943907414447362,116,13,dual-fidelity: 3D FDTD coupler/mode/bend + CMT Eqs 2-7,,0.6547741033233119,0.4713810587848537,0.4299611576919742,0.659540099066545,0.4335156368201094,0.1454111121621975,0.4575129153977732,0.023794851443214027
10.104170217379345,429.1414808648695,221.26853320764633,0.39383935191299196,2.3097868552355183,4.348551734365966,1546.4516846253903,8.518855171492078,0.14704631556009554,10516.765950476192,0.35432071205200816,0.050499881669641894,0.9744229668528744,0.9978452693600804,0.010380318420470847,0.008355626832137709,96,12,dual-fidelity: 3D FDTD coupler/mode/bend + CMT Eqs 2-7,,0.5106145778023782,0.2912731313763232,0.35717416663883933,0.12988024409143203,0.3086926977976595,0.25136545944530214,0.4739391873507474,0.032448680440237604
5.75526510598943,457.5733024336908,287.3336862005315,2.5304379827925856,2.368750658948613,4.296159391093456,1549.9251843288098,13.472753691060007,0.09888545042949166,15673.945738194858,1.1491846023710852,0.019863133517106918,0.9900186192607153,0.9971660967133371,0.019291019946099875,0.0053588955053999725,63,7,dual-fidelity: 3D FDTD coupler/mode/bend + CMT Eqs 2-7,,0.07523890257683603,0.5758640472039743,0.6884744444443043,0.8439070453650555,0.5124405834456078,0.6613838718281847,0.5464247150818861,0.11240230326632622
12.476160481865229,401.7068756671521,245.57015445431193,1.590008792966771,2.2276879490470938,4.410037517202652,1553.0992142447847,6.681988032363051,0.29650116699028733,5238.0880318614745,0.13102189894044405,0.12769796088642524,0.9339711125691066,0.99792899206169,0.007403093404958685,0.010604105956028486,117,15,dual-fidelity: 3D FDTD coupler/mode/bend + CMT Eqs 2-7,,0.7480782236115873,0.0166639439315626,0.4790407408524882,0.5296263767683371,0.6986222272000504,0.09933381302197992,0.347323251101532,0.009987540491021378
13.244210224752496,441.79953812011564,281.3922916001353,0.5259587435829902,2.335355015301827,4.326923998526876,1549.56771594464,6.563379800809116,0.04715059304130369,32864.22536800813,0.8195614468594127,0.02025932130801414,0.9898185079558706,0.9979768787441068,0.006635600927946183,0.010954806794948709,127,15,dual-fidelity: 3D FDTD coupler/mode/bend + CMT Eqs 2-7,,0.8249688815706607,0.4179751120478588,0.6586798312103787,0.17403303219909333,0.4914722708849691,0.08951698722201837,0.6809191405239935,0.07924622991652784
13.156013551791466,496.15281192875705,253.48360017424875,2.308497050366905,2.436476201389281,4.2261477491939585,1552.2072301312917,6.511346228371167,0.04970521653317598,31228.256074395405,0.7906911806806562,0.021588431961815986,0.9891468890100115,0.9979222650019915,0.006719524848071209,0.01134622646955271,137,16,dual-fidelity: 3D FDTD coupler/mode/bend + CMT Eqs 2-7,,0.8161393750490106,0.9620291725304005,0.518724698985392,0.7697369266720773,0.6463003925452672,0.0852103340523288,0.6716436015451318,0.07634223289130321
11.275908600223751,417.03982252441324,300.41292372608666,1.2975970792301201,2.27675611101677,4.374721733963244,1548.2746303977437,7.4320948404511,0.0854763387411827,18113.48793361199,0.5249843163529266,0.03331013479363556,0.9832038777417248,0.9978917065224779,0.008784039345048872,0.009547696262063188,108,13,dual-fidelity: 3D FDTD coupler/mode/bend + CMT Eqs 2-7,,0.6279191352834046,0.1701404764809177,0.7540635610874876,0.4319057297564251,0.4156227045577689,0.16141776596429372,0.5727023501653344,0.04961535968508162
11.112766796690329,479.4480246340304,219.12635352275032,2.906848860785134,2.413794998844858,4.250458741969261,1547.2276774288357,7.4188929252386515,0.15466389399091704,10003.806560823432,0.2935737261643039,0.06111563521359588,0.9689604557392444,0.9978352123268213,0.00899064340465991,0.009832845201484253,118,13,dual-fidelity: 3D FDTD coupler/mode/bend + CMT Eqs 2-7,,0.611586754821745,0.7948210777762571,0.3464316693832634,0.9696992513943972,0.35421073622569826,0.16032508546338317,0.4648555300442916,0.026338273794972153
8.388892757413995,413.50439533404773,232.36911538239556,0.8514069990532361,2.27170253997946,4.3782151438962025,1545.0922840845353,9.969008463334148,0.22493030049319304,6869.204730072788,0.2934156374406214,0.06587502073039676,0.9665014119335797,0.9976623776078527,0.013254567468231278,0.0070735316229493935,80,10,dual-fidelity: 3D FDTD coupler/mode/bend + CMT Eqs 2-7,,0.33889547536077713,0.13475229498460944,0.41284081980912524,0.2827941132346246,0.2289532391544926,0.3713900316250237,0.3965683612196096,0.02632237199550647
12.260629849991236,466.2742669312805,207.70169736538944,0.8154786693366529,2.3851439566985637,4.280119313393048,1550.6740753169954,7.116231482727699,0.10576728852356283,14661.187754392855,0.3927570452935411,0.0434885989417089,0.9780140086206798,0.9979458263613684,0.007633996607716118,0.010226679666957743,121,14,dual-fidelity: 3D FDTD coupler/mode/bend + CMT Eqs 2-7,,0.7265011158153822,0.6629571463555386,0.2891398659544089,0.2707872767741543,0.5563688887434057,0.13527476122729495,0.5342908839729013,0.03631490725999885
13.05273819871616,443.6538900569845,262.66800973977416,2.3862009139298523,2.3392900474035576,4.3234408346659325,1549.7381330510652,6.380159715914033,0.12418066145880848,12479.705896599073,0.3023743296070157,0.057147623689785855,0.9710058580205446,0.9979181900373896,0.006819147066217327,0.011282072710544327,131,15,dual-fidelity: 3D FDTD coupler/mode/bend + CMT Eqs 2-7,,0.8058003183375738,0.4365364171933231,0.5647822240601531,0.7957046682706068,0.5014685651348875,0.07435244397822757,0.5050263193467008,0.0272235072756604
14.214182727020413,486.1978276544296,283.03024157737275,2.210533808642228,2.418909150430308,4.245250217154938,1552.9299273874117,6.042670458692328,0.03567277356743001,43532.63769782311,1.0302872058162076,0.01628863821904488,0.9918222430359964,0.9979339487099297,0.005778973702042229,0.012185083518564448,146,16,dual-fidelity: 3D FDTD coupler/mode/bend + CMT Eqs 2-7,,0.9220743419816225,0.8623838478429551,0.6668937421438575,0.7369987328343935,0.6886922308842958,0.04641953237421863,0.7319870597475285,0.1004426738065749
10.98686106630198,477.9257307433275,222.797063431288,2.997518479726438,2.4118130372269126,4.252545285110331,1546.6013098996073,7.469227227798683,0.1548539545165318,9987.483462906956,0.29657019160838044,0.06076688276564544,0.9691404011980692,0.9978256202448078,0.009153407797644612,0.00975357772782444,117,13,dual-fidelity: 3D FDTD coupler/mode/bend + CMT Eqs 2-7,,0.5989821357329019,0.7795835379842567,0.3648393647771237,1.0,0.3174693887042957,0.1644910954739927,0.46455888396675327,0.02663968171001901
14.498520530866953,436.6086618893438,177.89642428486627,2.21899085673583,2.3215998045361164,4.338937466780722,1551.0051903856784,5.786250039292327,0.5183059425849649,2992.4511045547683,0.06511723130154462,0.24170834942253913,0.8707994318885727,0.9979333772766638,0.005549497428645068,0.012419533475551341,143,18,dual-fidelity: 3D FDTD coupler/mode/bend + CMT Eqs 2-7,,0.9505398431068633,0.36601656212211847,0.13967384938878463,0.7398249814855058,0.5757913735312726,0.02519643043750167,0.24562134612845715,0.0033583339022504807
5.1144765021784195,434.22466719132365,235.02424201049277,1.0563121007772343,2.3130408893286636,4.346311003479553,1553.2671785170674,16.07525232584021,0.18833244880564692,8247.475081259043,0.7310263398980168,0.03299704107850532,0.9833630860071445,0.9970584416452216,0.021135485956884477,0.00445221761581443,51,6,supplementary targeted batch (Phase 2.2 step 3); dual-fidelity: 3D FDTD coupler/mode/bend + CMT Eqs 2-7,,0.011088555784862083,0.3421537493650972,0.426155618150575,0.3512710523443351,0.7084746435708661,0.8767844001688958,0.42978552359917394,0.07034067685886246
14.625174274914126,404.32313724105404,345.2295968966238,1.4474856255512893,2.2399091612536535,4.401358973872979,1549.7498443634481,5.739556611355283,0.05687204282752675,27249.76574277987,0.5924914652480957,0.02857113868348827,0.9856109076692038,0.9979559421927137,0.005450236186653645,0.012322394678123905,137,17,dual-fidelity: 3D FDTD coupler/mode/bend + CMT Eqs 2-7,,0.9632193470100326,0.04285165320510246,0.97880800803238,0.48199676591570506,0.5021555250715262,0.02133176403066318,0.646887982529449,0.05640575636376619
6.65554983945146,463.1936882829296,325.00624953572765,0.07406803744475675,2.3727347611605394,4.2925725650032955,1555.8536800361396,13.348246912715467,0.021500391372405,72363.9701755859,6.260072808685738,0.0024419732345781165,0.9987782670670312,0.9974216815227255,0.0169683055998805,0.00545560457485321,64,8,dual-fidelity: 3D FDTD coupler/mode/bend + CMT Eqs 2-7,,0.1653678117359984,0.6321218129003406,0.8773929609871872,0.023016331745471644,0.860193158248549,0.6510788420852283,0.8243035622109233,0.6264953862845408
13.947292412486822,418.92900953027186,255.80395904302026,1.3331653691820686,2.281079357605656,4.371481361329881,1548.7285992815691,6.057176138705245,0.15427754873164579,10038.587027173126,0.2255602894209539,0.0747404642503163,0.9619041198319527,0.9979594657362469,0.006002995166975202,0.011738967954927028,133,17,dual-fidelity: 3D FDTD coupler/mode/bend + CMT Eqs 2-7,,0.8953555362305166,0.18905046643233855,0.530360720443106,0.4437922450495231,0.44225152509237925,0.04762012133782724,0.4654859979710098,0.01949695072731974
7.87253210388651,457.1737539484077,259.21263736989323,2.5882770882749826,2.361806243186624,4.3029968118871,1554.8405688756638,10.229430941662258,0.13344545403933125,11651.506453096525,0.5407485726879235,0.03758260361636101,0.9810287439130614,0.9975427121669934,0.014266650621774556,0.007103347188858607,83,10,dual-fidelity: 3D FDTD coupler/mode/bend + CMT Eqs 2-7,,0.28720180478593643,0.571864730133521,0.5474543927572245,0.8632362122376944,0.8007662762856496,0.39294437124080983,0.49255239380437577,0.05120105180230205
11.393956926962012,411.11531257968863,174.51869955924658,0.7864536837448185,2.2625540334021688,4.385109488949039,1547.0636136399107,7.431129779075945,0.5308751279237341,2914.1761070828748,0.08223681442074166,0.19792075429761913,0.8955887704199852,0.9979127314512262,0.008637508977986598,0.009511222515809875,107,13,dual-fidelity: 3D FDTD coupler/mode/bend + CMT Eqs 2-7,,0.6397371374348679,0.11083855286276449,0.12273540167083712,0.26108745888621593,0.3445871136665982,0.16133789090602801,0.24080646385199395,0.005080355380799086
13.533654597350482,460.66567075376213,283.7159236456989,0.6121223721814663,2.373583625027956,4.291529983696416,1551.0776396152678,6.478003430653416,0.03275746632663085,47350.35439399315,1.187998742199291,0.013715285767873248,0.9931186808393682,0.9979779475595668,0.0063674737146224404,0.011213631580174263,132,16,dual-fidelity: 3D FDTD coupler/mode/bend + CMT Eqs 2-7,,0.8539456092601289,0.606817390455488,0.6703322668339791,0.20282793041962177,0.5800410866753788,0.08245065681416282,0.7472575673426705,0.1163065328255501
12.746907502736638,465.97968504248325,157.93646895583896,2.0097511913313952,2.381770364434246,4.283566849810558,1552.9638390367434,6.671472012577624,0.3943338269648556,3938.1958453570583,0.09867678143152278,0.16679046163091304,0.9128031213624803,0.9979232364463759,0.007122906933832561,0.010934388961058535,129,15,dual-fidelity: 3D FDTD coupler/mode/bend + CMT Eqs 2-7,,0.7751831302508403,0.6600085020234784,0.039579647742062136,0.6698994808186886,0.6906814139676751,0.09846343553645484,0.2955091697789353,0.006734015759213922
7.333032750547254,439.41410337503066,221.57554209255943,2.943221453411175,2.3281570597290804,4.3332963803674005,1550.9479867868927,10.625252512530551,0.39872250806814796,3889.7929146297683,0.1915292893966793,0.10824823553483001,0.9443260901114455,0.9974517930159211,0.015406730885827731,0.0067549620504765845,78,9,dual-fidelity: 3D FDTD coupler/mode/bend + CMT Eqs 2-7,,0.23319168287533162,0.3940978850081641,0.358713739685335,0.9818545554329985,0.5724359357022254,0.42570526277567944,0.29326268361839825,0.016073846755087173
13.028718863673244,411.45496140621043,175.1258403951535,2.901219705033454,2.26125670223424,4.386214372826037,1548.6833838733316,6.217322734097252,1.2124746536228828,1277.2913472837183,0.0317301469371543,0.4459077477336065,0.74437373158004,0.9979023737555667,0.006842527673695842,0.011396358264937383,128,17,dual-fidelity: 3D FDTD coupler/mode/bend + CMT Eqs 2-7,,0.8033957052349817,0.11423829882577463,0.12578006165406097,0.9678180519884103,0.43959928826678624,0.06087494529753999,0.09096937394044055,0.0
8.110757102405904,464.61783868629885,317.4874943758488,1.8673272042266236,2.381715251572439,4.283537225986471,1550.8381288712492,10.213003817976642,0.038151146471373,40649.84338111391,2.0046793816794426,0.009226431463097554,0.995376094015173,0.9975965824172166,0.013790461048547914,0.0071104857543710254,84,10,dual-fidelity: 3D FDTD coupler/mode/bend + CMT Eqs 2-7,,0.31105088103143697,0.6463769764884391,0.8396882776500066,0.6223030148904153,0.5659919109591066,0.39158475050029834,0.7195408093437703,0.1984546548042115
14.207423825771615,458.6810508722813,329.5752148214493,0.9433342331402998,2.3676164730295013,4.297357131736614,1552.6546947713039,6.135272185656277,0.02019840453089551,76870.16528440951,1.904686388064366,0.008246366057721699,0.995868281421935,0.9979717973992702,0.005784542446283469,0.01185009086316146,139,16,dual-fidelity: 3D FDTD coupler/mode/bend + CMT Eqs 2-7,,0.9213976978333583,0.5869521564157607,0.9003051832385477,0.31351514242394674,0.6725476883820712,0.054083882567040706,0.8352771997006899,0.18839657795090017
13.360692888187945,467.69637776689547,314.67570831869966,0.5806267944400498,2.3874090657478435,4.277864668922985,1551.0680111074578,6.586170918747257,0.01868467511029603,83012.84351756028,2.2474089790099394,0.006834629674414498,0.9965768261030283,0.997976864614583,0.006526365530276853,0.011064165168898582,131,15,dual-fidelity: 3D FDTD coupler/mode/bend + CMT Eqs 2-7,,0.836630142726361,0.6771918947038437,0.8255878713138043,0.19230246892023375,0.5794762994936481,0.09140333551044527,0.8492423631608161,0.2228702949031729
5.428003643160149,475.4413749880291,159.22876910446547,0.10520662674276511,2.3991817887806848,4.265986333153933,1553.3826603495195,16.350145651515277,0.14836821202520137,10469.780818587116,0.9196431565995421,0.025114505559092053,0.9873628990603749,0.9971634469422641,0.020211972931779527,0.004461023578895863,53,6,supplementary targeted batch (Phase 2.2 step 3); dual-fidelity: 3D FDTD coupler/mode/bend + CMT Eqs 2-7,,0.04247624698763192,0.754716152054352,0.04606021092631927,0.03342249179410783,0.715248554957618,0.8995364457594001,0.47312580088829015,0.08931323053111134
12.640108669973163,483.84440305719716,238.23218605382365,1.4880290350070213,2.421885643184506,4.241778002346887,1546.9316391708644,6.823745518621763,0.06085494011777772,25419.984576058352,0.6677154546571429,0.025523742388247166,0.9871556400141535,0.997936293741871,0.007232139977043148,0.010711506409024556,129,15,dual-fidelity: 3D FDTD coupler/mode/bend + CMT Eqs 2-7,,0.7644913324910043,0.8388270293029789,0.4422426580588057,0.49554590918857394,0.336845780336059,0.1110666289506063,0.6342612944774425,0.06397237317695456
13.733174402065675,405.535727468532,163.86947439017175,1.0901756132512326,2.2428101603928927,4.399413563197429,1550.1398092617912,6.154028295864691,0.8001947306954942,1937.203220414208,0.044742146100022,0.32943268396210296,0.818881747285832,0.9979654499011303,0.006188983192402974,0.011500896010564522,128,16,dual-fidelity: 3D FDTD coupler/mode/bend + CMT Eqs 2-7,,0.8739198481717207,0.054989185882222416,0.06933219139888935,0.36258785052169995,0.5250300119862965,0.05563626610896341,0.16662922887790438,0.001308848578922967
5.233006884770416,400.755524221941,151.33504804561792,0.9398324311556442,2.2294346971287125,4.408443088731563,1549.8859165309277,15.548137030900989,1.200250395813891,1291.3021498984372,0.10683752733691278,0.21059286312612735,0.8884858675712701,0.9970914404973238,0.020781488144063553,0.00451875018829915,50,7,supplementary targeted batch (Phase 2.2 step 3); dual-fidelity: 3D FDTD coupler/mode/bend + CMT Eqs 2-7,,0.0229548172998757,0.007141304715105273,0.006475167053088806,0.31234488029157426,0.5101372204182129,0.8331567449959019,0.09295112313737003,0.007554887367606118
11.988184768918904,452.24703747590405,190.05866081573737,0.9402741151421146,2.3536746357994223,4.3105243625375795,1553.114144680232,7.221924521636765,0.1969387921489001,7886.278410329461,0.21340761997539603,0.0798675292507385,0.9592353573285659,0.99793294459206,0.007936207436786651,0.010036589501914248,117,14,dual-fidelity: 3D FDTD coupler/mode/bend + CMT Eqs 2-7,,0.6992262137203502,0.5225503114446198,0.20066443457440147,0.31249248602316804,0.6994980138457736,0.14402263764063689,0.42165052200803843,0.018274540247973117
12.553849756180966,432.4109742066354,270.87948864689486,2.3499164016261407,2.3154272149353172,4.343975057130578,1548.1501531787615,6.579273206857579,0.13771855391445603,11241.405817696836,0.2822272797755144,0.06145180528265083,0.9687869707615545,0.9979083662839311,0.007321586615167578,0.010865139628177712,125,15,dual-fidelity: 3D FDTD coupler/mode/bend + CMT Eqs 2-7,,0.7558558180627539,0.3239994237165202,0.6059607443523226,0.7835787996673275,0.40832114349702925,0.09083243385250678,0.48604341873336093,0.0251969595321975
13.992762547098081,410.8933601720957,263.4274904399183,2.0014934094056667,2.2586949177808107,4.388141921108984,1549.4328029849244,5.933356554383181,0.20752983161804356,7466.072664852535,0.16542196733746603,0.10180799381973413,0.9477299225941248,0.99793968862717,0.005964223965693719,0.011949873892006805,134,17,dual-fidelity: 3D FDTD coupler/mode/bend + CMT Eqs 2-7,,0.8999076223422887,0.1086168999590232,0.5685908304970857,0.6671398246395512,0.48355857212705544,0.0373719684567971,0.41170397526918306,0.01344776824486118
9.06882156099094,432.9761661470638,288.89942501260396,1.9544841692331207,2.315340818625593,4.344114900469936,1549.244276380587,9.031846380105435,0.10247825538694891,15117.785431951164,0.581314250435314,0.032635926605942174,0.9835466808413609,0.9977062346792537,0.012030570112426791,0.007915707114109334,91,11,dual-fidelity: 3D FDTD coupler/mode/bend + CMT Eqs 2-7,,0.4069642086121214,0.32965676408620354,0.6963262343806158,0.6514298747661451,0.4725000143893652,0.29382410894956573,0.5398619045729068,0.05528146473563778
10.134378292662625,417.4898105842685,169.6694155746872,2.7361339517154364,2.280761285568629,4.371505741423054,1546.1872118099282,7.876407241670904,1.1950314341210686,1293.8464777264462,0.0423130176909213,0.37111146326582817,0.7930249281921545,0.9977775971368125,0.010335730152927157,0.008989297809607494,102,12,dual-fidelity: 3D FDTD coupler/mode/bend + CMT Eqs 2-7,,0.5136387553451985,0.17464467308174889,0.0984174510045436,0.9126482832382621,0.2931793016373785,0.19819208918277972,0.09330869590731021,0.0010645078572185118
11.922194188624733,455.91587962937854,178.34793029131694,0.8480325286770968,2.3661855701776844,4.29859246542885,1549.2533365627194,7.262201511522562,0.21186148007128056,7312.576764976223,0.19932834419462114,0.08532172603924416,0.9563881398055686,0.9979332780478036,0.008011189926413666,0.009958704653646186,117,13,dual-fidelity: 3D FDTD coupler/mode/bend + CMT Eqs 2-7,,0.6926197937782702,0.5592739222043817,0.14193803948888253,0.2816664038680435,0.4730314648314733,0.14735623589326644,0.4079303880093143,0.016858336644877393
8.651242539836403,425.87046724239235,285.71491547403326,0.42012292084796266,2.299682322101469,4.356864878298355,1548.0116879427608,9.91348949100734,0.06344263673723756,24400.178926267068,1.059179678460657,0.017549553113231673,0.9911863835257062,0.9977065103421846,0.01276818858291457,0.007175688761389593,82,10,dual-fidelity: 3D FDTD coupler/mode/bend + CMT Eqs 2-7,,0.36515972135876007,0.2585316216474379,0.6803567126735178,0.1386639119181618,0.4001990759917089,0.36679490300043643,0.6268234056683734,0.10334890453168696
14.600821400033743,416.6015814735052,228.12958986515216,1.6120853293412212,2.271094140720603,4.379285494288092,1551.5957851549845,5.771597585924383,0.2753129807192153,5635.752375720408,0.12050225540325156,0.13677705108070237,0.9290979221370036,0.9979511337603361,0.005469183194773882,0.012345298829776604,139,18,dual-fidelity: 3D FDTD coupler/mode/bend + CMT Eqs 2-7,,0.9607813427139716,0.1657538626394758,0.391580655895218,0.5370041024781772,0.6104343692978751,0.023983693510471804,0.36061567457107657,0.008929392521436348
10.54526067262362,485.5013371253137,333.58123843519843,0.7547628752571083,2.4225743253395784,4.2411039915818005,1548.7872516268567,8.31198931280096,0.013640273856397461,113545.17276795406,4.673577999084449,0.0029933570487977418,0.9985021997728408,0.9978657479088993,0.009747932720706804,0.008809755846985817,106,11,dual-fidelity: 3D FDTD coupler/mode/bend + CMT Eqs 2-7,,0.5547728314015563,0.8554122622529643,0.9203943932987025,0.2504967535065447,0.44569194321847505,0.23424383076806568,0.9061376143300514,0.4669133381284851
5.079813278167681,414.3633888075489,263.47559030047165,0.27258948173130026,2.2560476759309367,4.391065326601932,1558.237111019069,16.885419553768315,0.11461910069737524,13594.916567468345,1.296617206265172,0.01804264383765934,0.9909376146672104,0.9970730686619317,0.021240144705794255,0.004220136325088001,47,6,supplementary targeted batch (Phase 2.2 step 3); dual-fidelity: 3D FDTD coupler/mode/bend + CMT Eqs 2-7,,0.007618366352665796,0.14335046864442721,0.5688320393105346,0.08935992562383385,1.0,0.9438393628912034,0.5205745386999886,0.1272322269143662
8.980177693025265,414.40356329916693,229.5714857435346,0.18685522709131142,2.2662747495373874,4.382776497326106,1550.8372313624104,9.613430573698906,0.15692128755309223,9882.898971484065,0.39237697234598246,0.04759114180752128,0.9759143703176415,0.9977497759379403,0.012183503417288532,0.007383718028811909,83,10,dual-fidelity: 3D FDTD coupler/mode/bend + CMT Eqs 2-7,,0.39808993270090814,0.1437525988890479,0.39881140438264073,0.06070851926448037,0.5659392650561667,0.34195998149161616,0.4626466465092844,0.03627667655224421
12.375851479944739,443.8876143118871,332.3179117052889,1.8763291988363595,2.339214448991243,4.323531100019111,1550.2036262518013,6.795383470198431,0.037256112740881454,41609.37661514937,1.1246835886960025,0.014966433777360243,0.9924885723385634,0.9979176074732384,0.0075096749668434135,0.010596615455438772,123,15,dual-fidelity: 3D FDTD coupler/mode/bend + CMT Eqs 2-7,,0.7380361329419254,0.43887590147831196,0.9140591245886888,0.6253113784283185,0.5287733768612581,0.10871919247799251,0.7237789159872389,0.10993779980844737
6.158809758500178,404.7755234956444,348.7342440177389,1.2068069103805548,2.2327834865763005,4.406991103242181,1555.7791925143704,13.26750298073398,0.06845198525869609,22728.036106399493,1.6027264849390468,0.013294995313815741,0.9933302596247555,0.9972915357616899,0.018212965602176313,0.0053443723846608795,59,8,dual-fidelity: 3D FDTD coupler/mode/bend + CMT Eqs 2-7,,0.11563838729090278,0.04737985475525894,0.996382939932721,0.4015646947516149,0.8558238833490297,0.6443959238401673,0.6139275113382876,0.15802309074494275
5.239657945534923,467.67877843262994,208.03238796198843,0.5818118595066616,2.3980840939604406,4.266821230921902,1542.256093041798,16.2212602100376,0.11393750433053065,13535.982748645616,1.2349260495366803,0.018806087005627248,0.9905523272368667,0.9971037625839789,0.020761800984797348,0.004431097519815867,53,6,supplementary targeted batch (Phase 2.2 step 3); dual-fidelity: 3D FDTD coupler/mode/bend + CMT Eqs 2-7,,0.02362066536902059,0.6770157325594499,0.29079819688316194,0.1926985040981022,0.06258848383798056,0.8888690080060418,0.5197853555125239,0.1210268481861981
7.406121583048364,452.03591113654136,267.99785447100487,1.7063728270241936,2.357764783506301,4.306557389661147,1549.509984969992,11.099642918476547,0.0954390865166201,16235.59111392118,0.8496802764718274,0.024062407391404167,0.987895537295617,0.9975001991011748,0.015247097723542461,0.006493081395819653,76,9,dual-fidelity: 3D FDTD coupler/mode/bend + CMT Eqs 2-7,,0.24050871991950096,0.5204370230600143,0.5915100671078622,0.5685139047394241,0.4880858983427941,0.46496904670813943,0.5528200499366016,0.08227581721080984
14.161016246160607,435.07466923992945,223.2589455181045,2.324798532966795,2.3185802555028747,4.341473013093179,1550.5652237813113,5.897070544088592,0.26426642780591075,5867.431730375213,0.12957801151167372,0.12895264573562248,0.9332991772547415,0.9979304753859946,0.005822923424941104,0.012171365216210372,140,17,dual-fidelity: 3D FDTD coupler/mode/bend + CMT Eqs 2-7,,0.916751762640197,0.3506619225358721,0.36715558833437717,0.7751846955270191,0.5499838960447322,0.03436869088178657,0.36793388249007863,0.009842303007863235
8.851434519764254,472.46277384268086,343.36927742018787,2.803197478776165,2.4009957940228355,4.263893470857052,1547.2926312912502,9.129674995514051,0.02940450092288886,52620.945186211844,2.301981310124785,0.007697521603482567,0.9961438040747518,0.9976578066743679,0.012409087056995421,0.007958807776347648,95,11,dual-fidelity: 3D FDTD coupler/mode/bend + CMT Eqs 2-7,,0.38520125277952044,0.7249015717332118,0.9694789694783256,0.9350601461952208,0.3580207875461581,0.301921072061954,0.7664293973368871,0.2283596065096484
9.588815214227829,430.2149466320809,313.47258522320175,1.0226342349649946,2.3106811192851393,4.347895244856206,1547.7481628147405,8.804541994486499,0.051045301190444155,30321.070239947647,1.1337022279153752,0.0157863231512608,0.9920754390915739,0.9977839764322673,0.011171330592624774,0.008098164273839427,93,11,dual-fidelity: 3D FDTD coupler/mode/bend + CMT Eqs 2-7,,0.45902158445554403,0.3020180850565103,0.8195545088266917,0.34001629515592663,0.38474126910133066,0.2750108484536137,0.6662883342048848,0.1108449650317422
8.179400091654147,426.3410210016144,299.6631999792878,0.4992355609556578,2.302655614016733,4.354377485319904,1546.6511944993142,10.429288038238155,0.054903647618330255,28170.281239801374,1.3429646384678071,0.013993845134402038,0.9929784261833677,0.9976464150577684,0.013656223531746059,0.006810850487913682,78,9,dual-fidelity: 3D FDTD coupler/mode/bend + CMT Eqs 2-7,,0.3179228377718088,0.26324167249518265,0.7503038833399985,0.16510245050935884,0.32039551007597183,0.40948590698640863,0.6529230329876646,0.13189421390159703
13.938627887422095,442.03464601743065,188.11025409855975,1.9968212454699086,2.3355691369093208,4.326747336158823,1549.8130102694777,6.043581048574879,0.3660606719581161,4233.759944708849,0.0955205839899273,0.17061677652733162,0.9107047949103312,0.9979396018790447,0.006010411721387107,0.011904441176606417,138,17,dual-fidelity: 3D FDTD coupler/mode/bend + CMT Eqs 2-7,,0.8944881171091648,0.420328446027999,0.19089366046072467,0.6655784409421827,0.5058606987860621,0.046494899000422356,0.30865511745568164,0.006416540751374917
6.253670823707324,456.67118443858175,254.65302136753792,2.693392786220623,2.3632968648042705,4.301485234747211,1552.816654307873,12.467664445597393,0.16686108818104228,9306.044154662863,0.5887280254137951,0.03828676201500526,0.9806697904926993,0.9972663392006155,0.017968421110343993,0.005808368567026581,68,8,dual-fidelity: 3D FDTD coupler/mode/bend + CMT Eqs 2-7,,0.1251350765171195,0.5668342147048063,0.5245890548319609,0.8983646750584682,0.6820478801062856,0.5781958341443539,0.45172160507967807,0.0560272001698
8.473826529000743,467.484833629122,335.55688585793393,0.9651903019681309,2.388144569692805,4.277092471043525,1550.1306750638848,10.131222684955674,0.02113857537007359,73331.84228008306,3.8464361573147174,0.004179575414878447,0.9979080241110007,0.997669326388866,0.013095111152882283,0.007172490383050502,85,10,dual-fidelity: 3D FDTD coupler/mode/bend + CMT Eqs 2-7,,0.3473983277355474,0.6750744243278711,0.9303017727619486,0.3208191904037621,0.5244942199409747,0.3848159864265734,0.8267170996482966,0.38371294665770633
6.318002050693419,482.470768845657,340.60558596457383,1.7168754465397225,2.412371104128798,4.252202348637808,1552.9523242566038,13.065191853879242,0.025421910896933762,61087.159441028154,5.095132632500871,0.003372513377170366,0.9983123191781366,0.9973082838591768,0.017804451297785653,0.005607020711334488,67,8,dual-fidelity: 3D FDTD coupler/mode/bend + CMT Eqs 2-7,,0.13157537601084823,0.8250775121526921,0.9556197455829063,0.5720237599407165,0.6900059821820238,0.6276512758194794,0.7935300058049336,0.5093165980718154
12.861125771018633,435.9951124623149,241.0491818879629,0.16393582403641035,2.325722927018129,4.335169037358794,1546.7336255096238,6.777919372540509,0.08114925172918742,19060.35598050131,0.4815845891332998,0.03483555724573837,0.9824278308121476,0.9979808685521484,0.007007910450095591,0.010547772056422357,122,15,dual-fidelity: 3D FDTD coupler/mode/bend + CMT Eqs 2-7,,0.786617699275151,0.35987518307185173,0.45636919012825655,0.053049117159717836,0.325230732617052,0.10727374470244443,0.5819583360978815,0.04524987590460664
8.772780932204874,463.08311269583874,156.21266606162698,2.4624362892628904,2.377554653115893,4.287676560337729,1551.764819340929,9.309408135741478,0.5807238550487892,2672.1217078478003,0.10564485601215824,0.17477822607579058,0.9084171805531913,0.9976592971050867,0.012548954225210369,0.007805964508531888,92,11,dual-fidelity: 3D FDTD coupler/mode/bend + CMT Eqs 2-7,,0.3773271194251525,0.6310149964579893,0.03093520582582531,0.821181657914906,0.6203495444609912,0.31679701199442295,0.22505439291953258,0.00743491916372075
12.454157721399389,429.826487057248,334.140793427418,1.6788862420887352,2.3027054367579565,4.354808829301355,1553.0806781668782,6.763500723958259,0.045020241220631765,34497.38686551365,0.9117460610146306,0.018587050673307418,0.9906628837938224,0.9979257309653691,0.0074263417861978286,0.01060924192803427,121,15,dual-fidelity: 3D FDTD coupler/mode/bend + CMT Eqs 2-7,,0.7458754929358703,0.2981297634484095,0.9232004221349596,0.5593282027382385,0.6975349414640171,0.10608035905333417,0.689729193551394,0.08851887893267085
5.405328822669767,423.65759619521396,219.0854348250492,0.36504103581202885,2.285332618434971,4.368742916710083,1554.5981728832494,15.815908602907712,0.18793190864471707,8272.13528609555,0.6968189467854844,0.033591097713614265,0.9830609860463316,0.9971503077945104,0.020277387682660124,0.004510059412390619,51,6,supplementary targeted batch (Phase 2.2 step 3); dual-fidelity: 3D FDTD coupler/mode/bend + CMT Eqs 2-7,,0.04020623533440853,0.23638168670919962,0.3462264723118621,0.12025617655228357,0.7865478582171632,0.8553193457035646,0.4303278664879563,0.06689982989110642
10.124997903506866,430.1243906852287,297.0300539617198,0.8310035141671355,2.3054675344650546,4.352439369413679,1551.53794052984,8.435961949182683,0.05844331947452532,26547.73812439136,0.9158941437409546,0.019312122145598423,0.9902968634982147,0.9978337914137938,0.010349555422421365,0.008486301861813456,97,12,dual-fidelity: 3D FDTD coupler/mode/bend + CMT Eqs 2-7,,0.5126996699529073,0.30111165703233594,0.7370993122824457,0.2759755021780128,0.6070413302664646,0.24450465128091456,0.6421467257831547,0.0889361255151251
7.571274682508515,472.2517623995371,189.0155284722908,0.9717367218516854,2.403028115189989,4.261741353014945,1545.2780051959373,11.25231562262752,0.15563722720405793,9928.717138926562,0.5083703643715205,0.039927796239309185,0.9798327427478073,0.9975473715437736,0.01489245199231757,0.006436975387110016,77,9,dual-fidelity: 3D FDTD coupler/mode/bend + CMT Eqs 2-7,,0.25704245435411455,0.7227894334128077,0.19543338583666633,0.32300692898118694,0.23984723282062012,0.4776052804789603,0.463486870993597,0.04794419853843692
11.322502942489553,480.3742387383818,319.62667823356924,0.1117617960631219,2.4115893014622984,4.252911941391548,1550.476107743284,7.889803081952323,0.013021826938265965,119067.47917122535,4.455928293074589,0.0030874105031549505,0.9984551013925689,0.9979294347365769,0.00872590835331088,0.00927743800371365,111,13,dual-fidelity: 3D FDTD coupler/mode/bend + CMT Eqs 2-7,,0.6325837675772972,0.8040921024825641,0.8504157515789031,0.0356131543331428,0.54475654441793,0.1993008202443924,0.9147643308030228,0.4450204295255595
14.981017495548217,498.9437034088665,226.01616802021334,1.8981002252825165,2.441024794723267,4.2211335959154415,1552.1859988351334,5.812209003627686,0.06095865376695754,25462.931067491707,0.5630870722988941,0.03032207871402841,0.9847222559107576,0.9979400484679072,0.005180753637985592,0.01273021223047521,154,18,dual-fidelity: 3D FDTD coupler/mode/bend + CMT Eqs 2-7,,0.9988433669621453,0.9899648558061754,0.3809823720401307,0.6325870062177987,0.6450550112091036,0.027344971289084592,0.6345679371216496,0.0534480326931805
11.02754300257005,493.87692536947327,173.79456357330048,1.9981244541180736,2.4340238559137255,4.2287605185051245,1551.0942972231983,7.734142890276416,0.18541424294448147,8365.561742134567,0.25211514373040317,0.07026091091777509,0.9642297906008842,0.9978577321824664,0.00910049661555577,0.009526964859915795,115,13,dual-fidelity: 3D FDTD coupler/mode/bend + CMT Eqs 2-7,,0.6030548678386923,0.9392484780659739,0.11910404016716035,0.6660139583524219,0.5810181854764661,0.18641732164019878,0.43236799711582624,0.0221680455292325
11.040914193092924,440.13002928661894,237.9468260077081,0.9900924708679568,2.3279472774876777,4.333563670602393,1552.377386635801,7.762907338967807,0.12194593230141045,12730.046483213824,0.3819042906620006,0.045943472413655595,0.9767581725208878,0.9978885775301397,0.009083172831283397,0.00927579832108903,107,12,dual-fidelity: 3D FDTD coupler/mode/bend + CMT Eqs 2-7,,0.6043934785817087,0.40126401083483587,0.4408116485436556,0.3291412101539096,0.6562814004575165,0.18879806350217407,0.5086342128465552,0.03522325237291377
14.186067498655992,436.9257667345146,289.3051514837149,0.43328780818163926,2.3242703494039767,4.336565396410974,1549.5181543889132,6.132550124899808,0.04373769905250365,35427.518775709694,0.8212867520777195,0.02011483105438619,0.9898914935211909,0.9979870126056802,0.005802173484310673,0.011700034643774943,135,17,dual-fidelity: 3D FDTD coupler/mode/bend + CMT Eqs 2-7,,0.9192596826088022,0.3691906520439369,0.6983608515199503,0.14306346654491117,0.48856509856570535,0.0538585862624498,0.6945621737885393,0.0794197746005479
5.16536232235017,455.23432409300733,207.1837854925161,1.038911827189258,2.3705954592115908,4.2942363375816655,1544.5884114519984,15.958182561262447,0.18911017602229438,8167.6641836021845,0.7188660902012709,0.033420063449752097,0.983147972865859,0.9970717191036425,0.020982779764164697,0.0044892577995756565,53,6,supplementary targeted batch (Phase 2.2 step 3); dual-fidelity: 3D FDTD coupler/mode/bend + CMT Eqs 2-7,,0.016182814626853843,0.5524518297888893,0.2865426669835663,0.34545608012084644,0.19939717400953078,0.8670949083836667,0.4280190880605829,0.06911750389860331
5.094569298063465,465.2354536890055,187.86397280491653,1.3878173393078486,2.393725693288036,4.271282021767546,1541.991885556414,15.8751250759899,0.2555348733411158,6034.369655283783,0.5286390949814184,0.04609674508753653,0.9766797094812933,0.997043522016749,0.02119552862036833,0.004522148493020117,54,6,supplementary targeted batch (Phase 2.2 step 3); dual-fidelity: 3D FDTD coupler/mode/bend + CMT Eqs 2-7,,0.009095614524612133,0.6525590502899268,0.18965862115019624,0.4620563077743725,0.04709065135900504,0.860220504696662,0.3730300951537119,0.04998298588566041
12.525410842244616,446.7431258804047,230.17204060037446,1.565656409779392,2.3471300278207385,4.316342311949253,1548.9314907669548,6.769211025421328,0.14798214972075974,10467.015742707934,0.26710316972396664,0.06419199302864402,0.967371700522274,0.9979310461182644,0.007351318319804688,0.010638002724691946,124,15,dual-fidelity: 3D FDTD coupler/mode/bend + CMT Eqs 2-7,,0.753008754022361,0.467458405433389,0.40182303732217084,0.521488089108986,0.45415269529331476,0.10655298252974707,0.47307781941591937,0.023675658331615484
7.316047653462411,417.325292419937,160.12569135831873,2.3214334907385727,2.2709040182140767,4.3795855387433456,1553.1433778050412,10.822028608754408,1.3564411162604155,1145.013490955594,0.057851949653386,0.31895087582767734,0.8252570049216926,0.9974676637748074,0.01544406669010165,0.0065794235135639215,74,10,dual-fidelity: 3D FDTD coupler/mode/bend + CMT Eqs 2-7,,0.23149127830850913,0.1729979134837379,0.0505580525025507,0.7740601369395322,0.7012127649266228,0.4419917939288538,0.07110991758216018,0.002627535087891211
6.126213790725655,496.76148322626443,192.53219845187942,0.14601622834940792,2.4390969981443074,4.2231538634358206,1550.7926233677772,14.57883653440058,0.06361377860736343,24378.25039351254,1.9103141528619105,0.010864104351373038,0.9945531135382498,0.9973165243111681,0.01829776150613694,0.005041941961579537,61,7,dual-fidelity: 3D FDTD coupler/mode/bend + CMT Eqs 2-7,,0.1123751541055442,0.9681217234975038,0.2130686093759703,0.04706059343627077,0.5633226577823652,0.7529308281493653,0.6266600784600606,0.1889626625214248
9.282278951086454,499.56890384900794,285.8624669901668,0.594883780903548,2.4460896883718246,4.21522390483919,1548.6361994703873,9.516098657584735,0.019195052408356138,80678.92530453436,3.798314581283887,0.0040650410255212025,0.9979654097084121,0.9977682154187129,0.011670132401349129,0.007736566016974061,94,11,dual-fidelity: 3D FDTD coupler/mode/bend + CMT Eqs 2-7,,0.428333760939515,0.9962228567367531,0.6810966467548167,0.19706699057311064,0.4368315545237802,0.33390412859885293,0.8440619431656251,0.37887250241734527
14.280178557036821,445.5392788569506,291.9150041228668,1.4028900468964585,2.344061133540265,4.319137995050974,1549.270173183006,5.987552009089313,0.052471575036799147,29525.894202651212,0.6722643984835746,0.02508188728835774,0.9873794167956117,0.9979580962898951,0.00572487984711115,0.012029002464344797,140,17,dual-fidelity: 3D FDTD coupler/mode/bend + CMT Eqs 2-7,,0.9286812874815856,0.4554083886558183,0.7114486120898148,0.46709343408835746,0.4740190641053304,0.04185755374063026,0.6614608210785259,0.06442994150202916
9.545043949217987,434.0944790043292,150.1303448233077,0.3844046993042681,2.3193847461241237,4.340648219210713,1548.1788501375615,9.048537200481633,0.4109143331681499,3767.6438254200116,0.13627849117101007,0.13026222578297583,0.9325973269407457,0.997799116238638,0.011241229510225353,0.007896471608573395,91,11,dual-fidelity: 3D FDTD coupler/mode/bend + CMT Eqs 2-7,,0.4546395748298971,0.34085061881199435,0.00043388062380436,0.12672729120361634,0.4100044442539825,0.29520555502581947,0.28746679002903314,0.010516289623636411
11.993472127755087,445.70808903354333,231.97989559971666,0.28405270656646175,2.3454210222718332,4.317874935344792,1548.4941379310658,7.2870573277159565,0.08285450115878015,18689.318217770364,0.515270236855158,0.032978816307796054,0.9833723525156703,0.997952737813687,0.007930230075807622,0.009870290724880507,115,13,dual-fidelity: 3D FDTD coupler/mode/bend + CMT Eqs 2-7,,0.6997555394620028,0.4570981095427218,0.41088897959855625,0.09319080412531501,0.42849853574155483,0.14941347268442,0.5783872885043316,0.048638241642953106
8.453781886155468,482.9722488880566,221.9098169465676,2.418493460887707,2.412574074947126,4.2520189940553035,1553.5278874381804,9.747193007047144,0.13372166231526483,11617.62320734207,0.4958416870426018,0.039697959327814454,0.9799500194765983,0.9976235043095751,0.013132569551632705,0.00753397645766589,90,10,dual-fidelity: 3D FDTD coupler/mode/bend + CMT Eqs 2-7,,0.3453916272695933,0.8300971224576572,0.3603900447717428,0.8064964677579082,0.7237672579315501,0.35303107233881,0.4920233618308104,0.04668396624726563
5.390885007059341,443.10506480478614,209.4263733640249,0.4784114564578958,2.347299233897297,4.315968953369485,1542.5189393167336,15.701356938695653,0.1608330775990072,9590.806582477879,0.8156275910763517,0.028639853134788645,0.9855760482404243,0.9971434819924647,0.02031916708801561,0.004527737809655549,53,6,supplementary targeted batch (Phase 2.2 step 3); dual-fidelity: 3D FDTD coupler/mode/bend + CMT Eqs 2-7,,0.038760242420524796,0.43104290068491363,0.2977886862717384,0.15814327319405586,0.07800647069309286,0.8458382690705815,0.4571968415273093,0.07885053195444677
13.827086705464415,451.3470608645974,254.0234348867932,2.3917183619318103,2.3533306608659066,4.310782778342699,1551.8706318141876,6.076248741164363,0.11962405692957126,12972.897522844025,0.29751172731252945,0.05782585672670324,0.9706565526865292,0.9979272093844921,0.0061067096287133965,0.011916006017855656,139,16,dual-fidelity: 3D FDTD coupler/mode/bend + CMT Eqs 2-7,,0.8833215553731788,0.5135419133222814,0.521431835533676,0.7975485362255393,0.6265562724133165,0.049198699935957206,0.5120669991472344,0.026734388730282072
12.719612486684717,491.4346269527423,185.33219682848534,1.2160336218218402,2.4298568661160713,4.233323750889754,1551.1857677475105,6.878795713629415,0.11175879005407247,13879.765224704002,0.358465989318277,0.0476311127109465,0.9758938914088219,0.997946318413943,0.007150666124647847,0.010705727439289886,129,14,dual-fidelity: 3D FDTD coupler/mode/bend + CMT Eqs 2-7,,0.7724505836121993,0.914802068909267,0.17696239558596893,0.404648156081918,0.5863836461124255,0.11562295836858848,0.5243413495634868,0.03286564482759174
7.384888270374993,457.9945618025833,151.74009750194506,0.10130375861799064,2.3658799270857274,4.299031055427225,1552.9245635421141,11.964695214990115,0.2182927780394914,7113.953001510541,0.38329420816880944,0.053041658963811626,0.9731178454001285,0.9975448110904258,0.015293302134289729,0.006058419769066471,71,8,dual-fidelity: 3D FDTD coupler/mode/bend + CMT Eqs 2-7,,0.23838301986266766,0.5800806813476538,0.008506389132005115,0.03211819794937282,0.6883775994659476,0.5365666718600561,0.40292804438468943,0.035363061139486576
8.505628480811277,466.01673218039423,339.05994697959954,2.645062900075854,2.3808972396637835,4.284465968550396,1553.7355950154538,9.547962991450504,0.03443407852076899,45122.03206129982,2.059078382300831,0.00885669693418783,0.9955618027354265,0.9976229773592843,0.01303590040490521,0.007635233540884735,90,10,dual-fidelity: 3D FDTD coupler/mode/bend + CMT Eqs 2-7,,0.3505820707440437,0.66037932873542,0.9478687512703058,0.8822133804207565,0.7359509295353922,0.33654143808988796,0.7385011434564313,0.20392653147488615
14.730367887764507,414.6217994829262,212.42663971234762,0.43165768778644903,2.2704773656824093,4.379409189952925,1548.18293797461,5.840931317173045,0.22062518420597507,7017.253916621008,0.149658609560152,0.10965882792220188,0.943578916719634,0.9979857326861735,0.005369144759360215,0.012144203039452229,137,17,dual-fidelity: 3D FDTD coupler/mode/bend + CMT Eqs 2-7,,0.9737504437001397,0.145937053910772,0.312834274295984,0.14251869897151373,0.41024422782289427,0.0297222257591375,0.4004418983515993,0.011862166511595718
8.995474920684757,439.9157345378282,205.33521974745614,0.6285606044917346,2.332111529967692,4.329734110042246,1548.7728801692683,9.541950140841891,0.1775719378095746,8721.946154747427,0.3450068109997725,0.05436480763100557,0.9724377575809129,0.9977381960962575,0.012156973680689328,0.007511056418025211,87,11,dual-fidelity: 3D FDTD coupler/mode/bend + CMT Eqs 2-7,,0.3996213620263922,0.39911900796656063,0.2772725704631512,0.20832139946217262,0.4448489449897933,0.33604377358370147,0.4399464351395751,0.03151181547399662
9.421358631708074,431.9051156892994,256.3304198448487,0.5397282628243937,2.3129971690125077,4.346060452314113,1549.0809894154452,9.117467348791706,0.09011448940494707,17190.143334823184,0.6473720447955764,0.02827607388484693,0.9857605825529611,0.9977831205949919,0.011441117262612537,0.00783582782502865,90,11,dual-fidelity: 3D FDTD coupler/mode/bend + CMT Eqs 2-7,,0.44225724473827693,0.31893598666661493,0.5330007901621336,0.17863464788718697,0.4629219586121398,0.30091068399924825,0.5631980479335141,0.06192607400689754
5.039737985158122,458.0757325957045,334.5266624877485,1.9909459509501322,2.37938805070813,4.285639779633847,1542.1678999293424,15.44569376804884,0.04781339163203586,32253.890537563566,3.225305394763802,0.006633894445570414,0.996677533385011,0.9970115781541484,0.021361790232804958,0.004634174943096482,55,6,dual-fidelity: 3D FDTD coupler/mode/bend + CMT Eqs 2-7,,0.003606366249880907,0.58089316781803,0.9251354593080031,0.6636149847778542,0.057415269004001526,0.8246778422028702,0.6775138372663524,0.3212347597385077
8.058584041114312,419.6551754386746,152.1214854568316,0.7467598521490615,2.285230483349347,4.368154277778579,1547.0445459767716,10.453977224809023,0.6662519358531354,2322.0113334391767,0.10511061171180691,0.17806909250429706,0.9066040522166791,0.9976231197041017,0.013893372057317836,0.0067765225512529306,77,9,dual-fidelity: 3D FDTD coupler/mode/bend + CMT Eqs 2-7,,0.30582775447277294,0.19631909044275986,0.010418954678007549,0.24782223480763257,0.34346864630498525,0.4115293523740818,0.19954297463720852,0.007381180696283097
8.809860637122918,458.9770343970001,265.7736355564427,2.4729670239791615,2.3685224769464113,4.296476706571983,1552.40997994822,9.259013676530458,0.10597889109938578,14648.294239013956,0.5873067787367953,0.03289529782673772,0.9834148169380317,0.9976630998644739,0.012482821227870915,0.00783898972498575,92,10,dual-fidelity: 3D FDTD coupler/mode/bend + CMT Eqs 2-7,,0.38103922653081845,0.5899148305506465,0.5803561635609503,0.8247009088944054,0.6581932527847558,0.31262602300928755,0.5341310607164633,0.055884240070417375
6.584872679356999,425.2567027507132,252.99283144971636,1.6201206764330125,2.294314503824109,4.3613666930377555,1550.8946101718766,12.283214143237728,0.20438838447117372,7587.978221876938,0.4534498600894321,0.048096397693215893,0.9756554731598568,0.9973624290865034,0.017140067850592654,0.005799848160788525,66,8,dual-fidelity: 3D FDTD coupler/mode/bend + CMT Eqs 2-7,,0.15829221097879648,0.2523880898879038,0.5162636161389884,0.5396894234823908,0.56930498036002,0.562929469716758,0.41464606804988513,0.0424198649534429
11.785950059385042,480.61910303974935,159.80511657537824,0.03275779415999178,2.4092654029360845,4.255467493689307,1552.7992866625982,7.615963029340719,0.11652306568789128,13326.110821884773,0.38013029001238263,0.04479274949304015,0.9773470471163045,0.9979523731656142,0.008168247493527733,0.00963544709823806,115,14,dual-fidelity: 3D FDTD coupler/mode/bend + CMT Eqs 2-7,,0.6789801814519648,0.8065430940805175,0.04895044985827845,0.009210921386150784,0.6810291320695595,0.1766359507128204,0.5169467824530638,0.03504480952180394
8.704675846802871,426.63576825883285,234.70747998785782,2.764740703898704,2.2950238541868875,4.3609741457086155,1552.9465294222794,9.139606127359002,0.3663722019393454,4238.712765875663,0.1655418899643479,0.1155768411476026,0.9404377485258646,0.9976426021537038,0.012671336215023978,0.00782893446298473,89,11,dual-fidelity: 3D FDTD coupler/mode/bend + CMT Eqs 2-7,,0.37050901307798656,0.2661919720975644,0.42456713554903647,0.9222083323092646,0.6896660698912236,0.30274304023432325,0.3088675002181714,0.013459831000000526
6.942185341605976,452.16227181609383,181.59752055721685,1.4324707960203704,2.3619587441855456,4.302514003628911,1546.3836556871836,11.884639894944712,0.33094129349030127,4672.682696613992,0.2610246441349256,0.08087087042268656,0.958712224589482,0.997432224719609,0.01628917968136748,0.006042917208917798,71,8,dual-fidelity: 3D FDTD coupler/mode/bend + CMT Eqs 2-7,,0.19406333902338274,0.5217018418276544,0.15823392482441667,0.4769789817859749,0.30470226926564015,0.5299407478331177,0.3265740659655106,0.023064232717489495
13.04548854255989,438.12104417959995,258.99865684316734,2.978135402096398,2.326695017171719,4.334494536592604,1549.7814579544774,6.282077841019145,0.17706643754781132,8752.542149813156,0.20960703999326813,0.08250297091051824,0.9578606522294784,0.9979003788895962,0.006826195507838764,0.011430054056172015,132,16,dual-fidelity: 3D FDTD coupler/mode/bend + CMT Eqs 2-7,,0.8050745439499186,0.3811548908438177,0.5463813337429378,0.9935223973660798,0.5040099090876304,0.06623451938427649,0.44058255258496687,0.017892248207647246
5.16412174786589,405.83373949965875,257.79585273203867,0.5648487030402761,2.252684667599768,4.391807762996611,1543.63291936308,16.022409379352894,0.17298189348880008,8923.66760607245,0.7886827802993004,0.030242826661829363,0.9847624959035405,0.9970855585350743,0.020986489521862675,0.00436498806857855,49,6,supplementary targeted batch (Phase 2.2 step 3); dual-fidelity: 3D FDTD coupler/mode/bend + CMT Eqs 2-7,,0.01605861877987012,0.05797216453734399,0.5403495708829411,0.18702961141224908,0.14335010059858178,0.8724107576853487,0.4440999042286341,0.0761402122830828
5.210874827350744,428.6021782348017,190.85234806216943,0.6484316857628769,2.3125141258932533,4.346127086535942,1543.3880483062142,15.969169854761049,0.3146175027456048,4905.60135668668,0.42205215246066796,0.05677824142075314,0.9711960453890074,0.9970946773028714,0.020847133612869898,0.004424908218157429,51,6,supplementary targeted batch (Phase 2.2 step 3); dual-fidelity: 3D FDTD coupler/mode/bend + CMT Eqs 2-7,,0.020739142504400464,0.28587493242421824,0.20464457831616972,0.21496208732596708,0.1289865006697637,0.8680042916943838,0.33541053875938903,0.03926163811243457
12.289391701324986,475.68468996241967,196.5337446413161,1.4829897204775544,2.4007804788164346,4.264293143817668,1552.4241314306712,7.023999560593666,0.1414481065783276,10975.220305059429,0.2909323041725997,0.059128851763406785,0.969985127842996,0.9979267748987378,0.007602771755769127,0.010423725625676353,124,14,dual-fidelity: 3D FDTD coupler/mode/bend + CMT Eqs 2-7,,0.7293805096224285,0.7571516355223661,0.23313536626904136,0.4938618279661659,0.6590233477536303,0.12764101860316945,0.48169026666308257,0.026072578925420996
7.473623910197709,466.99491665380515,218.00372257974942,1.474592984762962,2.3891572396824063,4.276023158418007,1548.5260566119607,11.173802630649334,0.13926205927872815,11119.51140628073,0.5731095936430533,0.03578930523089305,0.981942307250842,0.9975175504186309,0.015101135622960409,0.006487955488750608,77,9,dual-fidelity: 3D FDTD coupler/mode/bend + CMT Eqs 2-7,,0.2472664831976583,0.6701705555993955,0.34080195498103893,0.4910557350216234,0.43037081566102964,0.4711070100369703,0.48406291698485104,0.05445617622703212
5.038189588090565,456.22634459203823,159.83454227265509,1.22089514397807,2.364951051009267,4.299825041090657,1550.7561218064743,16.268258390900655,0.4373181703998593,3546.0592007611976,0.31397131414328433,0.0775671297514592,0.9604336886264147,0.9970341640011994,0.021366504228588313,0.004432696980742154,52,6,supplementary targeted batch (Phase 2.2 step 3); dual-fidelity: 3D FDTD coupler/mode/bend + CMT Eqs 2-7,,0.003451353803865617,0.562381549615515,0.04909801239678479,0.4062728211286725,0.5611815561346553,0.8927588978425488,0.2764561647328014,0.028390022623540397
10.883894779957862,475.3692371514576,213.1401749711667,2.519881429143929,2.404598992206327,4.260190001910435,1548.757717880599,7.639130916310933,0.16492129654124618,9390.889778102495,0.2835302764202146,0.06328191495805656,0.9678419731763773,0.99783400559293,0.009288705128271577,0.009545287781198999,114,13,dual-fidelity: 3D FDTD coupler/mode/bend + CMT Eqs 2-7,,0.588674020174085,0.753994081787907,0.31641247579498316,0.8403791659939447,0.4439595583418269,0.17855348297478962,0.45337029423208086,0.025328025119077037
5.361842363884046,446.8276440645908,286.4261816258963,1.8242795782391834,2.3551555163007243,4.308779684664156,1542.7511623620185,14.68309695120388,0.09775595959087255,15781.658415698932,1.3109011330357005,0.017692034030064887,0.9911145069919697,0.9970963608533928,0.020403435019499986,0.004853941081164196,57,6,dual-fidelity: 3D FDTD coupler/mode/bend + CMT Eqs 2-7,,0.03585273810417118,0.4683043979204827,0.6839235351666288,0.6079169911225439,0.0916281659616824,0.7615601309909977,0.5476687920094071,0.1286690159135845
10.462621428186395,480.2828996516764,166.9148574952506,1.5675388635198626,2.410276014970983,4.254339742111519,1551.444369484729,8.181498172460579,0.23079066057985756,6722.301351305775,0.21612941461449992,0.08244233683212376,0.9578923024891035,0.9978359597758044,0.00986340555965325,0.008953576704696362,107,12,dual-fidelity: 3D FDTD coupler/mode/bend + CMT Eqs 2-7,,0.5464996877193097,0.8031778355484732,0.08460402871447616,0.5221171835975005,0.6015526576805778,0.22344349443072345,0.3926413887089338,0.0185483196266006
10.82357747581432,422.83095980454846,259.8034025656928,0.4607644696790971,2.2914367266885556,4.363442104534871,1548.4736810433076,7.939557591341099,0.09556353148486996,16203.604628073721,0.5010204662211892,0.034919249098346136,0.982385235486392,0.9978919589758714,0.009368888844433765,0.008960649347846905,102,13,dual-fidelity: 3D FDTD coupler/mode/bend + CMT Eqs 2-7,,0.5826355607580583,0.22810739422651397,0.550416932986372,0.15224585224672696,0.42729857950618577,0.2034188426196781,0.552461810544277,0.04720488833491786
9.653391318040752,465.0568318918823,196.25044205537068,1.0576263078907457,2.38875960507515,4.2763594142836325,1545.7810943530997,8.862164899848949,0.15423174545162835,10022.45737300498,0.36083217938560774,0.05086487041793257,0.974235664293844,0.9977886271221872,0.011069000981237543,0.008160008884267518,97,11,dual-fidelity: 3D FDTD coupler/mode/bend + CMT Eqs 2-7,,0.4654863989504275,0.6507711190908294,0.23171467440389373,0.35171024531577555,0.269357341015914,0.27978011291881744,0.4651938866707192,0.03310365471894843
5.104705035971343,447.53897133495195,150.04382394870368,0.9602454301137613,2.337353585951035,4.325654599043261,1557.974423406354,16.37076547051788,0.5187088299218994,3003.562564456314,0.2635246257531337,0.09125950841592621,0.9532788110432717,0.9970588443425097,0.021164936659749316,0.004419258810164681,51,6,supplementary targeted batch (Phase 2.2 step 3); dual-fidelity: 3D FDTD coupler/mode/bend + CMT Eqs 2-7,,0.010110319058862392,0.47542449322761066,0.0,0.31916667084213063,0.9845913199232682,0.9012430825460995,0.24629461068785097,0.02331570040876193
9.295272160272411,467.9049938905375,184.53145727144903,0.2754682934962522,2.3906086412968963,4.274564272168542,1548.7690498888464,9.473355343720868,0.11729444411968798,13204.112620274434,0.5138834803057062,0.03582790349636613,0.9819226530148054,0.9977790161101883,0.011648544446364205,0.007664131026584704,91,11,dual-fidelity: 3D FDTD coupler/mode/bend + CMT Eqs 2-7,,0.4296345313812216,0.6792800568548335,0.1729468862640648,0.0903219915571773,0.44462426912854924,0.3303664005607796,0.5152761060837886,0.048498750830177635
8.089053602317506,496.9833937367586,216.85537723957094,1.609832709865434,2.4392827732047113,4.222959807246447,1550.94443316164,10.485814190614065,0.08376821272271777,18514.71319192927,0.8784238634960964,0.022313817272706534,0.988780148833548,0.9976014015508605,0.013833178134379053,0.007025809461164042,85,9,dual-fidelity: 3D FDTD coupler/mode/bend + CMT Eqs 2-7,,0.3088781097789679,0.970342957028407,0.3350432892853928,0.5362513028388173,0.5722274878273369,0.41416439669784194,0.5766822009904561,0.08516707185653884
7.891488689002381,458.5844787007559,317.253075781613,1.2834208755273933,2.3738529598318894,4.291150858989395,1547.4710517794488,10.643367377062305,0.035061010882885366,44136.52124716202,2.3264131060206807,0.007843848016618127,0.9960703549365285,0.997584317946741,0.01422816336469475,0.006779568579363899,80,9,dual-fidelity: 3D FDTD coupler/mode/bend + CMT Eqs 2-7,,0.28909957809517184,0.5859855084410135,0.8385127268206388,0.4271682047773446,0.36848654264351327,0.42720457245400695,0.7344896513055716,0.23081714750228335
9.488597509110015,480.7445963856461,253.7782848517729,1.6179832797208804,2.4144877094949573,4.2497656951952845,1548.5879405485096,8.938163628710981,0.0596241311361239,25972.503264039708,0.9890602045526137,0.018445837287751496,0.9907341533995123,0.9977571402943849,0.011332015641062324,0.008171095791874942,98,11,dual-fidelity: 3D FDTD coupler/mode/bend + CMT Eqs 2-7,,0.448988633651226,0.8077992311926819,0.5202024692032143,0.5389751299714995,0.43400079185333645,0.2860702858054928,0.6381673715730529,0.09629573978500691
13.126702146204485,429.006805563077,309.26362081898657,0.6420762287602467,2.3086882330736085,4.34949110261052,1547.036369279073,6.547120141759478,0.04271204584112252,36220.142089040586,0.9094956297586407,0.01822662203525238,0.9908447799553407,0.9979715638901356,0.006747650579430615,0.010889015086855783,125,15,dual-fidelity: 3D FDTD coupler/mode/bend + CMT Eqs 2-7,,0.8132049645083393,0.28992508663765915,0.7984476012783208,0.21283816635708025,0.3429890191249262,0.08817122699639289,0.6985815558639928,0.08829251296734159
5.126407919476105,432.1339849623155,268.6768163058935,0.5202082611405201,2.32092760130888,4.339095925215314,1543.4441230097846,16.371830017793627,0.08910488070140267,17321.65635440313,1.6461380306370943,0.013928686897606906,0.9930112351340206,0.9970774449927536,0.021099580834663623,0.00432257636727051,50,6,supplementary targeted batch (Phase 2.2 step 3); dual-fidelity: 3D FDTD coupler/mode/bend + CMT Eqs 2-7,,0.012283028584181791,0.3212268745668077,0.5949148915020802,0.172111286802071,0.13227571997775944,0.9013311917356971,0.5645825065931256,0.16238976332035174
8.165071621999312,465.1227104912905,247.54577242275298,0.3525172206695644,2.3839655761705743,4.281265512231286,1549.8068573656874,10.729520415491606,0.05157135326394543,30051.700397189084,1.48064869201274,0.012585089708313502,0.9936875315166667,0.9976489348443169,0.013684135802487217,0.006761000023538046,80,9,dual-fidelity: 3D FDTD coupler/mode/bend + CMT Eqs 2-7,,0.3164883923214852,0.6514305369509771,0.48894797260978806,0.11607086091242722,0.5054997829245663,0.4343351852227612,0.6646673174817711,0.14574355215984844
9.811254248601443,412.36606778542637,290.89382992114247,0.038254780788403046,2.261050683944226,4.386569964026508,1550.6395653762129,8.840008195436212,0.06057015630586214,25600.71923119898,0.9274508835631594,0.019071845782479457,0.9904181713889949,0.9978325467459465,0.010822774855194454,0.008023916953181049,90,11,dual-fidelity: 3D FDTD coupler/mode/bend + CMT Eqs 2-7,,0.4812903032034632,0.1233581013769352,0.7063276779605095,0.011047951384299076,0.5543446111937765,0.27794627301857266,0.6355482796805673,0.09009859273510774
5.108083969903373,486.79751768682013,321.2145079082992,2.6506553780152293,2.41501720049071,4.249667087372521,1557.1176868563107,15.143898109402471,0.043434330920169795,35849.92916589916,3.5422196193525735,0.0059308932274238476,0.9970301433620632,0.9970092470683644,0.021154748085634657,0.004861525357463699,58,6,dual-fidelity: 3D FDTD coupler/mode/bend + CMT Eqs 2-7,,0.01044858940611536,0.8683865000162471,0.8583783216860587,0.8840823225217825,0.9343370301483808,0.7996991761414944,0.6967152741928383,0.35311246948177144
10.291437709962034,403.43689345571283,333.3304652730328,2.1700124112169012,2.2415664926457537,4.3998647258438375,1546.7489121729484,7.847632015226509,0.1002729404459193,15425.387001662368,0.4909576506607511,0.0370699558997773,0.981289989809446,0.9978060471804153,0.010106972590369873,0.008970394554084757,100,13,dual-fidelity: 3D FDTD coupler/mode/bend + CMT Eqs 2-7,,0.5293622186321236,0.03398071505904281,0.9191368283869771,0.723456945730078,0.3261274148099207,0.19581045528049343,0.5435209334291335,0.04619269169384916
8.558810466892599,418.2083151592371,338.33569340170357,2.8781756123642563,2.2715423229681386,4.37923830690013,1554.3862130770572,9.223377512187653,0.09390567717322873,16552.63302355688,0.675216688702467,0.029020549552276745,0.9853828953496825,0.9976223307970009,0.012937480655701534,0.007739282641641584,87,11,dual-fidelity: 3D FDTD coupler/mode/bend + CMT Eqs 2-7,,0.3559062023373842,0.18183661027513984,0.9442368000723061,0.9601169800420775,0.7741147601773103,0.3096765311152698,0.5563331382159937,0.0647269059276489
5.264074899455765,419.0951335171988,241.6201392234469,0.37384716697596176,2.285307653657229,4.3680036208120185,1545.912469078174,16.041247275416026,0.1486059423563273,10402.763473424135,0.9159833922139525,0.02563632498955336,0.9870986146330297,0.9971159587017903,0.020689686507705703,0.0043969708117536825,50,6,supplementary targeted batch (Phase 2.2 step 3); dual-fidelity: 3D FDTD coupler/mode/bend + CMT Eqs 2-7,,0.026065084717788616,0.19071329965834352,0.45923239887434525,0.12319908476897115,0.2770634946784882,0.873969910382145,0.47195928658497566,0.08894510282411447
8.866551687406012,451.0578719872317,172.57994252030096,1.8306515383030542,2.3525935790222072,4.311468875166663,1551.966522310514,9.364953721872098,0.4323666526675976,3589.468597393569,0.14085502129100644,0.13219972420433296,0.9315579830561633,0.9976884996142581,0.012382383823766772,0.007718293747354312,90,10,dual-fidelity: 3D FDTD coupler/mode/bend + CMT Eqs 2-7,,0.38671465601572597,0.5106472508309086,0.11301301828864531,0.6100464272255596,0.6321809989278995,0.321394343358841,0.2786664063515824,0.010976632793735053
13.647930148403592,450.5577265965728,262.36477234016536,1.38559592392523,2.350486404700254,4.313451068103504,1552.7886081870654,6.294493273031094,0.07536472948884565,20603.651319638662,0.4875338330380389,0.03482400645985508,0.9824337094889125,0.9979559343822962,0.006264622260292624,0.011508076583862721,134,16,dual-fidelity: 3D FDTD coupler/mode/bend + CMT Eqs 2-7,,0.86538591295202,0.5056409998444901,0.5632615640725462,0.4613139361857049,0.6804027560806362,0.06726210517402957,0.5961015630391908,0.04584829735644662
13.290069154180696,402.7415361165866,258.5746180048963,0.01830809340073772,2.2307993115025235,4.407949794011013,1553.0189666095375,6.527335466996419,0.11394189518438498,13629.920444068312,0.32551441123780334,0.05126909907194304,0.9740281828202185,0.997992706205026,0.006592378697244111,0.010860275845607536,120,16,dual-fidelity: 3D FDTD coupler/mode/bend + CMT Eqs 2-7,,0.8295598905380975,0.027020472237793944,0.5442548846460193,0.004381996821950473,0.6939150766585505,0.08653371244016643,0.5210416580335248,0.029551117551339434
13.350011703626665,427.93864835152704,264.222044106692,0.9032741752603333,2.2998697600855813,4.356994789723614,1551.7265772405194,6.4282433715638945,0.09555922104125007,16238.376164354513,0.3884242897793047,0.04352817532305981,0.9779937753774,0.99796708640262,0.006536306818436083,0.011139328945865024,127,16,dual-fidelity: 3D FDTD coupler/mode/bend + CMT Eqs 2-7,,0.8355608326767129,0.27923326943041143,0.5725753191209421,0.30012752971397644,0.6181063466010535,0.07833217510781096,0.552851208287501,0.0358790848451149
11.707552034984499,425.5838745937148,320.8119961978385,1.5273360335141835,2.301044056080427,4.35566223535405,1546.4507899673317,7.139975694067971,0.057273548529659095,27001.13454933742,0.757877066035276,0.022745762099687386,0.9885617016151863,0.9979045418343103,0.008260013852035116,0.009960000829516846,114,14,dual-fidelity: 3D FDTD coupler/mode/bend + CMT Eqs 2-7,,0.6711316329241203,0.25566294634433845,0.8563598257702171,0.5086818580776649,0.3086402191152441,0.13723999402295406,0.6452229280298897,0.07304153276178094
9.072063646161375,437.078804538892,276.61524333678136,0.8266860311912388,2.3246816113326,4.336210121352118,1549.4750290259708,9.394319525776837,0.07058316714981837,21952.472403754386,0.879655623859448,0.021003599303275732,0.9894424696245478,0.9977402509981893,0.012025013225007633,0.0076251277790664205,88,11,dual-fidelity: 3D FDTD coupler/mode/bend + CMT Eqs 2-7,,0.40728877881635966,0.3707224979300189,0.6347241246836759,0.27453264879681244,0.48603545921992736,0.32382485747773293,0.6076205562406952,0.08529097194145023
8.193354202904727,419.315365698301,239.8013802274565,1.5347395114364262,2.27690740422161,4.3750113865543145,1552.5617327323273,10.047670555417653,0.2510157536572783,6185.116711248733,0.2697952362508286,0.07286148371625492,0.9628803229289428,0.9976172988313365,0.01362909524523802,0.007091479429720653,80,10,dual-fidelity: 3D FDTD coupler/mode/bend + CMT Eqs 2-7,,0.3193198056182634,0.1929177337978473,0.450111775772213,0.5111560156394633,0.6670947387623114,0.3779006426081506,0.37751233063547757,0.023946447424355696
9.862716250342537,430.8558777251519,193.22466437224966,1.5794176271097822,2.3089192279582376,4.349515433677601,1550.263333527015,8.447255008491311,0.3974924453056942,3900.1076670394946,0.13197717372315088,0.13472933601036075,0.93019926036825,0.9977907705395833,0.010743696955801366,0.008466654181342908,97,12,dual-fidelity: 3D FDTD coupler/mode/bend + CMT Eqs 2-7,,0.48644224448123596,0.30843354339490675,0.2165411533934523,0.5260869303934647,0.5322756748665262,0.24543934185448593,0.29374374876610054,0.010083629495191834
13.74051852315485,496.89084401656294,261.5347674715993,0.05029598320361522,2.4396331377970637,4.22254050665326,1550.509128892852,6.565945851305514,0.018264889719145125,84890.14457435347,2.2726110587871156,0.006683327525713098,0.996652734142784,0.9979965689703224,0.006182509483231969,0.011236526088335957,136,15,dual-fidelity: 3D FDTD coupler/mode/bend + CMT Eqs 2-7,,0.8746550795911794,0.9694165721477785,0.559099296506687,0.01507198337597112,0.5466934927353612,0.08972937105395831,0.8533046477508928,0.22540531706920494
11.124209733918011,443.1508434232663,256.502603583539,0.17110110933821873,2.338460609338477,4.324168694548096,1549.509740319888,7.87360683715724,0.05731352875070587,27035.671578689948,0.8338084518913297,0.020478508361619133,0.989707780932524,0.9979175383165854,0.008975994824370514,0.009130897538465849,106,13,dual-fidelity: 3D FDTD coupler/mode/bend + CMT Eqs 2-7,,0.6127323251192016,0.4315011259494136,0.5338642487008254,0.05544367347475063,0.48807154770346767,0.19796030861477115,0.6454551333225961,0.08067930503869249
12.156915403775024,424.7070757755994,319.98113169947203,2.7120171924625103,2.2933842727382903,4.3620757295686845,1550.5587487581906,6.714008183794931,0.08672343872090431,17879.35039970267,0.4670327146938,0.037592240312912195,0.9810238323746716,0.9978858484744557,0.007747661355012562,0.010635064261971429,121,15,dual-fidelity: 3D FDTD coupler/mode/bend + CMT Eqs 2-7,,0.7161181008046006,0.246886548460718,0.8521932473751417,0.9045887384002296,0.5496040853687586,0.10198401903700016,0.5703389469737057,0.04378613463453671
8.936853000863628,434.16696821142244,309.86119099736277,1.222057767531372,2.322118354145263,4.338222838361331,1546.2146727906795,9.359802256892863,0.05549856803398085,27860.442666628045,1.1444204371351565,0.016118189686367253,0.9919081662702615,0.9977142568286941,0.01225895533640159,0.007617482470326677,88,11,dual-fidelity: 3D FDTD coupler/mode/bend + CMT Eqs 2-7,,0.39375263017977247,0.34157620615378176,0.8014442667991836,0.4066613566097178,0.294790102628782,0.3209679729994384,0.6509139844701326,0.11192308628969178
9.390423065919846,439.31247055163493,151.36928442661045,1.9506699339709521,2.334565416266759,4.327445081320496,1545.8044290013024,8.738940010577835,0.7928868580833298,1949.5901757509562,0.07052008754827416,0.24392390034357503,0.869526365130135,0.9977380767034006,0.01149166542932698,0.00817740405351087,95,12,dual-fidelity: 3D FDTD coupler/mode/bend + CMT Eqs 2-7,,0.43916023698608214,0.39308058197612555,0.006646853971532765,0.6501552010093665,0.2707261003766738,0.2695811810542613,0.16778707630093787,0.003901795412825812
13.486852503814356,462.74359048629526,296.26466952349807,2.027801762367242,2.376793614969476,4.288425872848576,1551.836461355711,6.304214698944634,0.04427347527073198,35051.15538968293,0.8573286018010973,0.019728356854821705,0.9900866846620948,0.9979351544674434,0.006410082855357226,0.011543479612183879,136,16,dual-fidelity: 3D FDTD coupler/mode/bend + CMT Eqs 2-7,,0.8492601786624612,0.6276165178791927,0.7332611000703566,0.6759317750042287,0.6245519081522855,0.06806671665394239,0.6926220451904782,0.08304514555252403
5.038809395428475,419.2583831667658,238.7457237071008,0.1967600385837981,2.276650933644126,4.37521357902247,1552.6417015440172,17.038383547202102,0.13868973262319362,11195.073147645271,1.0707547621459312,0.02215689151757388,0.9888594988583698,0.9970648881121261,0.02136461713996418,0.004166928120706292,47,6,supplementary targeted batch (Phase 2.2 step 3); dual-fidelity: 3D FDTD coupler/mode/bend + CMT Eqs 2-7,,0.0035134036833964124,0.19234736194191376,0.4448179214084964,0.06401859386856591,0.6717855341245682,0.9564997057487994,0.48529316184639426,0.10451321692079463
9.849772879268663,453.79099521392243,349.4555281298807,1.0096143683092458,2.357124643177286,4.307305529784698,1552.960636221834,8.722823399646131,0.020719680943265692,74950.99178766925,3.0427835608121017,0.005220242115380126,0.9973864636561998,0.9978067252518729,0.010763531536387995,0.008307933006190394,97,12,dual-fidelity: 3D FDTD coupler/mode/bend + CMT Eqs 2-7,,0.48514646341068013,0.538004697495765,1.0,0.33566520477944994,0.6904935438592454,0.2682472604660402,0.8306843543473653,0.3028752870702473
10.030644580561573,461.79405133078166,309.15696434507424,2.0232426860245356,2.3785711427940703,4.286576482102093,1548.86280831875,8.309371937755714,0.04233251559980687,36588.01718662371,1.2975065678991582,0.01363270574571486,0.993160256078688,0.997790941201909,0.010489650578150924,0.00871921492288263,103,12,dual-fidelity: 3D FDTD coupler/mode/bend + CMT Eqs 2-7,,0.5032538115966297,0.6181120189420523,0.7979127456420869,0.674408183885758,0.4501239332959935,0.23402719896658172,0.7004172519513878,0.1273216858588544
5.1694344085856265,481.43072556339047,180.7568617557066,0.6466100175076265,2.421906141101409,4.241665429526192,1543.3361254392821,16.4904996375285,0.1408087074708014,10960.516243353159,1.009819962971013,0.023405992078665446,0.9882277105613536,0.9970844432841458,0.020970607390447274,0.004390585466470977,53,6,supplementary targeted batch (Phase 2.2 step 3); dual-fidelity: 3D FDTD coupler/mode/bend + CMT Eqs 2-7,,0.01659047753255749,0.8146671038893956,0.1540182304399664,0.21435330665070162,0.12594081900646337,0.9111530984399986,0.48144673137016797,0.09838391854713326
14.460644491432607,463.6995996837557,278.37136065245136,0.3112605724407497,2.3845168914761694,4.280639473014999,1547.0852158798102,6.093380369987244,0.02873014059915897,53848.85641405802,1.2719492551383098,0.01267446177060185,0.9936425605968165,0.9979904699759813,0.0055795313517598925,0.011892585918953778,141,16,dual-fidelity: 3D FDTD coupler/mode/bend + CMT Eqs 2-7,,0.946748013710446,0.6371857792923722,0.643530615370273,0.10228336140721399,0.3458542537502575,0.05061663032426542,0.7706196144811417,0.1247509315827871
10.53902116719785,468.27240761579594,263.3171644956815,2.051872626141516,2.3856798571262927,4.279692550547917,1553.3949752324947,7.986046763980312,0.07351160929144698,21131.287836100073,0.6823110142841372,0.02627457862747525,0.9867752638633199,0.997826593704106,0.009756603878074208,0.009141907866269781,108,12,dual-fidelity: 3D FDTD coupler/mode/bend + CMT Eqs 2-7,,0.5541481847794207,0.6829577181086451,0.5680375733816629,0.6839759820987368,0.7159709190233875,0.20726660346565243,0.6006949702441864,0.0654405086446306
8.447905727185406,484.6412178070431,199.35348939695928,2.0398073734453037,2.416975022053243,4.2472791462176005,1552.2783610164868,9.877136295441915,0.16264659102853016,9543.872707078124,0.4093065412797682,0.04791574956232892,0.9757480465969025,0.9976341005751224,0.01314357091170412,0.007430718345489429,89,10,dual-fidelity: 3D FDTD coupler/mode/bend + CMT Eqs 2-7,,0.34480335582797844,0.8468028193470583,0.2472756834947608,0.6799439127784977,0.6504727744943714,0.3637860647144071,0.45630570786973,0.03797958491885376
5.676858451119217,467.7858710732913,280.74661327021244,0.417420959096274,2.383995698268594,4.281401902846787,1554.0074055885152,15.334213658446288,0.03970018723803824,39143.57875117431,3.68765190659653,0.005265356103368242,0.9973638472977812,0.9972116376540096,0.019507769331425763,0.0047454674187964,56,6,dual-fidelity: 3D FDTD coupler/mode/bend + CMT Eqs 2-7,,0.0673894900392088,0.6780876861312757,0.6554419152988019,0.13776094723455734,0.7518947424867805,0.8154509883682673,0.7126817820917217,0.36774118564646097
11.686451980808624,454.0987006651328,287.54388227589345,2.711008198337577,2.3603181592066296,4.304218573464384,1550.9288664548237,7.062202496235386,0.07900631257556705,19630.44237726459,0.5461920648178606,0.032348378731093225,0.9836928490483738,0.9978683075565945,0.00828488745612833,0.01025052077082172,120,14,dual-fidelity: 3D FDTD coupler/mode/bend + CMT Eqs 2-7,,0.6690192735833617,0.5410847033249079,0.6895285253781446,0.9042515441152958,0.5713143788965346,0.1308029539876573,0.5873118775084037,0.05174860078762464
5.680507471858942,452.76758757853986,182.68723882039646,0.20622783727291616,2.3598366290357564,4.304599739845169,1549.0884433405722,15.320993338699054,0.16557714833724793,9355.689833390446,0.7496397600659694,0.03042811611639374,0.9846684131643536,0.997218763930895,0.01949762806196701,0.004693537778676994,55,7,dual-fidelity: 3D FDTD coupler/mode/bend + CMT Eqs 2-7,,0.06775479919812995,0.5277608052599636,0.16369859033968417,0.06718262379697157,0.4633591895360166,0.8143567845825936,0.452688117034225,0.07221296014375868
6.691244609554728,456.47159486894736,181.24244142987223,2.032851650511659,2.360429268375618,4.304294403654644,1554.782155431316,12.106491327134563,0.40942183938559956,3797.506644404963,0.21978523346894058,0.09775340753674511,0.9498666182487175,0.9973697386359384,0.016882214097474195,0.005994044305407886,70,8,dual-fidelity: 3D FDTD coupler/mode/bend + CMT Eqs 2-7,,0.16894127085678476,0.5648364046709186,0.15645329149197187,0.6776193898076995,0.7973398715654796,0.5483026847303001,0.2889009322930587,0.018916050461235845
6.858280396480629,454.41097360381764,328.1060088119425,1.198571724729964,2.3571495793220727,4.307332657166915,1553.9761421053715,12.248816653972426,0.034837527288811385,44606.38463868402,2.9796697804803634,0.006281595405224529,0.996854254439823,0.9974245786397807,0.016485112414751344,0.005913568708988825,69,8,dual-fidelity: 3D FDTD coupler/mode/bend + CMT Eqs 2-7,,0.1856634840706876,0.5442104278372607,0.8929374812496416,0.3988125899889319,0.7500608950325132,0.5600824990162466,0.7364132690272622,0.29652680974069245
6.499058226521123,463.2024377648363,227.04777205960193,2.415641807084169,2.3781727764038227,4.287057193691822,1551.454375985544,12.21979979052503,0.20168042111397022,7692.6375273126405,0.4642748369927657,0.04766735502094728,0.9758753224562309,0.99732251314457,0.017350956112208157,0.005936589200561564,70,8,dual-fidelity: 3D FDTD coupler/mode/bend + CMT Eqs 2-7,,0.14970119223026623,0.6322093916389318,0.386155609206046,0.8055434777043474,0.6021396171041798,0.5576808655883438,0.4171344699944452,0.04350872573951135
6.3473655068564305,486.0070401027993,167.77696278933715,0.724308412789586,2.4287068817676887,4.234278437621209,1544.2947846992454,13.536232907193153,0.15628826831294682,9881.0665788874,0.6662610651801899,0.032815708557736585,0.9834552818721669,0.9973436979276231,0.017730106813894912,0.005372937767282541,65,7,dual-fidelity: 3D FDTD coupler/mode/bend + CMT Eqs 2-7,,0.13451499741588754,0.8604741424125255,0.08892727191440024,0.24031922081232948,0.18217367173480925,0.6666378444954513,0.4626129627008294,0.06382607931570511
5.4322300619219535,425.9631565486492,255.47604522618974,0.22794554441099876,2.2916848716948657,4.363730207223535,1554.1936829969447,15.87366032658997,0.09796226955593909,15865.227398692088,1.3898232115678975,0.016252519881641406,0.9918404509387377,0.9971607841153869,0.020199803459461593,0.0044963878958842055,51,6,supplementary targeted batch (Phase 2.2 step 3); dual-fidelity: 3D FDTD coupler/mode/bend + CMT Eqs 2-7,,0.04289936036331526,0.25945940372749954,0.5287163143728756,0.07444043288412733,0.7628213673182531,0.8600992720510747,0.5486281747340205,0.13660761543542363
10.157121909850385,418.53208546315614,236.38918913767628,0.3151324183974332,2.2813947056182142,4.371153886667347,1547.7304436385436,8.465719526369867,0.13815006775558655,11203.255045641887,0.37408423966799026,0.047704508889065675,0.9758562860949016,0.9978516159217935,0.010302286138580639,0.008378414717919828,95,11,dual-fidelity: 3D FDTD coupler/mode/bend + CMT Eqs 2-7,,0.515915654343123,0.18507741871532654,0.43300048782754935,0.10357728799853488,0.38370190103057233,0.24696759122739417,0.48542587538339094,0.034436650521614556
14.79884101134681,407.61149070117733,318.1021469618338,0.4465750830960813,2.2472035855847583,4.396488186627897,1551.182020303797,5.812223992493273,0.05251619962435865,29537.210068496854,0.6423801037228544,0.025938360579278077,0.9869456111765845,0.9979848510415029,0.005317009752280483,0.012204011374356507,136,18,dual-fidelity: 3D FDTD coupler/mode/bend + CMT Eqs 2-7,,0.9806053949236948,0.07576672762325938,0.8427706071878281,0.14750392169998003,0.5861638292710791,0.0273462118697802,0.6615304273344303,0.061423945556279086
10.002069950210403,421.0152163132776,155.60103515727582,2.3943812639508386,2.2880905390625923,4.3659792139731906,1547.5184943194927,8.076189542340671,1.25376463413235,1234.2974527993692,0.04142265486536661,0.3775956629298522,0.7889260656551713,0.9977776208271314,0.01053245094025728,0.008792370792458,100,13,dual-fidelity: 3D FDTD coupler/mode/bend + CMT Eqs 2-7,,0.5003931607742244,0.20993254384494248,0.027868029268347735,0.7984384475936699,0.37126941814345854,0.21472743430930083,0.08474955958509725,0.0009749482050569399
13.337290796066137,441.65110244846556,231.39253794151944,2.760587996519211,2.338226680006039,4.324265441098482,1547.0720177544656,6.177041400332428,0.23746575114375834,6514.926932843846,0.15253064333094765,0.11144320001931914,0.9426329083904724,0.9979114361109033,0.006548166294703059,0.011611839922860152,135,16,dual-fidelity: 3D FDTD coupler/mode/bend + CMT Eqs 2-7,,0.8342873227755331,0.41648933162981083,0.4079435273212738,0.9208205450459244,0.3450800806214,0.057540987515869765,0.38694931647708714,0.012151058116373242
5.308326350003558,401.83733607823024,255.33475232756717,2.0350753160221067,2.234464719215319,4.4049037715212425,1548.5398607284378,14.436418684486398,0.41008490276997667,3776.144525849661,0.29230590893867436,0.08201955769406721,0.9581129590533325,0.9970771571464939,0.020559629392720075,0.004865035338813105,54,7,dual-fidelity: 3D FDTD coupler/mode/bend + CMT Eqs 2-7,,0.030495166466754983,0.01796979933650438,0.5280077656986504,0.6783625133633266,0.43118053490260005,0.7411433560228895,0.2878761846646339,0.026210746829028703
8.483000189781777,443.7250270649279,154.46472124465654,0.4237615993328121,2.3428527258192013,4.320133529843897,1547.0766647412383,10.178588091822121,0.33101800767941825,4673.693360632933,0.2005628460700536,0.09446960856624023,0.9515936062383773,0.9976866000017035,0.013078003543837593,0.007039212095747537,82,10,dual-fidelity: 3D FDTD coupler/mode/bend + CMT Eqs 2-7,,0.3483167172277376,0.43724846957416824,0.022169698183493933,0.13987991660984814,0.34535266268860093,0.3887362703905138,0.3266133521907817,0.016982512492501826
10.23317504496025,426.1860247516391,237.76001835950498,2.216977913190747,2.298982322843255,4.357508005262127,1549.1284631970623,7.979858674180832,0.27187088061395265,5698.030107890708,0.18165349559688657,0.09903604267663163,0.949191212202983,0.9978004315364031,0.010191235576683508,0.00893501581890743,102,13,dual-fidelity: 3D FDTD coupler/mode/bend + CMT Eqs 2-7,,0.5235294523459252,0.26169022336894354,0.43987485474326066,0.7391522787982218,0.46570666667434985,0.20675443496941792,0.36261203537571185,0.015080462224485482
9.410650421831342,419.76145857685583,312.03282740574616,1.3017745817762034,2.2831176738138645,4.369928476681999,1548.8170929886755,8.851500282633651,0.07272406052616527,21297.175677249612,0.7935817499157793,0.02317567987829823,0.9883442315922635,0.9977593583537561,0.01145858907657831,0.008025213251250841,91,11,dual-fidelity: 3D FDTD coupler/mode/bend + CMT Eqs 2-7,,0.4411852291421378,0.19738294122554648,0.8123344821819793,0.4333018032805686,0.44744237215027,0.27889743649700227,0.6021154538022948,0.07663298893795788
13.86699051308219,483.55114159546486,330.06742715744724,1.419133130228859,2.4152714606218457,4.249084011347019,1552.10756522554,6.282361252295914,0.015398056202172949,100798.9284391954,2.6918125793909455,0.005614834818092385,0.9971886306922615,0.9979564959694637,0.006072083120317541,0.011695727849917079,140,16,dual-fidelity: 3D FDTD coupler/mode/bend + CMT Eqs 2-7,,0.8873163878058659,0.8358916019062738,0.9027735054366807,0.4725216865766969,0.6404542674397344,0.06625797643356668,0.8845074330381572,0.2675718825336734
14.407637324227217,474.2716694160813,328.3151965803686,0.6201669062086104,2.399952116099689,4.265087656678093,1550.946897035023,6.127219217785068,0.013940897137127163,111251.58458450765,2.8963962230545235,0.005092464687122578,0.9974505177265073,0.9979813558616576,0.00562183666254187,0.011929604564692605,142,16,dual-fidelity: 3D FDTD coupler/mode/bend + CMT Eqs 2-7,,0.941441383507502,0.7430078772551607,0.893986505775484,0.2055163215924523,0.5723720132441091,0.05341736404864943,0.9024306601460895,0.2881505044601248
8.313475669434789,432.2683785848176,190.64251355560282,2.836352566849201,2.307626648734423,4.350843037681768,1553.83271125027,9.53623872902358,0.6973303157363483,2228.259228353632,0.09281819062698524,0.20165078150005541,0.8935038995437818,0.9975937280276497,0.01339778375202523,0.007528015730493185,86,10,dual-fidelity: 3D FDTD coupler/mode/bend + CMT Eqs 2-7,,0.3313453530284927,0.3225720998108776,0.2035923105597297,0.946140197048286,0.7416475551854284,0.33557105820671934,0.1920564196252925,0.006144712904746155
10.310877946595912,415.9849006868565,164.61731326803738,2.4932925300977313,2.2688973388639204,4.380960985511769,1552.0090144679573,7.848211911960789,1.2306877220200356,1261.090841079091,0.04065973461540337,0.3805177174113224,0.7870719678585165,0.9977977793633338,0.010079012246686253,0.00907032644418796,102,12,dual-fidelity: 3D FDTD coupler/mode/bend + CMT Eqs 2-7,,0.5313084110493489,0.15958113995898054,0.07308241699841675,0.8314934603396599,0.6346734958258202,0.19585845148739922,0.08865062238937402,0.0008982077232526151
5.0727192536276915,427.4895897580077,154.51397594856243,0.283651974635921,2.297460387753519,4.359008916175669,1552.7069666082807,16.901344416097118,0.4400016332355694,3528.866370768646,0.3204297408276017,0.07512703034698329,0.9617031608833448,0.9970709375967706,0.02126162751059379,0.004217218074044606,48,6,supplementary targeted batch (Phase 2.2 step 3); dual-fidelity: 3D FDTD coupler/mode/bend + CMT Eqs 2-7,,0.006908172488910235,0.27473837640779586,0.02241669824855098,0.09305688410196725,0.675613839863956,0.9451574130578914,0.2755732818521149,0.02903966165917525
7.726208749389085,487.63512250961116,195.60641865370332,2.342827196848863,2.421390400509981,4.242591117422285,1552.9238912530654,10.622894316752308,0.19051376967018502,8151.242264228288,0.3922840611918661,0.05215174927092556,0.973574984646316,0.9975292446176045,0.01456725316629877,0.006920011239448008,83,10,dual-fidelity: 3D FDTD coupler/mode/bend + CMT Eqs 2-7,,0.27255314549494947,0.8767705820224863,0.22848505754508472,0.7812096685925737,0.6883381644626632,0.4255100824171671,0.42765348505530065,0.03626733082216006
9.598457105079325,405.03169510467575,286.85104756881844,2.2710974708026974,2.2440793310858247,4.398306699798605,1548.2017799958637,8.366515761288156,0.20621418432501792,7507.736604363329,0.258107689603894,0.07207098245149211,0.9632907232754335,0.9977475462250708,0.011155991838706135,0.00843064034745833,94,12,dual-fidelity: 3D FDTD coupler/mode/bend + CMT Eqs 2-7,,0.4599868491905521,0.049944027882429375,0.6860541319872455,0.7572384153563531,0.41134945952566265,0.23875681135361604,0.4127148699315763,0.022770822631542165
6.775059363963383,478.56997280878574,272.10455341800485,2.0179210011190003,2.402682528372972,4.262466031601885,1555.2295524126243,12.103305034161849,0.06502710816898917,23916.634096213722,1.4736333783922437,0.014060000325316058,0.9929451141300227,0.9973853389576113,0.016681776036754744,0.006058623408911086,72,8,dual-fidelity: 3D FDTD coupler/mode/bend + CMT Eqs 2-7,,0.17733209667612956,0.7860321378032888,0.6121041388744263,0.6726297377164271,0.8235831986908937,0.5480389654028051,0.6231873568036239,0.14503789708348722
9.646970353711627,405.7630727158659,286.15280054747586,2.15171053353054,2.244016195298952,4.398531710797526,1549.7348550976649,8.374172672269196,0.19658283072756452,7883.368294993035,0.27021824391552435,0.06867364832910719,0.9650525123903325,0.9977553886988783,0.011079133762728021,0.008439226048798874,94,12,dual-fidelity: 3D FDTD coupler/mode/bend + CMT Eqs 2-7,,0.46484358619439137,0.0572648189080984,0.6825525971891266,0.7173406677390576,0.5012762875671313,0.2393905495038431,0.4215834772248833,0.023988996841542144
5.01400869598873,480.83752903300814,211.7576736165916,0.9997751071205839,2.4098322671138614,4.2548640210259805,1552.650109246698,16.77137989766129,0.11194732815620566,13869.46999824961,1.338492954976345,0.017668060563392127,0.9911266011144125,0.9970345646343944,0.021440256525149196,0.00435545447778327,52,6,supplementary targeted batch (Phase 2.2 step 3); dual-fidelity: 3D FDTD coupler/mode/bend + CMT Eqs 2-7,,0.0010305669720675132,0.8087294490177703,0.309479576042424,0.33237703633644033,0.6722787115509827,0.9344006635393705,0.524206558328327,0.13144441702488835
5.691860843162904,495.2255420240482,236.9094259668576,2.610219153000802,2.430267470262385,4.233259344928765,1556.2618256286546,13.866040610182154,0.10943227240581528,14221.232835753068,1.070168694405446,0.021536067456781743,0.9891733581851152,0.9971495603501102,0.019466108756346346,0.005327849114415565,64,8,dual-fidelity: 3D FDTD coupler/mode/bend + CMT Eqs 2-7,,0.06889140291123537,0.9527475796939465,0.43560934587486166,0.8705689990620807,0.8841340848677713,0.6939349783057316,0.528756300643955,0.10445426564669098
7.805887968229511,423.9332603111901,269.1086508803292,2.6407396183816907,2.287556130970944,4.366905217939373,1553.4599194036714,10.119102307732192,0.2273570673216133,6832.68806069788,0.3114568663696537,0.06547618826217186,0.9667077178433139,0.9975317628707361,0.014402785409616441,0.007062551577670286,80,10,dual-fidelity: 3D FDTD coupler/mode/bend + CMT Eqs 2-7,,0.2805299563969025,0.23914097186567743,0.5970804342730469,0.8807685891742988,0.7197804018770564,0.3838128213825129,0.3956001092923885,0.028137099813286607
5.4733155642929425,488.2439347159271,171.02296742467323,2.07698268128335,2.4202662583292414,4.243914977030631,1554.7718358978304,14.671973425527085,0.29668025076303245,5240.563980578789,0.40751612109312707,0.0583868558840803,0.9703675304315987,0.9971152787323373,0.02008188377522325,0.00501069676869963,60,6,dual-fidelity: 3D FDTD coupler/mode/bend + CMT Eqs 2-7,,0.047012494101253514,0.8828645434291835,0.10520517620625111,0.692367475050947,0.7967345503309713,0.7606394721765137,0.34740909570182477,0.037799490462373346
11.467205126264298,427.5144524636582,309.52202210622545,1.9874078301268192,2.302396348171216,4.354752475568014,1549.0316927481067,7.220731116349498,0.07746321842300954,19996.996307191712,0.5671314656054778,0.030962797100815842,0.9843968726581694,0.9978802886458213,0.008547819367638135,0.009883300755121551,113,13,dual-fidelity: 3D FDTD coupler/mode/bend + CMT Eqs 2-7,,0.6470701289381238,0.27498724193172647,0.7997434193362424,0.662432585305404,0.460030324065629,0.1439238632835761,0.5906725873043374,0.05385484938335011
11.804117420000308,445.83139036348945,322.1975394628223,0.43663704611447474,2.3393205118739466,4.323612515540411,1553.4895733795154,7.4104216793805335,0.024553443557034996,63269.72303379471,1.9246771365827977,0.008274644130155237,0.9958540836236225,0.9979410299498154,0.008147128171825382,0.009755295059873676,113,14,dual-fidelity: 3D FDTD coupler/mode/bend + CMT Eqs 2-7,,0.6807989442652121,0.4583323054709424,0.8633079799453851,0.14418274351781754,0.7215198391579403,0.15962394740737923,0.7999070353036395,0.19040740368662742
5.765133416691619,477.85092930056453,348.012434709005,0.43928481584287177,2.414297157650386,4.2498579381318535,1544.3997178278382,15.013842817139675,0.020090043014707373,76873.88805973314,9.489893971004134,0.001398246875806013,0.9993006320043003,0.9972307039907936,0.01926391091690683,0.004823256257218434,58,7,dual-fidelity: 3D FDTD coupler/mode/bend + CMT Eqs 2-7,,0.076226834556324,0.7788348061082628,0.9927632461354196,0.14506759784766338,0.18832881925480738,0.7889349135622452,0.8352859969165287,0.9513760434044186
11.477929794584753,422.96979284312164,165.92117484456438,1.5827501711007927,2.2876594201542706,4.366654042195412,1551.55780966302,7.295442070051422,0.698381179689002,2221.6489429940657,0.062278836110386045,0.2556791963015268,0.8627402875132661,0.9978928691709862,0.00853476581653647,0.009786849823968791,111,14,dual-fidelity: 3D FDTD coupler/mode/bend + CMT Eqs 2-7,,0.6481437922147399,0.22949705621137972,0.0796209578623089,0.5272006284421362,0.6082068101054577,0.1501074511191916,0.19151672732009026,0.003072825928735446
10.851116345469372,479.90703333790805,230.58003378856466,2.450677791131134,2.4141505552763793,4.2500922717264675,1547.6172687221629,7.681949101955297,0.11097468781095811,13945.678057310512,0.4270099838188665,0.04212273302864641,0.9787120449710188,0.9978341523909383,0.009332194122293129,0.009500520948179518,114,13,dual-fidelity: 3D FDTD coupler/mode/bend + CMT Eqs 2-7,,0.5853925199613333,0.7994155673376525,0.4038690214827571,0.817252102458183,0.377063308288426,0.18209740791182064,0.5252019576926094,0.03976033554136122
8.364263593312042,414.5502001709207,258.2839123405594,2.326869794165374,2.2717072537759218,4.378397980345749,1547.1396724771366,9.50891971226747,0.2814327829425827,5497.368346006729,0.22741219206175403,0.08612989304572889,0.9559655364887748,0.9976152740919745,0.013301168857920358,0.007437034501416794,84,11,dual-fidelity: 3D FDTD coupler/mode/bend + CMT Eqs 2-7,,0.33642981131971894,0.14522037405517593,0.5427970681876998,0.7758768873064431,0.3490485584896286,0.3333099501452691,0.3560995265240826,0.019683229569592644
10.187106798638975,459.27421915902977,228.2828077251808,0.5987700528353248,2.3743497512637175,4.290687858428733,1548.1952269891044,8.530550466078694,0.08194955690036375,18892.051226969263,0.647051392648572,0.027506006415258712,0.9861511007876741,0.9978453765852467,0.010258359313042609,0.008476652582521284,100,11,dual-fidelity: 3D FDTD coupler/mode/bend + CMT Eqs 2-7,,0.5189174883377771,0.5928895285801524,0.39234900527901057,0.19836573816014982,0.41096507450022834,0.2523334417525321,0.5803471835975396,0.06189382030770173
11.903939841793001,402.4132261046224,304.27937856853225,0.14876228529217894,2.2317022846832617,4.4071675489202935,1551.6981450975225,7.247866751594756,0.06369007331207771,24363.265174688848,0.6724623794476228,0.02513031410188416,0.9873548935910106,0.9979534823692534,0.008032056425888189,0.009761983982671418,108,14,dual-fidelity: 3D FDTD coupler/mode/bend + CMT Eqs 2-7,,0.6907923226391893,0.02373422317513349,0.7734528685422432,0.04797829422790462,0.6164385793591654,0.14616979344106995,0.6265483816368543,0.06444985597483267
5.192414526832098,404.3806469689241,240.35024218791068,0.6922767328190598,2.2365153594649905,4.403995608458132,1552.2994081732318,15.953921576111497,0.2493680945700179,6224.93190578306,0.5364634461858543,0.04473849761986947,0.9773748013838552,0.9970887958784329,0.020902046940941145,0.004421229296824003,49,6,supplementary targeted batch (Phase 2.2 step 3); dual-fidelity: 3D FDTD coupler/mode/bend + CMT Eqs 2-7,,0.018891053020423865,0.04342730208092018,0.45286418171903503,0.22961460008561888,0.6517073546158185,0.8667422402052858,0.3786779415268836,0.05077002028573512
7.174003811004871,402.3928435499938,203.013322328631,2.682189280379932,2.2385647981113186,4.401912639202452,1546.755479309014,10.714546945160919,1.0436136139507732,1482.1150841962606,0.07478397128365906,0.25872399631443177,0.86097386933958,0.9974339514126705,0.015759863820675037,0.0065571966069630835,73,9,dual-fidelity: 3D FDTD coupler/mode/bend + CMT Eqs 2-7,,0.21727104764410246,0.02353020213221077,0.26562883356034855,0.8946205916715076,0.32651262862951574,0.4330958787435106,0.11798660796394324,0.004330690165883984
5.2571733968295264,472.5107864962341,174.67130160064275,0.8835735472627152,2.4010672685842733,4.2638198286776205,1547.307407228815,16.006998520310617,0.2084239394948169,7423.846852617875,0.6453913633534342,0.036968349322263575,0.9813417603861239,0.9970990550135294,0.020710044382268453,0.004523862426041414,54,7,supplementary targeted batch (Phase 2.2 step 3); dual-fidelity: 3D FDTD coupler/mode/bend + CMT Eqs 2-7,,0.0253741645231631,0.7253821587759014,0.12350066287765935,0.2935438053827342,0.3588875116844452,0.8711352499346324,0.4106736755684649,0.06172684158623731
8.623421367149595,473.7581391699209,256.6451357167716,2.526986305760074,2.403263656346936,4.261542392755132,1547.4020931648495,9.440740632639972,0.09383029232928103,16491.49815855323,0.6868324683746172,0.028304081922171254,0.985746376142377,0.9976403753670399,0.012818909510881276,0.007700748515617689,92,11,dual-fidelity: 3D FDTD coupler/mode/bend + CMT Eqs 2-7,,0.36237450035856805,0.7378676493346167,0.5345790118277838,0.8427535344178265,0.36444158133029175,0.3276669847360723,0.5556609794559548,0.06589531183720057
14.586664500735218,460.26693230030537,331.97455480762164,1.028433863369913,2.377574962817341,4.287508941302634,1547.2000351768256,5.940384875091013,0.019300129220944158,80165.26819405082,1.9362530751842595,0.00810987556026599,0.9959368074530301,0.9979686285358175,0.0054802277961655205,0.012181985893807264,144,17,dual-fidelity: 3D FDTD coupler/mode/bend + CMT Eqs 2-7,,0.9593640734396771,0.6028261814726137,0.9123372753167157,0.34195446457094436,0.35258930225924145,0.03795368019089098,0.8429017076886794,0.19157180206988736
5.404724551255028,442.46247218603065,206.00601362339003,0.8604812180766992,2.340680806533794,4.322059388638322,1546.5765954924489,15.388736908853161,0.21766540267654313,7105.293613384691,0.5846037931036037,0.04037345390171271,0.979605301179147,0.9971353760588623,0.020279133842688694,0.00463838028237373,54,7,dual-fidelity: 3D FDTD coupler/mode/bend + CMT Eqs 2-7,,0.04014574078038335,0.42461081115336363,0.2806364345787922,0.28582661334472353,0.3160196957048666,0.8199637042588889,0.40270679227501444,0.05561235264861767
5.131553573843515,495.26172030979336,182.9069552347865,0.49577264522184844,2.432323422509934,4.230877275296063,1554.5375325685568,17.044230111840534,0.09971041785911827,15590.522695080634,1.5193629656331822,0.015184653656559185,0.9923786305354629,0.9970794672032874,0.021084114887896216,0.004320426150120882,52,6,supplementary targeted batch (Phase 2.2 step 3); dual-fidelity: 3D FDTD coupler/mode/bend + CMT Eqs 2-7,,0.012798168070398883,0.9531097095507469,0.16480041340113502,0.16394518371682418,0.7829908301594155,0.9569836072945163,0.5454552933366225,0.14963773639533093
5.297457365162458,404.90812063190975,312.9091085139403,1.408189726637,2.236986637058517,4.403771049738234,1553.040264824702,15.051905153379948,0.12818657675238695,12115.467189865361,1.009047891455047,0.023354879991321947,0.988253570703733,0.9970932282232208,0.020591497915039413,0.004693167145611496,52,7,dual-fidelity: 3D FDTD coupler/mode/bend + CMT Eqs 2-7,,0.02940705543811551,0.048707097906196,0.8167288135568217,0.46886452638347687,0.6951643833170686,0.7920852119817982,0.49964554583466614,0.09830625755946713
12.480484578068497,498.38598202577964,293.60806375616517,2.6802157124895745,2.4424424063841763,4.219401677687115,1550.166917963064,6.775573160249451,0.029455142891444533,52628.056284640246,1.4597061203279051,0.011440519785573491,0.9942632851586276,0.9978965444969311,0.007398533077088072,0.010891091737809474,132,15,dual-fidelity: 3D FDTD coupler/mode/bend + CMT Eqs 2-7,,0.7485111156283175,0.9843822926627921,0.7199388842142641,0.8939610478772348,0.5266201490349736,0.10707955617902327,0.7664539441690957,0.14363698461049676
12.309527496611436,492.7237748651696,246.00256273359167,1.1428653590325712,2.433290115135457,4.229500908354131,1550.0792502197396,7.1094932871405945,0.04041428997264404,38354.731736446935,1.0711093135764536,0.015608419014562107,0.9921650976452648,0.9979375481540603,0.007580987682095113,0.01035174049300264,125,14,dual-fidelity: 3D FDTD coupler/mode/bend + CMT Eqs 2-7,,0.7313963355014713,0.9277059127290144,0.4812091606102717,0.38019616033545356,0.5214777512036803,0.13471706222598584,0.7089835658724529,0.10454888047488696
5.053441271390172,474.372496895937,274.98701064415803,0.809835195032407,2.407351447993579,4.257216143927936,1544.935306951923,16.660829190846925,0.04885378897688033,31623.653749416477,3.3929064751612668,0.006162235433604104,0.9969141209584685,0.9970503268589548,0.02132011675937888,0.004338279183830601,52,6,dual-fidelity: 3D FDTD coupler/mode/bend + CMT Eqs 2-7,,0.00497822361243001,0.7440171191274505,0.6265589435108396,0.26890129227182796,0.21974530433493183,0.9252507334152901,0.673929190398893,0.338093386392141
8.39149737614864,473.60354187955636,321.10690000056616,1.0348575795077006,2.4018459987964142,4.263040716499648,1548.3443202394208,10.21091540081602,0.02330178687819064,66447.45007468063,3.4634220372091207,0.004775878019429574,0.9976092030352218,0.9976572197193432,0.013249648767330013,0.007123356263148917,85,9,dual-fidelity: 3D FDTD coupler/mode/bend + CMT Eqs 2-7,,0.33915622780564686,0.7363201936310549,0.8578386948463257,0.34410119696132596,0.4197105580499843,0.39141189885927086,0.8088089363110909,0.34518639277978874
6.639001375228393,413.07956026329185,339.6512799269784,2.8349305797162545,2.260580213087011,4.387102092613754,1552.394065562576,11.523634718037783,0.11441575397435662,13568.009750742067,0.781463086955656,0.027938111287940017,0.9859319899019708,0.9973362074993861,0.01700836732410032,0.006159911817099639,69,9,dual-fidelity: 3D FDTD coupler/mode/bend + CMT Eqs 2-7,,0.1637111191661389,0.13049986952641424,0.950834138632131,0.9456649852282858,0.6572597497753383,0.5000614984070939,0.5202146546040696,0.07541399909671445
5.248211387259991,464.72452886966744,269.56598053293493,0.6766405524242322,2.3874111414604386,4.277726937168127,1546.3561868139006,16.151487929296536,0.055420012756787325,27902.487023959,2.7494832129152273,0.007760695672970484,0.9961120942579854,0.9971030334893931,0.020736510185019468,0.004462739551692895,53,6,supplementary targeted batch (Phase 2.2 step 3); dual-fidelity: 3D FDTD coupler/mode/bend + CMT Eqs 2-7,,0.024476963763943184,0.6474449016272202,0.5993738285072701,0.22438916761079797,0.30309100531561844,0.8830941784117775,0.6511879140715271,0.27337284561313985
5.436982024512853,469.94603658714027,159.60544442610117,0.05516695434801101,2.3947613113370547,4.270337356009391,1548.5475272069648,16.2522488207685,0.15522324317887765,9976.26061338272,0.8702480371300312,0.026563378997626716,0.986628917578627,0.9971670655388614,0.020186129496164378,0.004455346932466911,53,7,supplementary targeted batch (Phase 2.2 step 3); dual-fidelity: 3D FDTD coupler/mode/bend + CMT Eqs 2-7,,0.043375086751605674,0.6997100602179136,0.04794914379102951,0.016699806166392557,0.43163023374342563,0.8914338366805993,0.4643546453128543,0.0843446833375415
9.373848644100116,449.9618589771597,151.59221783584516,1.7321991801558267,2.356576506260497,4.307575551167676,1546.956698673385,8.868414114948791,0.5868122633630107,2636.2037661036657,0.09603661329328711,0.1844940585505938,0.9030536758407034,0.9977430352002322,0.011518839558078087,0.008107063436244084,95,11,dual-fidelity: 3D FDTD coupler/mode/bend + CMT Eqs 2-7,,0.43750094576072557,0.4996766084631518,0.007764809460404999,0.5771447762791814,0.33831571587368053,0.28029734056160327,0.222596079375047,0.006468447012044876
14.425249775559957,468.8396594042512,272.5508867922381,2.8138723445470597,2.387420098825687,4.277925024971643,1552.8596906139305,5.838555533813633,0.07006148942717745,22164.240345303922,0.49612086254317467,0.034875711101382226,0.9824073945663366,0.9979157912717621,0.005607744604154629,0.01251435407706745,148,17,dual-fidelity: 3D FDTD coupler/mode/bend + CMT Eqs 2-7,,0.9432045934867874,0.6886356767153632,0.6143423895130533,0.9386275641230697,0.6845722955702287,0.029525589732512424,0.609364518787526,0.04671204790117764
8.81627921588484,421.59281651302666,218.75597378395338,2.2395997412222433,2.282367739099705,4.370872013156962,1552.8793209032367,9.170961397942165,0.4317097492517195,3597.044828370995,0.1392138553925679,0.13462293894638314,0.9302564490792938,0.9976707777290292,0.012471408898069703,0.007783557017039034,88,10,dual-fidelity: 3D FDTD coupler/mode/bend + CMT Eqs 2-7,,0.38168180046400024,0.21571408582004672,0.34457430729753336,0.7467122347369942,0.6857237653506504,0.3053382161777871,0.27904941790436244,0.010811551500148902
14.488048757589077,420.04314302852964,302.8175102407409,2.554388343348917,2.2856477181726405,4.367867913947937,1547.4780178640872,5.68583438265523,0.10993790563356409,14075.927760730794,0.30354602199701775,0.05679127448561683,0.9711893355645866,0.9979233889881163,0.005557784846803878,0.01249818333011079,142,17,dual-fidelity: 3D FDTD coupler/mode/bend + CMT Eqs 2-7,,0.9494914975474895,0.20020248748227204,0.7661219631984767,0.8519109816637261,0.3688951579126963,0.01688534615709174,0.5268907008367064,0.027341365254314857
14.102093511933996,400.7409786725655,175.9707127650886,1.1377562951935556,2.2316974388899102,4.406722338800101,1548.2457089053694,5.966570379558334,0.7345942191344405,2107.6203277635923,0.047118750570607985,0.3153506563359847,0.827435401505166,0.9979658235146234,0.005872022107240293,0.011814605314855639,131,17,dual-fidelity: 3D FDTD coupler/mode/bend + CMT Eqs 2-7,,0.9108529157941578,0.00699570970959466,0.13001688603407574,0.3784887696923297,0.41392623315307603,0.04012097104812725,0.18194530544572543,0.0015479060323591145
13.914898337067022,434.3963975093164,347.9005818676387,1.280209351011969,2.3212231134231436,4.339042058827221,1547.315351347472,6.112300207333192,0.028124973808455914,55015.70817044686,1.3267297430639209,0.012292714375238576,0.9938346369616836,0.9979608965476496,0.006030770396576626,0.011698739452969545,135,16,dual-fidelity: 3D FDTD coupler/mode/bend + CMT Eqs 2-7,,0.8921125148037522,0.3438726996741594,0.9922023320114189,0.4260949500519045,0.35935349628726426,0.052182565040224116,0.7745138527821361,0.1302611812282644
12.132872503062387,422.1552607248208,292.33078723541905,0.7665970426426494,2.2897902323276145,4.364727307917496,1548.4214704784706,7.037953855027354,0.06768745968046942,22876.046431467024,0.6154473924378271,0.027653488278727167,0.9860763214484327,0.997943161794193,0.0077742516390375,0.010109616442953313,115,15,dual-fidelity: 3D FDTD coupler/mode/bend + CMT Eqs 2-7,,0.713711128506049,0.22134392254890337,0.7135336607797077,0.2544515967615719,0.4242360221138402,0.12879597113742589,0.6151066545684134,0.058714842946393765
7.958095804953336,489.78069924638413,232.09165228566735,1.2476133677859886,2.4252997494879613,4.238366080232712,1552.706990209184,10.778296735913045,0.06533700766273341,23764.586805446997,1.1810773386785685,0.016398934650206434,0.991766638554551,0.9975945758411899,0.014093753450096742,0.006824664258149697,82,9,dual-fidelity: 3D FDTD coupler/mode/bend + CMT Eqs 2-7,,0.29576772038368104,0.8982469284119953,0.4114494115271113,0.41520174563773066,0.6756152242412521,0.43837224601076086,0.6220288207900105,0.11561032396103511
8.71026651316254,403.8187809448149,165.62785332762704,2.2335512765028867,2.231984581993454,4.4073394750319395,1554.3887539834693,9.216432679993432,1.4922842375413785,1041.6170826439952,0.04199546636977553,0.38945537885049963,0.7813735477666878,0.9976590997500399,0.012661245213008598,0.007695391746916512,85,11,dual-fidelity: 3D FDTD coupler/mode/bend + CMT Eqs 2-7,,0.37106870340899123,0.03780325277452474,0.07815002355510875,0.7446909070745308,0.7742638041828691,0.3091017294597065,0.053917744142193455,0.001032566063323933
9.96357270269209,420.98102318627895,194.77872226339753,2.829104573648828,2.2888223952841273,4.365361711070811,1546.9081567264273,7.99707151374264,0.7546325859931841,2049.8825328229323,0.06713620348358434,0.25238040833990566,0.8646499821662488,0.9977615935753903,0.01059039010291172,0.008873953758782867,101,12,dual-fidelity: 3D FDTD coupler/mode/bend + CMT Eqs 2-7,,0.4965391412674033,0.2095902846160004,0.22433436642239224,0.9437180007004465,0.33546835157186344,0.20817908691209622,0.17689947901706937,0.003561417904813951
13.239980702921265,405.9047071209374,179.59600401515405,0.9767442416233363,2.2416606408824555,4.400399701898841,1551.7165096844362,6.405176055412994,0.585318577962656,2651.0631442548156,0.06295209791745035,0.24584306818167928,0.8684220931196539,0.9979633497828831,0.006639601514803683,0.011068556291413768,123,16,dual-fidelity: 3D FDTD coupler/mode/bend + CMT Eqs 2-7,,0.8245454575418562,0.0586825214268918,0.14819681817472719,0.32468038475953986,0.6175158058091335,0.07642296677244298,0.2236171300368443,0.003140547863573399
12.851142948291416,490.97840752095686,341.29374144903625,1.9656621901692755,2.432198405997516,4.23061178369004,1548.5137378468619,6.671726938719075,0.014356018436579543,107865.12602277,3.1979777847290154,0.0046517081663225235,0.9976714348089142,0.9979268373727191,0.007017886810643239,0.011008066801356005,133,15,dual-fidelity: 3D FDTD coupler/mode/bend + CMT Eqs 2-7,,0.7856183033181926,0.9102354988217364,0.9590706738385376,0.6551654413897774,0.42964822387839363,0.098484534961762,0.8968152485362803,0.31848593512580237
11.386407956027323,432.7989065278889,177.2809621295749,1.16102626611558,2.3112771204893194,4.347689498025349,1552.021823752155,7.471988010079258,0.39661399443862067,3913.179679776386,0.11106305003097991,0.15095005077524895,0.921439064303631,0.997901182936509,0.008646805728361273,0.009602445281402321,110,14,dual-fidelity: 3D FDTD coupler/mode/bend + CMT Eqs 2-7,,0.6389813981777983,0.3278824677317426,0.13658746006264869,0.38626532756475657,0.6354248603845549,0.16471959663588465,0.29435158392686794,0.00797992346729471
12.142632943115178,469.41135971132763,198.81578856054097,1.5524891012244508,2.3960103942744957,4.26901306821845,1546.6810274578331,7.032817174349475,0.15776173677074776,9803.904667361772,0.2616411693935202,0.06584647298782983,0.9665161804192262,0.9979200113668459,0.007763446078770414,0.010321920843143652,123,14,dual-fidelity: 3D FDTD coupler/mode/bend + CMT Eqs 2-7,,0.7146882613865417,0.6943581631756837,0.24457924780345466,0.5170877253378098,0.3221454460885953,0.12837082442758868,0.46118884080086225,0.023126247646823677
11.358772420675885,406.8168887327875,337.9693431366751,0.7374621950755268,2.2509492980596764,4.393371272526812,1546.8735159413739,7.447650598816381,0.048402988431482774,31958.223367366307,0.9417740474600973,0.018082010799626392,0.9909177509765246,0.9979125086726152,0.008680925043543211,0.009469745528274004,106,13,dual-fidelity: 3D FDTD coupler/mode/bend + CMT Eqs 2-7,,0.6362147616208544,0.06781308661734863,0.942399644793318,0.24471506425926337,0.3334363989838536,0.16270526657076567,0.6758409527781303,0.0915393285111817
7.509961058536189,494.0554743294464,255.1331281546565,0.8035020212655388,2.439993601820477,4.221877012132408,1546.1789806066124,11.539588644554897,0.03692542722056609,41873.01534443583,2.4536340601099775,0.007507638059043656,0.9962391088192414,0.9975431374484945,0.015023142230792152,0.006343152532992148,77,9,dual-fidelity: 3D FDTD coupler/mode/bend + CMT Eqs 2-7,,0.25090425180571607,0.9410356801949625,0.5269966707193533,0.26678481810521987,0.2926964772771891,0.501381954124138,0.724926256996929,0.24361402543662702
5.069804062369231,496.3077417355067,213.57251691257176,0.15167320472241017,2.4472124562462914,4.213638159703363,1543.0809277572187,17.422204517599766,0.052492215431609916,29396.37649257992,3.251215991470264,0.006433508611860917,0.9967780552300192,0.9970741358560661,0.021270461869887406,0.004180522424572332,51,6,supplementary targeted batch (Phase 2.2 step 3); dual-fidelity: 3D FDTD coupler/mode/bend + CMT Eqs 2-7,,0.006616328144171667,0.9635799565871009,0.3185805628848576,0.04895109017539504,0.1109714818588315,0.988267345780197,0.6606622250807161,0.32384105007512837
5.555517839124288,450.2734786543887,228.52145299757967,0.07072469210402309,2.3490944712212802,4.314760605092898,1553.4073057733497,15.829669067447412,0.08198964009266353,18946.385226447033,1.6610838604608187,0.013243467137319161,0.9933561963679901,0.9971943024517228,0.019848017071029907,0.004556213667819823,53,6,dual-fidelity: 3D FDTD coupler/mode/bend + CMT Eqs 2-7,,0.05524189207455962,0.502795794095274,0.39354575184601276,0.02189902400938349,0.716694201546087,0.8564582555544492,0.5808688772324214,0.16389313170216271
12.701326969594987,468.62921561055987,343.4339961641682,0.22207230737889633,2.3924997633077494,4.272635308082635,1548.3512859430032,6.967740362370023,0.011747737841359364,131799.9521994644,4.207263741643214,0.003246612046062704,0.9983753742725916,0.9979755830594736,0.00716932308912515,0.010432361629534108,124,15,dual-fidelity: 3D FDTD coupler/mode/bend + CMT Eqs 2-7,,0.770619991969963,0.6865292203340195,0.9698035178504789,0.072477664308624,0.42011915096725705,0.12298462383721374,0.9332195221673495,0.42000780535492105
5.1329044159605175,451.4531594680384,180.42150313255806,0.5873101559465441,2.35999942362367,4.304368960535463,1546.7533362510842,16.489470379111935,0.23361116585245817,6621.059103090849,0.5962557773437455,0.0403641099290641,0.979610070421357,0.9970770743591152,0.021080056631739806,0.004345329289783746,51,6,dual-fidelity: 3D FDTD coupler/mode/bend + CMT Eqs 2-7,,0.012933402982117852,0.5146039169877245,0.1523364905214115,0.19453597182024865,0.3263869215446479,0.9110679099969522,0.38988473861190837,0.05678440029659656
5.357160925779957,417.89087131484627,199.60519503581978,0.5305848499887779,2.2766783922023945,4.3749374891200254,1549.9807073563388,15.686940419585198,0.31273706901729986,4956.178403240703,0.4111505950992503,0.057511404181539015,0.9708185184773007,0.9971338499785231,0.020417050994150317,0.004513756587214521,51,7,supplementary targeted batch (Phase 2.2 step 3); dual-fidelity: 3D FDTD coupler/mode/bend + CMT Eqs 2-7,,0.03538407203227733,0.1786591271096537,0.2485379245447235,0.1755790239972422,0.5156974426451859,0.8446450596710736,0.33727382132804323,0.0381650742653313
14.75487710957295,482.71925526235896,212.72894369208944,2.293768975923303,2.4185385514832496,4.245421056166742,1548.105970157983,5.785602389807082,0.11846691160586982,13067.834293751244,0.2854252944693595,0.06016416260306441,0.9694513073883265,0.9979299574667407,0.005350425108975925,0.012648371452074252,152,17,dual-fidelity: 3D FDTD coupler/mode/bend + CMT Eqs 2-7,,0.9762041001310784,0.8275647596450402,0.3143502534155805,0.7648149728095703,0.4057294642588533,0.02514282655105308,0.5133915234847749,0.02551864084611571
7.933064945756439,433.99600535343825,253.39434153887237,2.4913239771105746,2.3174276720669087,4.342378605112879,1549.4989813100192,10.032712998814077,0.22203777534918936,6978.537678434168,0.3133491581215023,0.06451851352087341,0.967202918977774,0.9975540015604398,0.014144114931876707,0.007127583458098926,82,10,dual-fidelity: 3D FDTD coupler/mode/bend + CMT Eqs 2-7,,0.29326184202000216,0.3398649378057984,0.5182770891736064,0.830835592468623,0.48744044774677087,0.3766626532574401,0.3994368810427973,0.028327441308034204
13.417529324127193,481.0140821521303,198.1405340947787,2.789369422290747,2.4136992720499006,4.250643580922319,1549.656343244397,6.266021515967395,0.19009721414900366,8151.915061888975,0.1935367533016062,0.08867208448362633,0.9546349645369028,0.997911599622885,0.006473719944330275,0.011684863053836534,140,16,dual-fidelity: 3D FDTD coupler/mode/bend + CMT Eqs 2-7,,0.8423201269961156,0.8104966735954,0.24119301494147202,0.9304389680303499,0.4966709541951781,0.06490558846645136,0.4276684780884444,0.01627577316518876
7.787595264459048,408.65801894389443,215.9577558011124,0.1556142344726244,2.258841650700174,4.387564313690273,1544.863612711386,10.98277778099532,0.21325770248625747,7244.116365789594,0.35083375397881783,0.05656937623827742,0.9713035693137972,0.997603369161647,0.014440378830934977,0.006401477239671238,72,9,dual-fidelity: 3D FDTD coupler/mode/bend + CMT Eqs 2-7,,0.27869864528484634,0.08624204769072102,0.33054194147261345,0.050268137198452995,0.21553987719521783,0.4552964912563699,0.40622172408553386,0.032097934942813725
8.145865917556101,459.3176087638949,284.148655647693,1.755090685263507,2.3759486756718955,4.289095388295231,1546.9735758381412,10.149634014844196,0.06381947387799826,24239.835928378903,1.1305162764582943,0.01710600796775573,0.9914101028495949,0.9976045447854532,0.01372163857206199,0.007109981634336161,84,10,dual-fidelity: 3D FDTD coupler/mode/bend + CMT Eqs 2-7,,0.3145656792877504,0.5933238407945871,0.6725023099804981,0.5847948552093766,0.3393056933973312,0.38633983359884205,0.6256257427009423,0.11052449713246522
5.898161918761215,478.18342470531576,227.59100715150024,0.5613802801909383,2.4025080049992447,4.26262240784178,1554.789361721861,14.744916956546831,0.06915306107077993,22483.30497084568,1.8073244859772184,0.01180875624385904,0.9940780873533733,0.9972561163342085,0.018902167590261133,0.004963660632802106,59,6,dual-fidelity: 3D FDTD coupler/mode/bend + CMT Eqs 2-7,,0.08954452543008103,0.7821629492424476,0.38887979780936266,0.18587050420475382,0.7977625767871006,0.7666767760623686,0.6119608805890492,0.17860315684834951
6.8840992410464175,484.59049508024356,311.67676685999515,1.5954861260877218,2.4266891087383775,4.236476748277381,1543.9408371399559,12.042638789319199,0.030027091134634455,51418.26193610584,3.5060782614826653,0.005186946327334272,0.9974031550344453,0.9974172585726966,0.016424571174557208,0.006037855649368977,73,8,dual-fidelity: 3D FDTD coupler/mode/bend + CMT Eqs 2-7,,0.18824824887894545,0.8462951055785886,0.8105489272808112,0.5314568387892982,0.16141188305105209,0.5430178134156658,0.7622293873548822,0.3494770892226514
6.835560571136041,406.4064062500564,347.42920312477054,2.246033352978531,2.2498115285767306,4.394168296829368,1546.8647784911873,11.409523135449945,0.09494208275397718,16292.720083880698,0.9210234390679951,0.02309924299743894,0.9883828999950176,0.9973892979097857,0.016538571487442963,0.006167350858871168,69,9,dual-fidelity: 3D FDTD coupler/mode/bend + CMT Eqs 2-7,,0.1833889669112996,0.06370432470039313,0.9898384850907792,0.7488622741297871,0.3329238792909007,0.4906168459293833,0.5534581254398457,0.08945207013021787
10.865830874632813,499.9462562426646,210.9025769160167,2.1506781388274288,2.4407684449964298,4.221561521062433,1553.8142850224874,7.850474099480834,0.09482779621166225,16385.641627210924,0.5107441490149758,0.03501348723847031,0.9823372703718055,0.9978439779562782,0.009312646399244139,0.00943454007332799,114,13,dual-fidelity: 3D FDTD coupler/mode/bend + CMT Eqs 2-7,,0.586865614431337,1.0,0.3051914791923113,0.7169956532488015,0.7405667130170894,0.19604568554797147,0.5544912056848593,0.0481829723516202
14.906692839332539,499.21212363802175,232.7253878824884,0.9613047662681079,2.4459203549615434,4.215387957108758,1548.2857745511556,5.932315169589174,0.03853075718870093,40183.113115804204,0.9146416587118167,0.018145232284124964,0.9908858499927603,0.9979686700034238,0.005235916789067514,0.012425935984705047,151,17,dual-fidelity: 3D FDTD coupler/mode/bend + CMT Eqs 2-7,,0.9914026096779595,0.9926516326156406,0.41462743760849546,0.3195206888569462,0.41627639619124057,0.037285776352087664,0.7174430335286253,0.0888101407813428
14.342918424461574,471.4824819432144,244.92846347369482,2.94756478522174,2.3929648694865966,4.272304430430598,1552.4253504371343,5.858148024682123,0.10793630811626047,14382.790902621797,0.3205866070595821,0.05409152648151486,0.9725782608708079,0.9979119206192067,0.0056739243210331665,0.012481864704022459,148,17,dual-fidelity: 3D FDTD coupler/mode/bend + CMT Eqs 2-7,,0.9349622734870224,0.7150892503955764,0.47582282050397096,0.9833060471988108,0.6590948520031342,0.031147197839499867,0.5308083267610266,0.02905544049087042
6.890584611432619,407.78793446625565,269.6207755835153,0.8006988130630506,2.246757427701445,4.3968812598659595,1551.860160018571,12.122633871625112,0.1497815231734448,10360.825067999473,0.5969434885099355,0.03536429545312091,0.9821586962130301,0.9974421222397528,0.01640939894359399,0.005836508289892448,65,8,dual-fidelity: 3D FDTD coupler/mode/bend + CMT Eqs 2-7,,0.18889750942583233,0.07753285761159552,0.5996486120301598,0.2658480180168932,0.6259420198156442,0.5496387517566412,0.4712254711578345,0.05685357566091306
9.745165313486524,408.2466641412485,226.73523459950732,1.1456842272186507,2.2478162292807595,4.396159767561938,1552.0205471739994,8.587168271308883,0.30598244607922287,5072.253546114083,0.17422098308646802,0.10337578810959973,0.9469024299738598,0.9977939068255395,0.010925183194671912,0.008257866235862358,92,12,dual-fidelity: 3D FDTD coupler/mode/bend + CMT Eqs 2-7,,0.4746740368068393,0.08212455420787354,0.38458831173282126,0.3811381938110108,0.6353499791056552,0.2570195172789864,0.3414791731807547,0.014332842022906515
9.707372704035851,472.0013970256923,340.55820807850307,0.13440564677576372,2.399819379901124,4.265116548142689,1547.5559332510431,9.12415735339755,0.013111506667171131,118030.36619169379,5.771054057036213,0.0023098131653741935,0.9988444257413793,0.9978208805214709,0.01098417977971115,0.00796406426905255,95,11,dual-fidelity: 3D FDTD coupler/mode/bend + CMT Eqs 2-7,,0.4708905597162428,0.7202833783272569,0.9553821572915605,0.04318046999982417,0.3734655038770536,0.30146439438642864,0.9131751329133839,0.5773060580228486
5.177359662977244,499.08121414518075,331.79191361372136,2.512906915270573,2.440068788359672,4.222277423122851,1553.2123046072645,15.10229329328672,0.031645554330732725,49081.53253927536,5.273064305221783,0.0035546857354302928,0.9982210748449312,0.9970307166781971,0.02094693727944711,0.004882296119342723,59,7,dual-fidelity: 3D FDTD coupler/mode/bend + CMT Eqs 2-7,,0.017383887113522525,0.9913412820857608,0.911421375246305,0.8380483633062257,0.7052558601955408,0.796255677938235,0.7537805241949987,0.5272143564463115
10.90492707298418,495.8008225524071,203.39919847905333,1.3769502605943074,2.4373065146367097,4.2251437405820464,1550.9882282836168,7.957456584704005,0.08585572395108827,18065.053288319014,0.5668922994184947,0.03113341293822544,0.9843102087562511,0.9978693640146817,0.009260907200011149,0.009265305150663603,112,12,dual-fidelity: 3D FDTD coupler/mode/bend + CMT Eqs 2-7,,0.5907795958404504,0.9585059027063213,0.2675639062884354,0.4584246544816696,0.5747964137712954,0.20490028532847027,0.5722159630304241,0.05383079217891588
11.878002243483401,412.1195875473818,159.05691857407683,0.9007830479882534,2.2660919093235674,4.3824750445023835,1546.4712622553445,7.113225588046589,0.7034245081979731,2198.4893108388865,0.059268287706417434,0.2628793007887042,0.8585573360069179,0.9979300349298396,0.00806179914424653,0.009936323185214086,112,14,dual-fidelity: 3D FDTD coupler/mode/bend + CMT Eqs 2-7,,0.6881956692083763,0.12089093491316405,0.04519842334421976,0.29929502349968745,0.3098410786958213,0.13502597289219476,0.18961312368444377,0.0027700014395087877
8.820412924740282,424.3959600771158,322.2588405992741,1.4150947053999092,2.29099497192202,4.364060446875018,1551.7622430666618,9.426429240542802,0.06175175350207962,25129.039339982515,1.0380195234351428,0.0180087801000723,0.9909547012350906,0.9976958567130878,0.012464064625510427,0.007572562179362035,86,10,dual-fidelity: 3D FDTD coupler/mode/bend + CMT Eqs 2-7,,0.3820956325063251,0.24377240744989712,0.8636153898675033,0.47117209123336756,0.6201984258545041,0.3264824763648386,0.632170169353212,0.10122045074927599
7.076053701118499,407.46808675114005,175.47825177422035,2.989257031878756,2.2459348435559,4.397448927734423,1551.807781006345,10.795920048074322,1.6830236306960005,922.0356462639849,0.04820620572973062,0.37814789834981744,0.7885759961158991,0.9974085331886058,0.015981383934003977,0.006557027192487071,73,9,dual-fidelity: 3D FDTD coupler/mode/bend + CMT Eqs 2-7,,0.20746510933597373,0.07433131268244648,0.12754731689373677,0.9972391187117157,0.6228695816683659,0.43983087146397765,0.03176571302576157,0.0016572907719248694
11.006580730614544,485.02823608523585,258.03851367880475,2.1390037698897997,2.4233343539869563,4.240229346703113,1547.4442558794767,7.661239158200942,0.058164164565781655,26604.77060801537,0.8238522656061895,0.021378087042569847,0.9892532097281415,0.9978523635371611,0.009127721970429097,0.009546471202926171,115,13,dual-fidelity: 3D FDTD coupler/mode/bend + CMT Eqs 2-7,,0.6009563020909625,0.850676714164747,0.5415664550561269,0.7130942128055903,0.3669147538340984,0.18038331178628272,0.6425365559387045,0.07967783400355863
6.0272609383139395,491.0967190000502,294.5441290375613,2.6394211747905194,2.435765223585736,4.226546669496379,1545.6090813748401,13.015289424422463,0.049713193323675964,31090.52100740312,2.3082298162461,0.009098758785704467,0.9954402248323581,0.9972215375943112,0.018557605784674636,0.005609401163565243,68,8,dual-fidelity: 3D FDTD coupler/mode/bend + CMT Eqs 2-7,,0.10246882967887146,0.9114197483819201,0.7246330183185775,0.8803279804205264,0.2592674364191507,0.6235210105709894,0.6708406246353422,0.2289881300942958
6.290113961014804,417.81816921312964,171.4516770734537,1.0395937221089582,2.2746911773690255,4.376562620441144,1551.3072786661776,13.127882467694008,0.635735095205685,2440.178763710173,0.15606309783584763,0.1376846251728896,0.9286093768787339,0.9973229779718132,0.017875348957976874,0.005408148078391672,61,7,dual-fidelity: 3D FDTD coupler/mode/bend + CMT Eqs 2-7,,0.1287834558462123,0.1779314087796815,0.10735504825383653,0.34568396159623516,0.593511210492867,0.6328399783829467,0.20855986874367125,0.01250638000050326
7.168893705324377,446.5379850713372,185.75167221825217,0.655292363848708,2.34319823901879,4.320031377751011,1551.6682949283663,11.950518833843716,0.22744307828078864,6822.226935447833,0.37496654154343134,0.05531351180448713,0.9719498383124063,0.9974936308084015,0.015771344346178665,0.006026029402344091,70,8,dual-fidelity: 3D FDTD coupler/mode/bend + CMT Eqs 2-7,,0.21675946699239038,0.4654050297611748,0.17906596012592046,0.21725484739676118,0.6146876338082535,0.5353933379154827,0.3953217753100066,0.03452539934040849
12.213823305394463,443.2321689391598,283.2506536570324,2.167450276485471,2.335413281910908,4.32700358582322,1552.0279109394203,6.842368005902472,0.08695348459638019,17848.944388411895,0.4707314157208692,0.03698051872633606,0.9813355599761296,0.9979039638150154,0.007685085797698503,0.010539960039688696,122,14,dual-fidelity: 3D FDTD coupler/mode/bend + CMT Eqs 2-7,,0.7218152396150893,0.4323151611315165,0.667999053793265,0.7226007096358136,0.6357819214586198,0.1126079529481198,0.5700297579871061,0.0441581788932664
10.617203636708973,468.59679564106216,246.87712277869298,2.707878845991353,2.38822156585799,4.277076613764007,1551.819374703075,7.776127073261023,0.1172132454621073,13239.283398263613,0.4131263280403549,0.043976284814496794,0.9777646522479237,0.9978120816597366,0.009648507207282263,0.009376330026113206,111,13,dual-fidelity: 3D FDTD coupler/mode/bend + CMT Eqs 2-7,,0.5619751537710084,0.686204709687098,0.485594861282619,0.9032057503880422,0.623549642528382,0.18989221883168225,0.5157593225775362,0.03836380892707916
9.001623827071445,496.55156157407987,152.59025551464944,1.9499505262230667,2.4379243096748775,4.224501512340554,1551.514832356975,9.381919983553189,0.26820523533284474,5784.804425728428,0.2270121814325331,0.08335752126150274,0.9574144759394947,0.9976993785038911,0.012146326015431816,0.007859640311049684,95,11,dual-fidelity: 3D FDTD coupler/mode/bend + CMT Eqs 2-7,,0.40023693863738596,0.9660204935392809,0.01276971969324422,0.6499147831762696,0.6056858554530363,0.3227985868351809,0.36535757120894113,0.01964299337398144
7.195083896657025,404.01941830386494,259.42096717644523,1.5447896567038675,2.2425157266785583,4.3992734404389005,1547.259757621577,11.201051291207932,0.2656093850672817,5825.320356167533,0.3024141098159109,0.068996836509,0.9648850519574858,0.9974713622540285,0.01571259290847259,0.006278691215784988,70,9,dual-fidelity: 3D FDTD coupler/mode/bend + CMT Eqs 2-7,,0.21938140790479937,0.039811550752305906,0.5484991148180857,0.5145146591272634,0.3560924900763649,0.4733622949398938,0.36662541993895675,0.027227508679997278
7.984797248852594,458.72001295892363,295.33710986165113,2.5234878529129645,2.3651387328377904,4.299824435547263,1554.7108944245986,10.129106388237687,0.07274816946164839,21371.134228253206,1.0007600901554057,0.019806352661099935,0.9900472955060784,0.997560119307339,0.014040228444688262,0.007178201739881189,84,10,dual-fidelity: 3D FDTD coupler/mode/bend + CMT Eqs 2-7,,0.2984408435881146,0.5873421509819993,0.7286096195283509,0.8415843915288789,0.7931598569728454,0.38464082728332244,0.6027451921431793,0.09747260572644313
5.161629759220325,461.2510737940461,214.5357613213568,0.13101193419110785,2.373591797173761,4.291559262785235,1552.0204747135458,17.0216153708609,0.08763680079572576,17709.688859263348,1.7368221181253396,0.013044309525469177,0.9934564361231603,0.9970978850618191,0.020993943433864095,0.004250155017240116,50,6,supplementary targeted batch (Phase 2.2 step 3); dual-fidelity: 3D FDTD coupler/mode/bend + CMT Eqs 2-7,,0.01580914190892724,0.6126770356758772,0.3234109935395692,0.04204633010745407,0.6353457287341372,0.9551118571655435,0.5686069497988866,0.17151147763606012
11.18290380490114,491.62430805023524,262.41274430143903,2.550279292745833,2.429553967386432,4.233687352488304,1551.7193763731107,7.518700827096836,0.05455610058505847,28442.637207067677,0.8650427359685564,0.020348323010694846,0.9897735483378535,0.9978495529214338,0.00890123243794907,0.009797426010326396,118,14,dual-fidelity: 3D FDTD coupler/mode/bend + CMT Eqs 2-7,,0.6186082801312089,0.9167006991859112,0.563502131502982,0.8505377839952508,0.6176839594887353,0.16858586781520427,0.6546708720831313,0.08382109346155192
6.846236405265191,411.3013368455076,158.65644795279928,2.1331464160199882,2.260439925250088,4.386835251242516,1548.9734963814983,11.498080392191014,1.4785541521001837,1047.6271661618134,0.05811661968343169,0.3254172044269699,0.8213298944839583,0.9973945538518275,0.016513430010263497,0.006146720427000429,69,9,dual-fidelity: 3D FDTD coupler/mode/bend + CMT Eqs 2-7,,0.18445774132084042,0.11270057974864081,0.04319016298196089,0.7111367522010839,0.45661665265026047,0.4979464481952617,0.05496287155085726,0.0026541576682013422
6.688569925986736,410.58069748104606,242.12532329134825,1.4521675690587712,2.2499011192879292,4.395078840241867,1555.1960154696694,12.170762078237203,0.2990870547130805,5199.810526609373,0.30175070913529445,0.07138433457045078,0.9636470647646622,0.997386586885632,0.01688864994683274,0.005840881725005687,65,8,dual-fidelity: 3D FDTD coupler/mode/bend + CMT Eqs 2-7,,0.16867350411214388,0.10548727418476285,0.4617657710752185,0.4835614178339808,0.8216159950629691,0.5536221702275642,0.34599092895400396,0.02716077865433303
6.436205359202731,483.1314256654544,313.14062470508577,1.128153426219854,2.4235769302024046,4.2398765902566,1544.4398734683589,13.091070513605473,0.02741167005344811,56342.42169327746,4.526866461866497,0.0038734569350046388,0.998061392432848,0.9973489201788472,0.017507060878035427,0.005550503113918467,67,8,dual-fidelity: 3D FDTD coupler/mode/bend + CMT Eqs 2-7,,0.14340889362919126,0.8316904169551091,0.817889809558015,0.3752796008211884,0.19068426118700835,0.6297931701141715,0.7788425033039359,0.452155945002662
5.562226412866723,430.3482338478712,237.50187841689763,1.8194107630014527,2.299342926289108,4.357828407666406,1556.5874232027404,14.30370589535687,0.27450124510869467,5670.602414157998,0.42562919831873297,0.05537891540504759,0.9719161921662548,0.9971436543630267,0.019829051713307504,0.005016351703809332,57,7,dual-fidelity: 3D FDTD coupler/mode/bend + CMT Eqs 2-7,,0.055913497857648174,0.30335223562150515,0.4385803472635351,0.6062898888114477,0.9032329255058675,0.7301591408866983,0.3617355217880676,0.039621445343396525
11.438905126742991,459.9904646546817,337.32965952182997,2.0738961875786717,2.3697916091226983,4.295282939322559,1553.041970818003,7.3593985755840094,0.028252828267707652,54969.4337183614,1.6911580261143446,0.00984147221057276,0.9950670971293479,0.9978763926126331,0.008582360698054056,0.009882671889704922,116,14,dual-fidelity: 3D FDTD coupler/mode/bend + CMT Eqs 2-7,,0.6442369718365346,0.6000588533127101,0.9391917908838807,0.6913360041910245,0.695264453147979,0.15540092751085488,0.7743609962371674,0.16691822634636158
5.817652965109481,488.3451726682142,163.51475115936398,1.5576134234213141,2.4245469144418395,4.239093665489776,1551.2649441066744,14.21076093100146,0.2585734290152932,5999.320773268339,0.438798414996903,0.05252517493569452,0.9733831851148372,0.9972088869896168,0.019120275154019387,0.005156920402333476,62,7,dual-fidelity: 3D FDTD coupler/mode/bend + CMT Eqs 2-7,,0.08148464848173739,0.8838778939627809,0.06755334279888202,0.5188002151494387,0.5910279579449785,0.7224663820274972,0.3719719303546616,0.040946108088836836
10.256466623049315,414.32125361253685,326.6335759849436,2.6765363076402062,2.266213846375001,4.382809192065162,1550.7202118231282,7.82911869182135,0.10416731192519743,14886.821817353804,0.47483108907125615,0.03864285399737448,0.9804882181865449,0.9977883994457342,0.010157465930493052,0.00907352589062422,102,13,dual-fidelity: 3D FDTD coupler/mode/bend + CMT Eqs 2-7,,0.5258612085645276,0.14292871256003303,0.8855535975751854,0.8927314329007882,0.5590751551543378,0.19427816642949447,0.537065236355855,0.04457055608231625
8.902173758953705,440.0204885161017,271.41079458743656,2.0722398499384824,2.3266904997259155,4.334701310117294,1553.1560565548348,9.219616314258019,0.12247727005099261,12681.177951698208,0.4987901706478795,0.038456267846792375,0.9805833631839812,0.9976851441084751,0.012319687380869531,0.007810203318332292,90,10,dual-fidelity: 3D FDTD coupler/mode/bend + CMT Eqs 2-7,,0.3902808371707,0.40016755248353014,0.6086251112345141,0.6907824751145004,0.70195647262309,0.30936522873439243,0.5079355285539381,0.04698054777393512
5.189500496252196,436.75579829835067,172.58747696608236,0.8921789152919406,2.3326631389826744,4.328988972229637,1542.7404605015022,15.856090654812533,0.4170843754825816,3698.8689847623664,0.31567512269309483,0.0759556021719982,0.9612722807966543,0.9970821061790235,0.020910728433302644,0.004470823643030791,52,6,supplementary targeted batch (Phase 2.2 step 3); dual-fidelity: 3D FDTD coupler/mode/bend + CMT Eqs 2-7,,0.018599324873026433,0.36748933745202467,0.11305080165653908,0.29641962085826906,0.09100041826084132,0.858645086241693,0.2841202131301183,0.028561405004622935
14.3678732529324,421.6091654324458,229.62199706516802,0.3669616475001122,2.284317948834088,4.369237670716407,1551.4598837169233,6.034379538309622,0.14268232840051803,10873.525131730963,0.23960673793184445,0.06947335335615257,0.9646380910185164,0.9979889812339269,0.005653783023495638,0.011831291343721673,134,16,dual-fidelity: 3D FDTD coupler/mode/bend + CMT Eqs 2-7,,0.9374605402961024,0.21587773182278447,0.3990647060724329,0.12089802299003323,0.6024626885649755,0.04573331928384504,0.47999922728805666,0.020909852307029183
9.785679095764205,475.2856657777897,176.00923002200997,1.9825650524004086,2.3981127228214874,4.267117424203272,1554.033203441475,8.61042083516918,0.26431277851979323,5879.523540800356,0.20441351240378425,0.08946533729740953,0.954219399667912,0.9977723347913343,0.010862290564973837,0.008508547478610518,101,12,dual-fidelity: 3D FDTD coupler/mode/bend + CMT Eqs 2-7,,0.47872993475432263,0.753157566487206,0.13021004047844267,0.6608141844324967,0.7534079880441789,0.25894405797762426,0.36830785778693054,0.017369842609551968
10.392904217148994,415.2826872153577,298.18165579883515,1.238449400313359,2.266995958171955,4.382369655429303,1552.0321897960491,8.075809971594026,0.09207935716741325,16855.376031505475,0.5430259810622539,0.03294997058996733,0.9833870191384635,0.9978410178943257,0.009961885391017356,0.008811067443976466,99,12,dual-fidelity: 3D FDTD coupler/mode/bend + CMT Eqs 2-7,,0.5395201889597818,0.15255227005429928,0.7428743084986613,0.4121392526234187,0.6360329098177837,0.21469601844676112,0.5596255349556325,0.05143013133704993
9.449767724176532,464.3599938553865,184.6249784773355,1.6811693176667002,2.3775941793779674,4.287724082902296,1553.7820763177779,8.934961000514932,0.25296818496877765,6142.203520610909,0.22393335092455313,0.08262671459115997,0.957796056271292,0.9977516736893354,0.01139489318075602,0.008155807446298104,96,12,dual-fidelity: 3D FDTD coupler/mode/bend + CMT Eqs 2-7,,0.44510132330499613,0.6437960550939674,0.17341587180466025,0.560091180458265,0.7386774209358007,0.2858052144635568,0.3762475924536902,0.019333300537033384
11.441435903693442,419.1922255333075,170.64699511896438,1.196077003600863,2.2773774376276297,4.374598074165307,1551.9766453154969,7.384066096346942,0.5879571430328066,2639.608453959884,0.07424432678319959,0.21793409296034186,0.8843449027611672,0.9979027314882974,0.00857926610452805,0.009656506076142296,109,14,dual-fidelity: 3D FDTD coupler/mode/bend + CMT Eqs 2-7,,0.6444903318651914,0.19168515106494613,0.10331976879121167,0.3979788827487712,0.6327747922308447,0.15744257968856673,0.22283053722609697,0.004276408504110936
8.88358452796659,472.52097568446106,342.2750478730631,1.8883874770123883,2.39565562804784,4.269535749036398,1551.8115232331008,9.420238217142014,0.02337612215415267,66384.47185550097,3.076082250678851,0.0054305001147941425,0.9972810536078612,0.9976886253047293,0.012352365552658626,0.007747217755580207,92,10,dual-fidelity: 3D FDTD coupler/mode/bend + CMT Eqs 2-7,,0.3884198402563866,0.7254841483864519,0.9639916809983545,0.629341116943761,0.6230890924943936,0.32597006506376136,0.8086366841419127,0.30622472956302454
5.022224127112756,498.58525897983384,171.59114322654457,0.5048359838851726,2.436389272460559,4.226546877050737,1555.717522066195,17.435771041750513,0.1131174715064364,13753.11436286546,1.3720941126106931,0.017107983133159074,0.9914091067096574,0.9970514454162074,0.02141517075536898,0.0042334807856390455,51,6,supplementary targeted batch (Phase 2.2 step 3); dual-fidelity: 3D FDTD coupler/mode/bend + CMT Eqs 2-7,,0.0018530265984052,0.986376973542466,0.1080544362544734,0.16697404773513008,0.8522064299171704,0.9893902038023933,0.5226761672341785,0.13482428408984987
5.030996460059769,448.9753819468118,285.36776055802125,1.2315962491437669,2.357335608672392,4.306802296357237,1544.6838486137724,16.125874484730502,0.07732216294295807,19977.24571871215,1.9269439836603763,0.011896007061211565,0.9940342010910834,0.9970320037543283,0.0213884168913685,0.004429603819758987,52,6,supplementary targeted batch (Phase 2.2 step 3); dual-fidelity: 3D FDTD coupler/mode/bend + CMT Eqs 2-7,,0.0027312385350386605,0.48980237649281927,0.6786158172860706,0.4098490079618587,0.20499530891207868,0.8809742351317246,0.5904930822896914,0.19063542088359983
10.73621132043652,433.3412480507444,214.40675947492636,0.9134340596576459,2.31008863723092,4.348815347455096,1553.9152874310776,7.981333250355419,0.19616707923074786,7921.386674688848,0.244113740980267,0.07200909679763803,0.9633228447422816,0.9978731519179832,0.009486259318279818,0.009006981534545433,103,12,dual-fidelity: 3D FDTD coupler/mode/bend + CMT Eqs 2-7,,0.5738891986473172,0.33331108475887217,0.32276408142896795,0.3035228467626149,0.746491293109995,0.2068764809458653,0.42245742085620774,0.021363201900838198
9.26331669259205,413.8623265992125,252.47625704436606,1.9318797149703817,2.269139162067966,4.380350935979227,1547.6749624983634,8.770057901990185,0.25900014561221485,5975.575646260843,0.21705846294942047,0.08608072776338221,0.9559912511297464,0.9977264363685827,0.01170170963161569,0.00806869631991625,91,11,dual-fidelity: 3D FDTD coupler/mode/bend + CMT Eqs 2-7,,0.4264354196595039,0.13833504068769517,0.5136731242344563,0.6438757249419852,0.3804474988511384,0.2721567098793265,0.3712515198313288,0.018641770569664106
9.224098046172339,494.515056466691,291.39905172141766,1.0924398916219729,2.441423274999568,4.220254198976495,1545.590473189405,9.3686712056558,0.023176148144938118,66688.8416281968,2.9929876025647246,0.005466069801810645,0.9972632201170307,0.9977476535175963,0.011767290528446616,0.007818407622861928,95,10,dual-fidelity: 3D FDTD coupler/mode/bend + CMT Eqs 2-7,,0.4225091797832431,0.9456359095900397,0.7088612393798341,0.3633445464302746,0.25817592101339937,0.32170202765900013,0.8094676593253958,0.29786642037940264
5.741834312365761,438.3894721920146,335.78668822860897,2.6862166990087304,2.3230643388427192,4.337817539531884,1553.0600237292529,13.32388309996304,0.07577614153588924,20495.369548391292,1.5181348572731186,0.014789311864905846,0.9925777995376958,0.9971584636342441,0.01932797670042558,0.00538842751014537,62,8,dual-fidelity: 3D FDTD coupler/mode/bend + CMT Eqs 2-7,,0.07389432487441494,0.3838417455605288,0.9314541743805931,0.8959665088687525,0.6963233973860744,0.6490623268528543,0.5951443653792808,0.14951420365745466
10.87949055910997,465.5076697309742,157.6232667436855,1.6274335756583729,2.3828750301907236,4.282403500600008,1551.3106182531542,7.816700680590657,0.3612731557510588,4294.010206842244,0.13004227950969957,0.13258618031713304,0.9313505353425566,0.9978604056098386,0.009294536649284244,0.009309653909649019,110,13,dual-fidelity: 3D FDTD coupler/mode/bend + CMT Eqs 2-7,,0.5882331067541827,0.6552838216345742,0.03800901670292861,0.5421333106806948,0.5937071033512287,0.19325036716601549,0.3112220084621829,0.009889002711871025
5.1304995435307434,404.7328510835866,277.414882350702,0.16168070788955047,2.2391220003049224,4.402071570118603,1551.1513258039438,16.641000970470714,0.10439622908188209,14858.308000639701,1.4036161305368893,0.016483928911391214,0.9917237876992812,0.9970891738892277,0.021087281992300835,0.004232701299603796,47,6,supplementary targeted batch (Phase 2.2 step 3); dual-fidelity: 3D FDTD coupler/mode/bend + CMT Eqs 2-7,,0.01269264745144371,0.04695272134775947,0.6387341150561272,0.05229548316146896,0.5843633571305653,0.9236096147272671,0.5367169661155516,0.13799501503219597
10.91908276320941,458.1332510076853,200.0688964523314,2.70401127085737,2.3682847935833062,4.296655664587403,1551.2190561719995,7.5379387411221614,0.30494175142958235,5086.9356160637435,0.15068598024743649,0.11685827936305668,0.9397562027658787,0.9978305413439489,0.009242244782014145,0.009621903580560698,113,13,dual-fidelity: 3D FDTD coupler/mode/bend + CMT Eqs 2-7,,0.5921967440725311,0.5814689036182479,0.25086327158699295,0.9019132510567727,0.5883362721913937,0.17017812872548835,0.34200422877721903,0.01196550748535759
10.099558248970558,437.3598735035814,281.13521266621245,1.6411540635038622,2.3236324285803494,4.337186864771504,1550.7854078090108,8.273210248187752,0.08988739586312862,17252.53460641344,0.5799053697522403,0.03129090935537868,0.9842302020587568,0.9978076626741408,0.01038714276601864,0.008676161536372712,100,12,dual-fidelity: 3D FDTD coupler/mode/bend + CMT Eqs 2-7,,0.5101528664500574,0.3735358834135369,0.6573906444247861,0.5467185406376172,0.5628994089071848,0.23103421102240568,0.5638561665087918,0.05513974850457812
14.31548909839196,467.5597629116828,155.24646779346025,1.9113206090817898,2.3848435021888186,4.280509007752597,1552.9556344713294,5.990542277280156,0.3722867579522792,4171.396380073212,0.09295617165757969,0.17468027493410845,0.9084710920364454,0.9979428959245621,0.005696145598030883,0.012190036558215035,144,17,dual-fidelity: 3D FDTD coupler/mode/bend + CMT Eqs 2-7,,0.9322162808629795,0.675824435828002,0.026089962302461835,0.637005107127991,0.6902001521284674,0.04210504872086962,0.30595942804145937,0.0061585921152772505
5.6656333251066116,486.60051851071705,244.3027438774659,0.5115661602577805,2.4185212214324983,4.245720084434604,1553.8513609477402,15.411468293832513,0.04834301063425231,32142.213332630035,2.9266534512228928,0.006958245641086147,0.9965148038834716,0.9972062946550226,0.019538999010529953,0.004760776330010018,57,6,dual-fidelity: 3D FDTD coupler/mode/bend + CMT Eqs 2-7,,0.06626572516229065,0.8664146187630969,0.47268499266784547,0.1692231956274332,0.7427415055962455,0.8218451086404447,0.676883776950472,0.29119401296290204
7.608926876371674,499.8502352297635,155.09609008037805,2.4434754212556653,2.443472905111418,4.21834964961934,1551.318213043404,10.76994014443153,0.3131831712089321,4953.389439972438,0.24203750586807077,0.08453379409418577,0.9567999821832222,0.9975090461304439,0.014812760272809438,0.006850382291419382,83,9,dual-fidelity: 3D FDTD coupler/mode/bend + CMT Eqs 2-7,,0.26081187422118923,0.999038868897862,0.02533585554779722,0.8148451529032011,0.5941525971147166,0.43768059753256755,0.3371715709698104,0.021154357945186643
5.217786344210166,492.29909430013726,220.13285649979065,0.2469145540900879,2.42812866247063,4.23538696427768,1553.9158466662507,16.98994005592772,0.05407352250599356,28737.09302910705,2.999851229465545,0.006995408334306851,0.9964961573762806,0.9971083691275139,0.020826611259626163,0.004326159188276092,52,6,supplementary targeted batch (Phase 2.2 step 3); dual-fidelity: 3D FDTD coupler/mode/bend + CMT Eqs 2-7,,0.021431065239532775,0.9234550338099761,0.3514790309770737,0.08077965874935802,0.7465240966205263,0.9524901921699183,0.6565418067846638,0.29855681761989983
5.207045108977989,460.0774108670728,216.3617196464778,0.3877600704442679,2.3676802896159166,4.29740189967386,1554.8857975983524,16.65766654188087,0.10364504366459913,15002.027522223305,1.40908972173175,0.01634605243005829,0.9917932988127828,0.9971015101985858,0.02085851389396127,0.004354005430247249,51,6,supplementary targeted batch (Phase 2.2 step 3); dual-fidelity: 3D FDTD coupler/mode/bend + CMT Eqs 2-7,,0.02035574342353874,0.6009291493699721,0.3325677194831077,0.12784861782414006,0.8034192941077828,0.9249889710269683,0.5384656092242044,0.13854559161672594
5.100398104791151,493.2470621048003,284.1503330729622,0.09395676022732352,2.44187728797227,4.219652563806765,1543.3938044183976,17.363139909695064,0.027107911122077753,56935.180193998676,7.971927568936588,0.001940321323208022,0.9990293682754237,0.997083611777661,0.02117793055838969,0.004190505793921853,51,6,supplementary targeted batch (Phase 2.2 step 3); dual-fidelity: 3D FDTD coupler/mode/bend + CMT Eqs 2-7,,0.009679145459370627,0.9329438041672026,0.6725107218501831,0.029662915200412684,0.12932414160457603,0.9833787561844587,0.780743644865219,0.7986871181031775
11.968532567667923,473.5663714169573,293.0024705104487,0.6779513086309726,2.403949873140966,4.260806893281821,1546.5359120825033,7.305748816649384,0.024176429731903655,63968.74680142149,1.9281388036249634,0.008261996973941131,0.9958604335076572,0.9979400678517671,0.007958463777511124,0.009952333377341345,119,14,dual-fidelity: 3D FDTD coupler/mode/bend + CMT Eqs 2-7,,0.6972588011946308,0.7359481324893794,0.716901985010162,0.2248272073287038,0.31363329597401257,0.15096050772909925,0.8019030081179157,0.19075560521447354
13.089030221112946,499.6154203042198,234.07664876418454,0.5893729067930934,2.4479830164900545,4.212989804352114,1547.0427060453144,6.787487318302283,0.033139867960065884,46682.22299224389,1.2371991372447981,0.013170767984342774,0.993392788385167,0.9979725006138038,0.006783971590308002,0.010844541263934642,132,15,dual-fidelity: 3D FDTD coupler/mode/bend + CMT Eqs 2-7,,0.8094335693172098,0.9966884674454359,0.4214036741751738,0.1952253195374564,0.3433607199551508,0.10806565311871735,0.7446760942657524,0.12125549311456756
5.089229779846014,482.30744993213705,269.19205341039697,0.79234397372094,2.409511496780884,4.255336957255297,1555.1201148641317,16.794263097004432,0.046567272124468595,33395.13018300678,3.6199099187341544,0.00567860386629899,0.9971566557636272,0.9970599427939518,0.02121166227850672,0.0043629640242540514,52,6,supplementary targeted batch (Phase 2.2 step 3); dual-fidelity: 3D FDTD coupler/mode/bend + CMT Eqs 2-7,,0.008561067025929413,0.8234427565652558,0.5974986771761414,0.2630559263603773,0.8171638317642385,0.9362946331125974,0.6838302296259516,0.3609271670289293
6.522292267863346,474.54595233078294,244.5634382459138,0.7910377976431398,2.402429214949233,4.262465275202182,1549.3064545993404,13.14438176368526,0.062497279835492844,24789.982198864815,1.6930491514874089,0.012137233652081903,0.9939128565160621,0.9973754207833955,0.01729360383008326,0.005533170050441316,66,7,dual-fidelity: 3D FDTD coupler/mode/bend + CMT Eqs 2-7,,0.15202718835538181,0.74575333715128,0.4739923099565591,0.262619417269127,0.4761472525313137,0.6342055725954737,0.6297024813042674,0.1671084505176145
5.362711902196052,494.40198507860356,213.2025976215371,0.4096841455641168,2.431448227685331,4.231792375787581,1554.0682810511832,16.403563440651624,0.06200731028627357,25062.662351848605,2.420638491205824,0.00887575627379211,0.9955522305365038,0.9971387914219014,0.020400906965225778,0.0044868565198136635,54,6,supplementary targeted batch (Phase 2.2 step 3); dual-fidelity: 3D FDTD coupler/mode/bend + CMT Eqs 2-7,,0.035939788941112355,0.94450411119957,0.3167255098299047,0.13517539272816767,0.7554655638097943,0.9039576661393038,0.6316897033946848,0.2402950732194922
9.049233613385491,408.0395865794783,197.0026817848302,2.040984046387026,2.2442745273422444,4.398896207192415,1554.159594349058,8.968401496121714,0.7398673984105475,2100.592075942053,0.07868242085227657,0.22449735663099335,0.8806262790588336,0.9977016264845604,0.012064198241096879,0.007922197370572344,88,11,dual-fidelity: 3D FDTD coupler/mode/bend + CMT Eqs 2-7,,0.40500322861909516,0.0800517924325192,0.23548696917740444,0.6803371434043067,0.7608218018872542,0.28857297784502906,0.1813385316554302,0.004722826694177716
7.021494791210786,457.35537176614196,313.3544264426895,1.131721976699933,2.370245740960419,4.294668656964749,1548.364594643697,11.96338045799007,0.037904955610536896,40848.605933026854,2.5870336147164137,0.007318444668982486,0.9963340581005036,0.9974547867602004,0.016106119620062746,0.006029503591796551,71,9,dual-fidelity: 3D FDTD coupler/mode/bend + CMT Eqs 2-7,,0.20200313175029852,0.5736826502746735,0.818961971989411,0.37647216953655127,0.4208998102039421,0.5364578536079869,0.720426868723309,0.25703239530356076
10.489275450264042,480.8055194828056,272.71094690680013,0.024973966587971432,2.4162139741590862,4.247880214791302,1547.2216641883365,8.508389273701596,0.02190733931580103,70625.72236110742,2.650632371328659,0.005918875237482963,0.997036170237829,0.9978838301054742,0.009826012895106971,0.008574281212280488,103,12,dual-fidelity: 3D FDTD coupler/mode/bend + CMT Eqs 2-7,,0.5491680634512013,0.8084090465002841,0.6151450510981357,0.00660965532588608,0.35385801270699424,0.2504992303977622,0.8198867889807722,0.26342965533803336
5.13302854710696,478.5493546899095,254.75385249752082,1.0081237439371609,2.4038319082916617,4.261219116315404,1554.2368450180554,16.409145826163012,0.06399602247380022,24286.460078895612,2.4054396697587195,0.009170985291305535,0.9954039454958447,0.997064545953068,0.021079683750968987,0.004454842214730721,53,6,supplementary targeted batch (Phase 2.2 step 3); dual-fidelity: 3D FDTD coupler/mode/bend + CMT Eqs 2-7,,0.012945829944839442,0.7858257588585056,0.5250946978201543,0.3351670551799334,0.7653531569518996,0.904419702419548,0.6259748112093884,0.23876625696279316
5.029099156497548,459.40847374709153,168.30477511962573,0.512550221370042,2.3738052130443092,4.291237552771244,1548.8538913276432,16.98931930799813,0.23354671429491572,6631.880461275929,0.6205327546361585,0.03907558296505764,0.9802675231970823,0.9970529777438186,0.021394200454267483,0.004241102108255315,50,5,supplementary targeted batch (Phase 2.2 step 3); dual-fidelity: 3D FDTD coupler/mode/bend + CMT Eqs 2-7,,0.0025412965155297853,0.5942333621462881,0.09157411921183388,0.1695520575849814,0.4496008821258516,0.9524388148396047,0.39018139000962804,0.05922636842401512
12.236889361648954,456.9599933443582,211.77330083298162,1.037423057879173,2.3709000486467895,4.294003552336435,1547.1884250856174,7.035032086368801,0.130921114178184,11817.71507825613,0.3134414711133737,0.05462842279127073,0.9723022046713302,0.9979384521056444,0.007659866685302771,0.010264993642598922,121,14,dual-fidelity: 3D FDTD coupler/mode/bend + CMT Eqs 2-7,,0.7241244184910063,0.5697250738358387,0.30955794263807684,0.34495855046181234,0.3519082797350334,0.1285541456454426,0.49512538844186693,0.028336726870284455
9.623315970382095,491.9528903793857,293.48695277870377,1.239705003427752,2.4345453676150863,4.22799863312161,1547.8910151979778,8.963502900796357,0.024201450647927038,63958.6047016798,2.651887141017113,0.006203775543455,0.9968932863935562,0.997780549648214,0.011116542314107433,0.008182783377379902,99,11,dual-fidelity: 3D FDTD coupler/mode/bend + CMT Eqs 2-7,,0.46247550897717027,0.9199896740323296,0.7193315428450165,0.41255886080929033,0.39312067705571474,0.28816753670200285,0.8018742048862797,0.26355586988070684
9.318367933152821,468.1436683758302,242.7263813458007,1.9631215221424785,2.3861077612354493,4.279240083095236,1552.8410398386186,8.979179921701416,0.1035869260036052,14990.704905989527,0.564981885548578,0.033240099307568514,0.9832394930495985,0.997730841583024,0.011610269818915117,0.008121785818739343,96,12,dual-fidelity: 3D FDTD coupler/mode/bend + CMT Eqs 2-7,,0.4319466852349189,0.6816690909232177,0.46477992742537105,0.6543163792224366,0.6834782819355769,0.2894650738229179,0.5383284555258719,0.05363862781988865
12.639158846654432,455.4756332545944,263.63128232304746,2.2630872338985646,2.3640014291496714,4.300709463764761,1550.2743063468986,6.635199404376863,0.09369992346998365,16545.09682543681,0.42052324256652307,0.041245359882193765,0.9791601708187513,0.9979131182657898,0.007233118926639183,0.01091224571166667,128,15,dual-fidelity: 3D FDTD coupler/mode/bend + CMT Eqs 2-7,,0.7643962441967911,0.5548672358903746,0.5696127960029018,0.7545614858893771,0.5329193164504527,0.09546126721009204,0.5562504143437162,0.03910784840516473
7.2322161650292625,489.18053612921483,317.7066557992546,1.7698685887026384,2.43136458829612,4.231441289714052,1546.6349536001792,11.476296124374585,0.026759409839675705,57797.79759219543,3.71088254745054,0.00474013486823957,0.997627117279678,0.9974706814669291,0.01562967046014172,0.006367541898102299,77,9,dual-fidelity: 3D FDTD coupler/mode/bend + CMT Eqs 2-7,,0.22309877721986635,0.8922395408533842,0.8407873175699836,0.5897334613517148,0.31944285450023485,0.49614343368664093,0.783475230868758,0.37007790507663185
6.51473539909365,419.8830021478804,208.83635452947453,0.38824751355245013,2.2746462778936536,4.377002830569248,1555.3279782240545,13.160563896730082,0.2303755984563238,6751.27048457315,0.42673808968219307,0.050661359844070886,0.9743401049715285,0.9973860153657683,0.01731223681942495,0.005422272019690872,61,8,dual-fidelity: 3D FDTD coupler/mode/bend + CMT Eqs 2-7,,0.15127065843372856,0.19859954270523425,0.29482988885825107,0.12801151573032984,0.829356641237135,0.6355449162404432,0.3934225310451642,0.03973298630394211
6.209809658521825,492.3834512242418,242.4549633358298,1.3208757262929491,2.4266795095034337,4.2370586841281925,1555.2826514504368,13.613149745614237,0.06253355577241738,24871.16928246784,1.8164437718221365,0.011562924448789227,0.9942017277953257,0.9972984901944758,0.018081080998340916,0.005415687713720976,65,8,dual-fidelity: 3D FDTD coupler/mode/bend + CMT Eqs 2-7,,0.12074406684463841,0.924299412149549,0.46341883374691634,0.43968518709577886,0.8266978719622273,0.6730040063880196,0.6302964277533672,0.17952044589590604
5.144531865397595,445.20809128720316,224.82503536914518,0.7742518250060946,2.3384289556408078,4.3243867504520255,1553.1088884151748,16.33140633756898,0.15195747130119658,10220.681320346142,0.925579097028188,0.025721012196555027,0.9870557166662098,0.9970744108366366,0.021045157246843155,0.004403431588269421,51,6,dual-fidelity: 3D FDTD coupler/mode/bend + CMT Eqs 2-7,,0.014097445084705966,0.45209333641560173,0.37500913864362984,0.257009737390524,0.6991896928487275,0.8979854523906309,0.46875158318858895,0.08991031381534453
9.72779202078791,481.1343926120905,321.7421832836724,2.9347958246076584,2.410379349343053,4.254287377355057,1552.6345371046098,8.423479586013627,0.03311139371445526,46891.24687695597,1.7668849598393466,0.00998405502800486,0.9949954497242665,0.9977389911132256,0.010952264516773755,0.008708844500918734,104,12,dual-fidelity: 3D FDTD coupler/mode/bend + CMT Eqs 2-7,,0.47293476937151624,0.8117009321372187,0.8610244821887227,0.9790388067489243,0.6713652837990288,0.2434715258123272,0.745487654297757,0.1745354332299131
8.92348330532065,498.41285909132586,182.27315311320666,2.767712921635928,2.4418082216530967,4.220150595409985,1550.7577892203897,9.208923399261266,0.21130845933878534,7338.834394386929,0.2876890869894715,0.06704458510851785,0.9658961719002112,0.9976666657309456,0.01228233348130249,0.008008432254696236,97,11,dual-fidelity: 3D FDTD coupler/mode/bend + CMT Eqs 2-7,,0.3924141691015256,0.9846513211061524,0.16162205371466454,0.9232016134491693,0.5612793629832983,0.3084802101952771,0.40858149636858704,0.025746350791823396
12.353938035711122,464.08988066332466,233.1453686918549,1.1114178006580255,2.384387400741616,4.280786721476049,1547.8147595680682,6.9846582685797785,0.08358361375359445,18518.160319450242,0.4919285938215039,0.034777299363046084,0.9824574803201175,0.9979398145952869,0.007533162171771644,0.010379839281903417,123,14,dual-fidelity: 3D FDTD coupler/mode/bend + CMT Eqs 2-7,,0.7358423438535544,0.6410923324176016,0.41673353670178104,0.3696867463587169,0.3886476888048333,0.12438486508510502,0.5767160188944415,0.046290356745949134
12.027926466669735,474.8439942523764,183.6926769812941,2.907514056456219,2.401031392168194,4.263971656143804,1550.927533343069,6.907435840564631,0.29719494350905135,5218.552896731347,0.1386375855582066,0.12398850273713127,0.9359548585604269,0.9978756010096473,0.007891389533848476,0.010580533465336668,126,14,dual-fidelity: 3D FDTD coupler/mode/bend + CMT Eqs 2-7,,0.7032048170813575,0.748736614997759,0.16874061214590752,0.9699215521720825,0.5712361814805105,0.11799341051451687,0.3466445141749797,0.010753585776024638
12.59073230608511,444.6067220380343,168.52170160409386,0.0770122126212067,2.3435968824092446,4.319502686286027,1548.0224674095846,6.974325035429047,0.20400172981644962,7588.281083706576,0.19449816111871687,0.08559176254180813,0.956246954221655,0.9979772108554482,0.007283206467552494,0.010304310725470806,120,15,dual-fidelity: 3D FDTD coupler/mode/bend + CMT Eqs 2-7,,0.759548187672406,0.4460738759685361,0.09266195147001989,0.024000241382615015,0.40083137590859114,0.12352961626753038,0.4146533183594658,0.01637247907789598
5.650783150157625,435.45064934195636,186.50633589306113,1.9231134000343957,2.3219425475831836,4.33850559150873,1548.6626546642365,13.947672323580719,0.5696092980866198,2718.81561601323,0.1965957982817854,0.11694489479653357,0.9397101176445141,0.9971608015332789,0.019580390854475625,0.005115648780215631,59,7,dual-fidelity: 3D FDTD coupler/mode/bend + CMT Eqs 2-7,,0.06477905098108133,0.35442532972066365,0.18285041038127414,0.6409461228528355,0.438383358258173,0.7006913753929076,0.22820129732732636,0.016583475819104902
5.392321634485619,479.87885756954347,214.9767579877818,0.4011611913128132,2.4121348721544633,4.252287665000212,1549.2730634276616,16.144779866352792,0.07514940048666542,20615.90715820236,1.905881544804923,0.011580703818142309,0.9941927862250146,0.9971461305528192,0.020315007724388018,0.004508826198241596,54,7,supplementary targeted batch (Phase 2.2 step 3); dual-fidelity: 3D FDTD coupler/mode/bend + CMT Eqs 2-7,,0.03890406543338502,0.7991335394097685,0.32562248191852783,0.13232711899368793,0.4741885995272028,0.8825389733934481,0.596209586094478,0.18851679615733322
14.88169296061254,463.8948250254396,332.9044702460854,2.499340995528201,2.37898609864938,4.2862744413523215,1551.9042711210193,5.688079803999699,0.02785210946462107,55719.45181000792,1.2652383050922649,0.013172328161432885,0.99339200310782,0.9979229248126092,0.00525460319380837,0.01280540515112755,151,18,dual-fidelity: 3D FDTD coupler/mode/bend + CMT Eqs 2-7,,0.9888998328181541,0.6391399051878273,0.9170005694913589,0.8335147882397692,0.6285294804820745,0.017071192534677627,0.7768227868930717,0.12407589177368115
7.288115256969877,453.56558589219367,251.98063797013901,1.8541580406128113,2.3549630385957956,4.309389116445136,1554.3037011509552,11.26106104512769,0.12666722481054574,12270.764623411493,0.6481392183758958,0.03208197613984433,0.9838282491675849,0.9974771621305429,0.015505663153926886,0.006435116321510518,75,8,dual-fidelity: 3D FDTD coupler/mode/bend + CMT Eqs 2-7,,0.22869492251961088,0.5357484422941206,0.5111877180931159,0.6179020311798021,0.7692747912930595,0.4783291112629323,0.5019592200110282,0.06200324232191356
11.790826623274484,495.3369167759635,179.3644986835126,1.393983433093171,2.4385688365665628,4.2236312949176735,1549.2351856218313,7.365776659347375,0.12620370549482898,12275.67114251894,0.34545153045499377,0.05022576241513538,0.9745636139241319,0.9979119053197999,0.008162573181623549,0.009993349010456043,121,13,dual-fidelity: 3D FDTD coupler/mode/bend + CMT Eqs 2-7,,0.679468381870637,0.9538623954496284,0.14703587663124032,0.464116945723988,0.47196677038948937,0.15592882120273624,0.5020318409413083,0.031556548832775706
13.669297666291133,435.59430867978716,195.8167947490335,1.8140636917519388,2.320419989850981,4.33988470120589,1550.0900377319147,6.165523623320723,0.3451037110409148,4491.664355206366,0.10314297919915424,0.15868135943753295,0.917234234294854,0.9979433181131319,0.006245576021403456,0.01163693149317511,134,16,dual-fidelity: 3D FDTD coupler/mode/bend + CMT Eqs 2-7,,0.8675250485022111,0.3558633009889307,0.22954004123420182,0.6045029588165984,0.5221105230432476,0.05658769777328316,0.3193968784610381,0.007183260838942706
13.878473098661585,498.631246606489,271.9905254986541,0.3981402187052585,2.445272991012445,4.216094659336538,1548.0389768766088,6.439037042140853,0.017817965527999215,86880.79312107855,2.298591206172528,0.0066290106262563014,0.9966799834318655,0.9979870589964339,0.006062155539757852,0.01143964883061106,139,15,dual-fidelity: 3D FDTD coupler/mode/bend + CMT Eqs 2-7,,0.8884659273616661,0.9868372908933912,0.6115323172763963,0.13131754453429612,0.40179978508854447,0.07922553286559855,0.8575152197299429,0.22801860335672974
5.274928098806841,444.05630107116883,324.7320565891676,1.0072505217365708,2.3383599165165094,4.324341758712276,1551.1643647274918,15.69988663456138,0.04638526437737679,33440.886573539334,3.291806415544087,0.006283419050090403,0.9968533397395575,0.9970997063145877,0.020657712492140524,0.004570520730142255,53,7,dual-fidelity: 3D FDTD coupler/mode/bend + CMT Eqs 2-7,,0.02715161543639562,0.4405643870083645,0.8760179516932948,0.33487523431771005,0.5851281918306871,0.8457165766773131,0.6840789538096774,0.32792395218739656
12.174944971806429,438.73633297200837,233.3183353954734,2.3437524775280534,2.3284859334134755,4.332929299054671,1549.4917338902835,6.801613337038589,0.22153451083007483,6994.358251833733,0.18147572937223305,0.09496021582951507,0.9513357893879978,0.9978974407727663,0.007727781214299483,0.010554042241291934,122,15,dual-fidelity: 3D FDTD coupler/mode/bend + CMT Eqs 2-7,,0.7179230689873138,0.3873136802307779,0.4176009216144607,0.7815188868023459,0.48701532997690505,0.10923481872690914,0.3998482322050166,0.01506258110817076
5.538616709298839,408.3225664098817,342.97685916653813,1.8438298122295305,2.252983970511023,4.39210832516766,1548.4362446735167,14.079305091317337,0.09319448123820996,16615.10664688001,1.2987622113156205,0.017617496587349516,0.9911521091198113,0.9971374677799291,0.01989587757243771,0.0050034159180752345,56,7,dual-fidelity: 3D FDTD coupler/mode/bend + CMT Eqs 2-7,,0.05354989360106853,0.08288430490099827,0.9675110897329461,0.6144504554983643,0.42510264403980036,0.7115862005960771,0.5570174563991469,0.12744798828792006
13.767636395646164,442.995088235625,152.96927963349245,2.108810014563892,2.338942696803314,4.32370876476341,1548.8620367763135,6.096860661089295,0.6800989711455885,2277.4068223737236,0.052578385556810714,0.29092055428473124,0.8420685516721715,0.9979352703113963,0.006158664181018015,0.01179388999682955,137,17,dual-fidelity: 3D FDTD coupler/mode/bend + CMT Eqs 2-7,,0.8773698921116145,0.4299420801672628,0.014670431190592644,0.7030038054533583,0.4500786763063444,0.05090468294114009,0.1960195397432632,0.002097078792339118
13.344350493885276,436.3427569485966,204.50680296940376,0.05843210467346063,2.3240363069066547,4.3367171720788935,1548.6546306921903,6.5645545731019865,0.13379789423782282,11574.58149482899,0.27813104997923827,0.059915141662249816,0.9695797328418897,0.9979922496782382,0.006541582009041335,0.0109150458516296,126,15,dual-fidelity: 3D FDTD coupler/mode/bend + CMT Eqs 2-7,,0.8349940801377128,0.36335496232179737,0.2731182667754413,0.017790982023600015,0.437912689630419,0.08961421938544106,0.491349105934523,0.024784928722735296
5.020717613518879,417.75832958969175,345.999276751043,2.9638122866524617,2.2756438398211443,4.37576614742935,1550.488155001281,14.55016688904584,0.11434619289071817,13559.595783683839,1.145400250279643,0.021245726672003785,0.9893201066025072,0.996977672606676,0.021419768686942887,0.004871584082828386,55,7,dual-fidelity: 3D FDTD coupler/mode/bend + CMT Eqs 2-7,,0.0017022071722804216,0.17733243860129366,0.9826677606862159,0.988735776165028,0.5454632101885717,0.7505579328578089,0.5201019696045498,0.11202164355408438
8.189016834088742,486.8957042372624,316.0557262244972,2.7937169352810556,2.421364054915178,4.242557983944282,1551.8643057487825,9.903384143854964,0.034594463430408784,44858.74766841108,2.179776411582321,0.008461051532993919,0.9957604875003858,0.9975791427024406,0.013637521777552147,0.0074152707359581215,89,10,dual-fidelity: 3D FDTD coupler/mode/bend + CMT Eqs 2-7,,0.318885584859568,0.8693693072642698,0.8325083171896579,0.9318918570985637,0.6261851992707177,0.36595851558159276,0.7374380942924101,0.21606728264821046
14.02968418669307,497.58558428510787,174.27716023929128,1.9763023432126707,2.4408543341706275,4.2211825215975685,1550.4257952724024,6.164355891176228,0.1560237107994908,9937.11652753142,0.22909692030824136,0.07427163187097904,0.962147789130662,0.9979405720774308,0.005932926136850879,0.011973482330241253,145,16,dual-fidelity: 3D FDTD coupler/mode/bend + CMT Eqs 2-7,,0.9036039052818732,0.9763706383446616,0.12152414217658067,0.6587212587215098,0.5418053250601839,0.056491048300532955,0.46364048034426103,0.019852692704633322
14.922007864777584,407.13992660811374,317.9567288609549,1.0757579217186324,2.2469704542927715,4.396557898843511,1550.3975931889145,5.683589659349764,0.0689544504677495,22484.37312851977,0.47863701728641245,0.03532098103180324,0.9821807465880181,0.9979651251627523,0.0052245022618834305,0.012468203333693383,139,18,dual-fidelity: 3D FDTD coupler/mode/bend + CMT Eqs 2-7,,0.9929358207675207,0.0710465637466131,0.8420413716523514,0.357769623074585,0.5401510526052652,0.016699557553972268,0.6119695106060099,0.04495338608972245
5.0994580913259355,485.5264607532463,206.7881755579843,0.7550377618195362,2.413042351814627,4.251739219605874,1556.9188552364924,16.85269923764804,0.0971311619895228,16029.035618913236,1.553430097473127,0.014904224555345786,0.9925199118630589,0.9970636436149898,0.021180767614804065,0.004361619038092713,52,6,supplementary targeted batch (Phase 2.2 step 3); dual-fidelity: 3D FDTD coupler/mode/bend + CMT Eqs 2-7,,0.009585039244896676,0.8556637395023183,0.2845587817539792,0.25058861744862854,0.9226740027705314,0.9411312064735238,0.550494140564349,0.1530644747879936
11.051677401986048,434.9195235642503,190.52250432419396,1.4931350156882093,2.3153915162037575,4.344304138494694,1552.727429623311,7.632752794517955,0.35800325553099605,4337.188016126505,0.12731101344179402,0.13444740550703896,0.9303507910960043,0.9978741408442431,0.009069251921383524,0.009415380923419097,108,14,dual-fidelity: 3D FDTD coupler/mode/bend + CMT Eqs 2-7,,0.6054710002151802,0.34910897771939775,0.20299049417236348,0.49725226947564977,0.6768141555116919,0.17802558613531838,0.3130394894790117,0.009614270622905008
5.51613372879867,452.4271320118938,273.45231031736716,0.017314792645794923,2.362442045092746,4.302059390345524,1546.4420811125249,15.89388908162664,0.0437838847189336,35319.8920342441,3.454824149943871,0.005750779312523053,0.9971204644813368,0.9971867653931946,0.019959723642551087,0.004510157597727229,53,6,supplementary targeted batch (Phase 2.2 step 3); dual-fidelity: 3D FDTD coupler/mode/bend + CMT Eqs 2-7,,0.05129908734854594,0.524352984157967,0.6188628038429468,0.004050047081599615,0.30812937676464164,0.8617735417180563,0.6940094772763639,0.3443215500766801
14.939379368934599,456.15417379584636,325.77419398856364,1.5175430198695272,2.3664625907909143,4.2983338937888975,1549.424991792235,5.747124447893384,0.026567109145884994,58321.17387270293,1.3261593788477897,0.012353070833926321,0.9938042710544535,0.997951781776301,0.005211585126740361,0.012597256748571402,148,17,dual-fidelity: 3D FDTD coupler/mode/bend + CMT Eqs 2-7,,0.994674909149154,0.5616591494367386,0.881244011034572,0.50540914503439,0.48310038467038774,0.021958129772768842,0.785112765693149,0.13020380953738064
10.223519060697186,499.15164883589966,227.71212998762877,0.23366363050958283,2.4436893743246455,4.218014786515987,1550.1517674272638,8.767156703465844,0.03326930247070014,46594.05675224069,1.7296345736254128,0.00968021640878216,0.9951481214327935,0.9978589644330326,0.01020526834992843,0.008411466961412081,102,11,dual-fidelity: 3D FDTD coupler/mode/bend + CMT Eqs 2-7,,0.5225627766974985,0.9920463045581766,0.38948719864687065,0.07635135179391728,0.5257314517845706,0.2719165869118778,0.7443326881853009,0.17078849823167153
5.116945193876289,479.7749147108345,241.32699055062304,1.5025501755661976,2.417051927577332,4.246925270851863,1544.971471293688,15.86117284805573,0.09276623122910434,16654.459826853148,1.538316239822032,0.01515419750288112,0.9923939754437845,0.9970457453883789,0.0211280519322727,0.004570255977422082,55,6,dual-fidelity: 3D FDTD coupler/mode/bend + CMT Eqs 2-7,,0.01133570036202669,0.7980931138681924,0.45776233133729877,0.500398708116019,0.22186662542306027,0.8590657231999932,0.5574472002192853,0.15154420485398293
6.398067916775549,485.4896716520893,173.2267710787338,2.8092320065016176,2.427351195934142,4.235772667319188,1544.6958520121268,12.220258386731757,0.3673345404216529,4205.147303161348,0.2550573247417569,0.08705834085092443,0.9554798057254144,0.9972913567299977,0.01760246491526925,0.005956432344463181,72,8,dual-fidelity: 3D FDTD coupler/mode/bend + CMT Eqs 2-7,,0.13959089477135855,0.855295495632843,0.11625670230954492,0.9370768162738814,0.20569940197213946,0.5577188221366793,0.30742328922651524,0.022463993091743392
11.017845048581874,493.5254796157219,233.77376896616306,0.7134042490094061,2.4348781700819426,4.227742353023005,1549.8541504694574,8.010054045980496,0.04140359826603207,37432.837129544205,1.2120504495927287,0.013969769537497533,0.9929905490297994,0.9978955710165841,0.009113082004111499,0.009185016181126476,111,13,dual-fidelity: 3D FDTD coupler/mode/bend + CMT Eqs 2-7,,0.6020839905356097,0.9357306496819663,0.41988480747040763,0.23667517411492978,0.5082738928199505,0.20925360978248794,0.7045639811063368,0.11872584154579706
5.9772188664312855,460.5797911898355,297.9628467730258,1.7534339630959004,2.3762239027271863,4.288877015192627,1548.8016813826189,13.528138263227675,0.06042100700146769,25633.49666358584,1.9220615581986114,0.011107256604528534,0.9944308640601777,0.9972374299342993,0.01869041491579105,0.005338169419121432,63,7,dual-fidelity: 3D FDTD coupler/mode/bend + CMT Eqs 2-7,,0.09745903979439352,0.605957771113491,0.7417770357648072,0.5842411976281918,0.44653836109036055,0.6659678765793908,0.6357807093919989,0.1901443083691167
11.851637548231574,407.39818394560854,176.48085724506285,1.7663061583809396,2.246928122637026,4.3966529701489705,1550.9500352155608,6.988761834074239,0.8636032980973419,1795.9056416673664,0.04842950638573282,0.316110349263412,0.8269762092929808,0.9979031684699363,0.008092144490788204,0.010139824139357694,113,14,dual-fidelity: 3D FDTD coupler/mode/bend + CMT Eqs 2-7,,0.6855562584363829,0.07363161416341275,0.1325751334652835,0.588542937923215,0.5725560920418433,0.12472450413957938,0.1528714497364571,0.00167975209724643
12.405782339372854,408.99331742452983,212.08140867377008,2.2763160966833302,2.2535843796867088,4.39178377749749,1549.3479281733196,6.602402312106733,0.5568031869281342,2782.577335307694,0.07001620948441707,0.2292662748270859,0.8779144179092367,0.997906522718282,0.007477712832902339,0.010725059996583684,120,15,dual-fidelity: 3D FDTD coupler/mode/bend + CMT Eqs 2-7,,0.7410325579730136,0.08959824846908729,0.3111030266744107,0.7589824203794481,0.47858000155391933,0.09274675627486474,0.23241228090177027,0.0038511114188003732
7.5259121689057125,478.67823714733026,168.2823387503182,1.4510488772660484,2.409026038355653,4.255598794947945,1550.078493102826,11.187473074098534,0.24633457047906268,6292.5739172065405,0.318753451635066,0.06413835934763336,0.967399421465801,0.9975262228479767,0.01498903240578716,0.006524543807252189,78,9,dual-fidelity: 3D FDTD coupler/mode/bend + CMT Eqs 2-7,,0.2525011423493934,0.7871158195921353,0.09146160641124541,0.48318756384436173,0.5214333403836172,0.4722384691287282,0.3806412099713258,0.02887104739014154
14.874275868500414,410.4854869745335,243.61079510928838,2.975095972102456,2.258780800037925,4.387987134678424,1548.5581719521851,5.48182332167903,0.3818122806898623,4055.8102771189933,0.08440019996020919,0.1936476041081655,0.897971266740665,0.9979087710583274,0.0052601599893984125,0.012923043059693337,145,19,dual-fidelity: 3D FDTD coupler/mode/bend + CMT Eqs 2-7,,0.9881572961557492,0.10453425592037781,0.46921504203972764,0.9925066546594695,0.43225463118608975,0.0,0.30085486538406897,0.005297965607602277
10.692414804701649,477.72805370440494,346.513581392045,2.4761180734778927,2.4070600081096782,4.2576707759479735,1550.2897738705415,7.7953067070941415,0.02120250269834697,73118.2443849616,2.56796533314593,0.006313242518865236,0.9968383808226561,0.9978237627291778,0.009545649107557829,0.00937750576699647,112,13,dual-fidelity: 3D FDTD coupler/mode/bend + CMT Eqs 2-7,,0.569504661132195,0.7776048716012781,0.9852468702882016,0.8257539535616238,0.5338266075135106,0.19147965607596118,0.826187211274079,0.2551143585035545
14.391957081341232,471.65624636432284,187.85875117766335,2.6667556725562775,2.395929070598389,4.269197102139387,1550.2445368275992,5.861385985720062,0.2541389950854352,6099.986884367925,0.13458596559159536,0.12499618606301195,0.9354163853263359,0.9979202462707117,0.005634412519731901,0.01244890980062015,148,17,dual-fidelity: 3D FDTD coupler/mode/bend + CMT Eqs 2-7,,0.9398716099301694,0.7168285612456327,0.1896324359908315,0.8894628566307907,0.5311731016435135,0.03141519356829597,0.3749947312365827,0.010346042171905136
10.26739815344657,461.8581343912685,260.4484179362534,2.751520165546026,2.3734916051167256,4.2917020477324765,1553.0843729848166,7.995249862201263,0.11116221768161653,13971.333114575476,0.4541345060804102,0.04044197097772202,0.9795703287780199,0.9977869503960203,0.010141655291973821,0.009101950721732746,107,12,dual-fidelity: 3D FDTD coupler/mode/bend + CMT Eqs 2-7,,0.5269555811263681,0.6187534641913073,0.5536515243219666,0.9177901797490939,0.6977516713926407,0.20802831461226812,0.5255358304146045,0.04248873199847886
12.188700784946645,444.2524295073774,193.95461813018983,1.6959905580159524,2.3424826601125814,4.320516143485138,1548.281275707504,6.913146585978893,0.2956796962281501,5236.346274222465,0.13672033398456393,0.12331805861194285,0.9363129505608994,0.9979172378201354,0.007712647804753044,0.010396860084210206,121,15,dual-fidelity: 3D FDTD coupler/mode/bend + CMT Eqs 2-7,,0.7193001849005842,0.4425275525109807,0.22020168957380087,0.5650442692998167,0.4160125038750917,0.11846607073535702,0.347262837615257,0.010560733627312465
12.90173237640105,420.78614194485573,190.9143214708317,2.655930714454668,2.281695007124453,4.371291249646168,1551.8371292202223,6.357161593089813,0.6967481107972349,2227.2570318770945,0.05421747206506295,0.28664479364978174,0.8446035794088361,0.9979072623651095,0.006967476088064411,0.011228858775351826,127,16,dual-fidelity: 3D FDTD coupler/mode/bend + CMT Eqs 2-7,,0.7906828898884584,0.20763960302354545,0.20495535951588295,0.8858452795643712,0.6245910836218994,0.07244896255426908,0.19197469901646827,0.0022619509246076036
14.565300346058756,436.5971780467823,288.4648180016369,1.8229688697690092,2.325799180027011,4.335155894274981,1547.7529774396187,5.789546434403519,0.07640394246590552,20257.501478150654,0.4435109758254473,0.03851216773891144,0.9805548593837514,0.9979449789580145,0.005496937427673781,0.012371114452911777,143,17,dual-fidelity: 3D FDTD coupler/mode/bend + CMT Eqs 2-7,,0.9572252745857939,0.3659016135507126,0.6941467885313782,0.607478967357652,0.38502368445267293,0.025469262568547358,0.5930237611714959,0.041420134290831224
10.71177872726096,467.87833544644354,207.03909079873642,0.8983968646702092,2.393921742112987,4.27113302506951,1546.0010249110298,8.065605558115521,0.11083960556628922,13948.092083261896,0.4414649843325594,0.0400379939447199,0.9797765082177058,0.9978720927673527,0.009519345153710113,0.008983114977489295,107,12,dual-fidelity: 3D FDTD coupler/mode/bend + CMT Eqs 2-7,,0.5714432136283613,0.679013216722875,0.28581705915440786,0.2984975883533707,0.2822579858967915,0.21385143162342832,0.5252333997868783,0.04121433247479693
5.070189951886462,472.19576538860014,313.91101244779463,0.5533590366372654,2.397611706599827,4.2674528569850505,1549.6874452230131,16.928225448330068,0.031151806154381078,49746.31125858719,6.253413781300324,0.0027865819562782083,0.9986057370372562,0.9970622452840735,0.0212692922378661,0.004285275940865026,51,5,dual-fidelity: 3D FDTD coupler/mode/bend + CMT Eqs 2-7,,0.006654960145749931,0.72222892621535,0.8217531120952067,0.1831898964415129,0.4984953281475527,0.9473822705344487,0.7562244109987512,0.625825569262474
5.008687026705814,438.8410336449256,289.6419487376128,0.7835485046448984,2.336237667504988,4.325890089965666,1543.6739796545003,16.53196876328616,0.07061780452382045,21859.557799390317,2.189604469167584,0.010287457963265042,0.9948429735575032,0.9970396497908972,0.021456521890836848,0.0042948887466873415,50,6,supplementary targeted batch (Phase 2.2 step 3); dual-fidelity: 3D FDTD coupler/mode/bend + CMT Eqs 2-7,,0.0004978063580663655,0.3883616911829131,0.7000498058131842,0.26011658129139653,0.1457586073713736,0.9145853659842162,0.6068500644740691,0.2170558654972436
14.452500164620648,441.2653507138687,216.57522604502716,2.012877159119143,2.335278872202502,4.326947818877841,1548.689845596034,5.827660210479962,0.23156503181682656,6687.926209951615,0.14551292709275776,0.1150634553470637,0.9407106593703168,0.9979396579972756,0.005586010624263589,0.01232835383059713,143,17,dual-fidelity: 3D FDTD coupler/mode/bend + CMT Eqs 2-7,,0.945932672447716,0.4126281143959699,0.33363840086274915,0.6709441434652479,0.43997831876935417,0.02862381849960888,0.3917100963408324,0.011445161365945295
13.727821627081164,401.2133157937586,249.53079982655242,1.0712311697404795,2.228768124602081,4.409075661589045,1551.3087730432192,6.15473864906312,0.22242313953835355,6974.583562946782,0.1580345977337219,0.10507006343314854,0.9460073660214552,0.9979659755612769,0.006193705836588266,0.011491598233224135,127,16,dual-fidelity: 3D FDTD coupler/mode/bend + CMT Eqs 2-7,,0.8733839735174065,0.01172361128193543,0.4989023903404341,0.3562568343886777,0.5935988673774446,0.05569505978216852,0.3993339243127232,0.01270468886967712
11.761448360535157,441.98368218429357,323.8985502735077,1.8827269907132314,2.3351313431546283,4.327146771694898,1550.064446931154,7.1235622856929695,0.04468649975050512,34687.533272588276,0.9855282632113609,0.017376520169591028,0.9912736654579345,0.9978961288268619,0.008196817133963584,0.010096425756494012,117,14,dual-fidelity: 3D FDTD coupler/mode/bend + CMT Eqs 2-7,,0.6765272781561437,0.41981831888361393,0.8718381252428743,0.6274494472274998,0.5206094227144065,0.13588150845504685,0.690727708384331,0.09594046951888748
8.41021954254212,413.65251231635244,221.1738157375707,2.2678448355250005,2.2672043132208297,4.381874712621116,1548.680236201063,9.492101411895419,0.5001071552513159,3096.696817750616,0.12700513273113712,0.1495172428053799,0.9222162204139657,0.9976226973370885,0.013214346504272239,0.007459225479017686,84,11,dual-fidelity: 3D FDTD coupler/mode/bend + CMT Eqs 2-7,,0.3410305330908778,0.13623488545253612,0.3566991821314627,0.7561514218848241,0.4394146527049038,0.3319179529555228,0.2518417826540376,0.009583502750232089
12.660643932135303,413.33756377548826,209.7048175130685,2.8991372347808753,2.267246471540402,4.381779687611083,1548.0295737044958,6.386616797770785,0.6468880122220968,2393.04105881778,0.058876429910378204,0.2683218963459706,0.855381846694229,0.9978946430499757,0.007211007370023765,0.011095168032440268,125,15,dual-fidelity: 3D FDTD coupler/mode/bend + CMT Eqs 2-7,,0.7665471496221622,0.1330823792556975,0.29918501428662064,0.9671221142714681,0.40124821560531504,0.07488687609085039,0.20501645061235743,0.002730585319582386
9.944554515979586,404.6510175743908,169.27355949997704,2.8249976661991236,2.23505487924243,4.405197782684833,1553.8985086413068,8.011273967338639,1.6721280820453066,929.2939490260911,0.031940244524177534,0.46670581157338564,0.7302699421629062,0.9977601992470722,0.010619130382209678,0.008857351639974186,98,12,dual-fidelity: 3D FDTD coupler/mode/bend + CMT Eqs 2-7,,0.49463520092622726,0.04613360136028166,0.09643233144330406,0.9423455192492943,0.7455070860475428,0.20935457879033537,0.033190107593525434,2.1133257447113265e-05
9.88340013755763,478.9275183177753,290.480114638284,2.8201405548602625,2.406532975891651,4.258319155204402,1552.5464586302867,8.321936106254498,0.05206481059845838,29819.496907499688,1.0592342923711804,0.017177272218633174,0.9913741613444275,0.9977554054952343,0.010712076558956974,0.008806137033069912,105,12,dual-fidelity: 3D FDTD coupler/mode/bend + CMT Eqs 2-7,,0.48851294069830786,0.789611022244692,0.7042529989211962,0.9407223282472066,0.6661987933868493,0.23506709520192723,0.663258256710553,0.10335439802567532
10.8440222065937,450.8558098926255,333.95110483150285,0.7053515720035662,2.3581882393708145,4.306079410329654,1547.187373672359,7.96120322949082,0.022198935893123575,69696.46568291688,2.413220298013734,0.006586446915510316,0.9967013359499874,0.9978858658214376,0.009341633085176444,0.009040941538616756,106,13,dual-fidelity: 3D FDTD coupler/mode/bend + CMT Eqs 2-7,,0.5846823146512542,0.508624691832399,0.9222491810997654,0.23398406165184518,0.35184660613588553,0.20521038319203866,0.8174808066190346,0.239548893366872
5.498296809118882,476.09308618375337,202.6544238216003,1.7421358200938337,2.404511735260993,4.260320595096248,1549.9356048257532,14.718606945402371,0.19140821762219454,8097.539510477277,0.6383512121166623,0.03697729405615031,0.9813372029755366,0.997131122832507,0.020010521773244142,0.004944041617548258,59,7,dual-fidelity: 3D FDTD coupler/mode/bend + CMT Eqs 2-7,,0.04951340549285477,0.7612395148152414,0.26382904699062626,0.5804654875853671,0.5130518269754499,0.7644991801837658,0.4264527309539057,0.061018688148297744
12.807440349094323,473.4063956429951,169.9670784364836,2.081865268141823,2.3993269416664447,4.265702783134879,1550.1346510177543,6.633850225606011,0.2848862725233127,5441.240244002645,0.1357930416174648,0.12382356532949333,0.9360429662523546,0.9979224304491177,0.0070617285673901615,0.011002582702837972,131,15,dual-fidelity: 3D FDTD coupler/mode/bend + CMT Eqs 2-7,,0.7812431679341821,0.7343468403628117,0.0999101560742819,0.6939991796800289,0.5247274406876308,0.0953495999776164,0.35423529935408415,0.010467459313217265
5.020226403648425,484.9105462036089,173.80007928387494,0.9518038741009349,2.415679150255663,4.24874265071822,1553.775074075883,16.84846754226851,0.18042627535497913,8611.689572480022,0.8090233110271093,0.029937435040626334,0.9849175422132422,0.9970375930000376,0.021421268089857438,0.004348060668421687,52,6,supplementary targeted batch (Phase 2.2 step 3); dual-fidelity: 3D FDTD coupler/mode/bend + CMT Eqs 2-7,,0.0016530313858356626,0.8494986865411988,0.11913170008109121,0.31634559946705015,0.738266684761133,0.9407809625162951,0.4376354483359311,0.07818622184736287
13.777131644453199,460.7869975004982,241.49975817329232,2.81633985503857,2.373062540716926,4.29206055384214,1551.6959602234003,6.066117971260837,0.13816540422224977,11230.712702344626,0.25823898036879117,0.06687803263121994,0.9659823846058374,0.9979142010329695,0.006150336571084617,0.011985603608365973,141,16,dual-fidelity: 3D FDTD coupler/mode/bend + CMT Eqs 2-7,,0.8783204762827822,0.6080318216126488,0.4586287179086322,0.9394521778796725,0.6163104194280299,0.048360208356920516,0.4858705418137727,0.02278402888285762
5.45689817844879,408.5245187347037,218.37035372594954,0.050804341582926175,2.2524992548448246,4.392535193813835,1549.1929043991436,15.757735973380704,0.19942647953677478,7768.240747154483,0.6475472332927433,0.03593319715220933,0.9818690354868059,0.9971718959363884,0.020128920585286494,0.004470480448300144,50,7,supplementary targeted batch (Phase 2.2 step 3); dual-fidelity: 3D FDTD coupler/mode/bend + CMT Eqs 2-7,,0.04536892399239643,0.08490576514882296,0.342640518809103,0.015241870926320534,0.46948664646238636,0.8505045823190127,0.4189110564230816,0.061943695835233875
5.266928874767376,486.68182550097663,246.3800015012643,0.6187287635224105,2.4295303400193164,4.233383441369846,1544.5760573653151,16.28332224859355,0.05116317309983162,30189.21548027283,3.0441866087741456,0.006873032652063063,0.9965575584721321,0.997109347821809,0.02068127377479629,0.004462971194102604,54,6,supplementary targeted batch (Phase 2.2 step 3); dual-fidelity: 3D FDTD coupler/mode/bend + CMT Eqs 2-7,,0.026350800638587944,0.8672284685111742,0.4831019219665946,0.20503571077151417,0.19867251034010855,0.8940056853960695,0.6654966644691703,0.3030164166006366
9.537005885051835,409.3952615766182,262.99504442496766,2.2817099202910636,2.2565191066215964,4.3895509072784655,1548.0248014732163,8.428549411176846,0.272367770105459,5683.582902903054,0.19682621249042787,0.09400960151482822,0.9518352790715271,0.9977417239183622,0.01125411305365444,0.008383205361963257,94,11,dual-fidelity: 3D FDTD coupler/mode/bend + CMT Eqs 2-7,,0.45383487168641407,0.09362154518532177,0.566422221504317,0.760784974477163,0.40096828696963255,0.24389113910401466,0.3621508696731937,0.016606652681151274
10.198346886766327,476.47467445255995,341.16793759500354,0.5284442005266156,2.4044073011900036,4.260454333026177,1550.6044519655175,8.62728971671163,0.01359679487773685,114041.90957564929,4.988479190289242,0.002772218308227562,0.9986129288627162,0.9978483085521385,0.010241941279222148,0.008467548923275533,101,11,dual-fidelity: 3D FDTD coupler/mode/bend + CMT Eqs 2-7,,0.5200427510953443,0.765059057457836,0.958439798862822,0.17486364345453043,0.5522849354206538,0.2603402416098464,0.9069305832596462,0.49858856123991263
10.402955417119665,491.29217409923166,150.84839578336994,1.800114500978423,2.4294455552840057,4.233781191825931,1551.3342833042168,8.209486592684016,0.2719897321231721,5703.650175300317,0.184710263226001,0.09642593562925961,0.9505651289473754,0.997824936505067,0.009947627025069274,0.008965310331906165,108,12,dual-fidelity: 3D FDTD coupler/mode/bend + CMT Eqs 2-7,,0.5405264302692547,0.9133761740560399,0.004034727239155745,0.599841298959469,0.5950952434201656,0.2257600068864771,0.362791116350116,0.015387935804631518
9.091803417804648,471.39678506048995,248.92133962326014,2.8743877998800462,2.393778989348748,4.271443208670439,1551.6194386776647,8.924730267818177,0.12147617082963437,12773.035469267063,0.48722241471101296,0.03944440516831612,0.9800793819031619,0.9976811241330266,0.0119912348857773,0.008173653962535802,97,11,dual-fidelity: 3D FDTD coupler/mode/bend + CMT Eqs 2-7,,0.40926495815066605,0.7142314596177646,0.4958460993077946,0.9588511364751875,0.6118218331371474,0.2849584492823025,0.5092466220296235,0.045816972467036726
5.425757693121503,431.50740138236955,217.8287825043357,0.28933007886529033,2.3173507189408156,4.342187330501673,1545.0357104698949,15.728294376237955,0.15508950265872742,9962.219776213527,0.8445751458464987,0.027492518151906932,0.986157939606072,0.9971574189580718,0.020218442861877853,0.004507061152810869,52,6,supplementary targeted batch (Phase 2.2 step 3); dual-fidelity: 3D FDTD coupler/mode/bend + CMT Eqs 2-7,,0.0422514014254611,0.3149550289719786,0.33992467410060084,0.094954441528804,0.22563475481574136,0.8480677950350577,0.46409879982223823,0.08176230327028904
7.357780477485529,412.0886092745181,230.6681371608167,0.28865724302690765,2.256606230992401,4.390076545406215,1553.328682672596,11.670767496188546,0.17749139575972375,8751.571736893606,0.46374991572814583,0.0440135700512624,0.9777455854918178,0.9975349617924647,0.015352493152170271,0.0060849896478336815,68,8,dual-fidelity: 3D FDTD coupler/mode/bend + CMT Eqs 2-7,,0.23566921642689845,0.12058085506042929,0.4043108379378836,0.0947295874946774,0.7120823426402457,0.5122392101362635,0.44056241102110977,0.04345592505587737
10.750699966526453,482.6502068147211,270.47140031533183,0.6903984831701799,2.411813026313799,4.252831752758456,1553.6907863973956,8.201530791143796,0.02959582346383797,52496.96087340811,1.8078087217045071,0.009127465619504265,0.9954258055628735,0.9978807021992717,0.009466693598600922,0.008960826814929008,107,12,dual-fidelity: 3D FDTD coupler/mode/bend + CMT Eqs 2-7,,0.5753396796104422,0.8268736128994064,0.6039142830714328,0.22898691055638293,0.7333225541308499,0.22510153051602477,0.7660008813914463,0.1786518650626364
6.64812390707235,475.04057273056986,344.82437051506895,1.8948766081906534,2.408125803294015,4.256409088034257,1545.3095117024104,12.238771067553444,0.026769350334578307,57726.82162205164,4.23935525033311,0.0041832697321349714,0.9979061730783436,0.9973659537403833,0.016986271151828394,0.005922949197048994,71,8,dual-fidelity: 3D FDTD coupler/mode/bend + CMT Eqs 2-7,,0.16462439006067445,0.7507042852367436,0.9767758987175393,0.6315097102917565,0.24169533549116984,0.5592510578030896,0.783252020896253,0.42323582012947836
5.418429745026658,402.6988190911821,202.35041060166782,0.46825793981015607,2.225273421700684,4.412174805236899,1556.868668950506,15.576586716839756,0.3880274838126916,4012.263908867952,0.32566201804381806,0.07200783076974451,0.9633235018571152,0.9971503403189146,0.020239566958919347,0.004547596825402363,50,6,dual-fidelity: 3D FDTD coupler/mode/bend + CMT Eqs 2-7,,0.04151778910969563,0.026592892268924452,0.26230449645744264,0.1547500841744226,0.9197301851423918,0.8355114349467212,0.2988939311756541,0.02956596499759835
14.868739736582533,439.58562813385447,348.8613809146141,2.792481168190674,2.33109759250994,4.33063032840046,1548.9753846836677,5.579946428031917,0.038777570945727834,39945.13701880855,0.8758024135339757,0.019489038461978848,0.9902075345795048,0.9979142685346148,0.005264311422021444,0.01287104122012202,149,17,dual-fidelity: 3D FDTD coupler/mode/bend + CMT Eqs 2-7,,0.9876030653527886,0.39581477775394286,0.9970204997860768,0.9314788778848209,0.45672741632014047,0.008121337190491405,0.7163640229479409,0.08490338592982662
13.313934336648046,454.1555311971989,293.9114296957536,2.31878460857292,2.365376649094936,4.2992919385902155,1546.9823620524583,6.284547350586308,0.05973168554617515,25898.856660533624,0.6286502176486044,0.02730483252416243,0.9862530950399282,0.9979243170553714,0.006569997159482943,0.011477893156850463,135,16,dual-fidelity: 3D FDTD coupler/mode/bend + CMT Eqs 2-7,,0.8319490711858635,0.5416535537282673,0.7214601887978347,0.7731749108458914,0.33982107348738566,0.06643891283078998,0.6376515468808054,0.060042886300731464
11.583514032085294,400.9485951803961,261.74805154958267,0.263594335913988,2.224996841389936,4.411867868427618,1553.4409595159445,7.432263417419335,0.1303324723892182,11919.063077978206,0.3333409179582545,0.051428475633263186,0.9739463662680491,0.9979370085091064,0.008407313160499181,0.009530111999685533,105,14,dual-fidelity: 3D FDTD coupler/mode/bend + CMT Eqs 2-7,,0.65871399494797,0.009073866114784172,0.5601688630040956,0.0863538508739492,0.7186682563851005,0.1614317185433801,0.49667660630530214,0.030338368770062688
6.789427680598467,455.31990361463585,152.21444091396555,1.851683674802687,2.3683587886681536,4.2964304977247245,1546.5249326742737,11.934691281846654,0.6163193051381444,2509.291725540918,0.1423746077758138,0.14640437901901987,0.9239023871497357,0.9973928724886135,0.016647654787063097,0.006027137947545006,71,8,dual-fidelity: 3D FDTD coupler/mode/bend + CMT Eqs 2-7,,0.1787705312698094,0.5533084458300881,0.010885103129602367,0.6170751264542026,0.31298926793213994,0.5340833418152175,0.21363334629190858,0.011129484679620997
7.630153926233991,441.47520983101685,311.18481032681893,2.9953141772291962,2.3312296036996463,4.330693664970335,1552.204604270292,10.261751975352126,0.0952752340471755,16291.795237172742,0.785129786958728,0.026158377641592765,0.9868341412610364,0.9974957156243767,0.014768020864049162,0.007011198921387757,81,10,dual-fidelity: 3D FDTD coupler/mode/bend + CMT Eqs 2-7,,0.2629369472982375,0.41472871840403197,0.8080818878700791,0.9992633473417059,0.6461463652896581,0.39561948032262634,0.5534478136218935,0.0757828244423272
13.228761563180566,470.8802019253583,307.4469357552123,1.5237091963746319,2.3937568753595886,4.271435915925215,1550.8337040272086,6.513471288976461,0.02742624799513401,56545.60201972792,1.4718890434710397,0.01106832957180902,0.9944504363859422,0.997946842929768,0.006650225074741006,0.01120160322823197,133,15,dual-fidelity: 3D FDTD coupler/mode/bend + CMT Eqs 2-7,,0.8234222919599574,0.7090606735261179,0.7893373784293966,0.5074698106280097,0.5657323592980803,0.08538621855463714,0.7794964027963186,0.14486243824321163
11.911397181137811,406.76796027964025,224.52784826269635,1.7368341887714964,2.251253135888009,4.39312310826735,1546.5552971002055,6.926799710705609,0.3949587157254978,3915.739127972769,0.10314285068589576,0.16130855077615314,0.9158009877827424,0.9979063243627335,0.008023525401041372,0.010180973937426297,114,14,dual-fidelity: 3D FDTD coupler/mode/bend + CMT Eqs 2-7,,0.691538888514846,0.06732333279494572,0.373518819368394,0.5786937430939546,0.31477037865929103,0.11959609641157974,0.29447035790912107,0.007183247912074695
11.670710699828735,402.8745227575902,314.9715083855432,0.763010054161882,2.235856582115999,4.404107944368143,1549.6816808608462,7.256885634973742,0.07325683271574664,21154.090661740287,0.5905602089442912,0.02908293773924292,0.9853512380165547,0.9979258352249829,0.008303492691205552,0.009731183553238064,108,14,dual-fidelity: 3D FDTD coupler/mode/bend + CMT Eqs 2-7,,0.6674433893872258,0.028351614171998128,0.8270712349310911,0.2532528662774691,0.4981572032867777,0.14691625771156544,0.6008908886479863,0.05621149550983193
8.287452716498825,466.6864961903944,245.21124032637925,0.9227938566055288,2.3864561165057894,4.278791804791696,1550.2530738423513,10.36347694809956,0.06908212161979002,22440.727607854024,1.0420753952200768,0.018307742382588105,0.9908038441676595,0.997647595817321,0.013447559332182633,0.007009234551210064,83,9,dual-fidelity: 3D FDTD coupler/mode/bend + CMT Eqs 2-7,,0.3287401546128766,0.6670833927903018,0.47724087594783554,0.3066507837455737,0.531673864232837,0.4040389325299825,0.6116165489703365,0.10162842203451504
7.2985897270005005,427.6027653752066,227.21942146247392,0.26723430748050236,2.303206217482024,4.354065134438358,1548.5844116912663,11.799813508064517,0.13558607550380988,11421.411866499167,0.6214468271410478,0.03284681502771207,0.9834394668571563,0.9975262191993781,0.015482536137353228,0.006031071845601715,69,9,dual-fidelity: 3D FDTD coupler/mode/bend + CMT Eqs 2-7,,0.22974353805510941,0.2758712180890802,0.38701638818377365,0.08757028769872391,0.433793796815633,0.5229199377903987,0.4889291711950538,0.05931831298104146
12.998032578192493,472.9622794017117,215.72117860348135,0.18260667392092134,2.399076714785968,4.265944426975418,1549.6573588740298,6.8388652089461175,0.059193494496527645,26179.52145002918,0.67258625443117,0.024767063982474975,0.9875388275999709,0.9979830187344,0.006872514608348797,0.010664453886499729,127,15,dual-fidelity: 3D FDTD coupler/mode/bend + CMT Eqs 2-7,,0.800323653323259,0.7299014182664879,0.32935556578517583,0.05928870143512715,0.4967305288052106,0.11231803759331975,0.6396095412290979,0.06446231628889745
9.850847012397145,404.450308340387,297.37312661733733,2.8009038646104027,2.2450957671780536,4.3973839464991755,1546.2869136926197,8.02179691792594,0.20988838986926395,7367.186506389308,0.242286403528641,0.0764755201967556,0.9610018105098681,0.997753312989658,0.010761884129222939,0.008774545642302503,98,12,dual-fidelity: 3D FDTD coupler/mode/bend + CMT Eqs 2-7,,0.48525399655387746,0.04412458394358385,0.7388197361513771,0.9342936465998051,0.29902759572921944,0.21022552991627105,0.4092819308580358,0.021179394017296474
5.138430553446209,445.23038780286237,279.4305340685443,0.43250312369071947,2.3403215072629058,4.322616513714442,1551.6667477386404,16.659869129768822,0.05985015186589088,25925.861495147663,2.6275884026260594,0.008235320345149854,0.9958738271763398,0.9970830814493422,0.02106346291169714,0.004309593288358453,50,6,supplementary targeted batch (Phase 2.2 step 3); dual-fidelity: 3D FDTD coupler/mode/bend + CMT Eqs 2-7,,0.013486633226880155,0.45231651542634005,0.6488421060896474,0.14280123397162256,0.6145968790472736,0.9251712722156955,0.6378408602827806,0.26111171285190005
10.162625395548082,419.5898214011251,159.38288847179632,1.3640663306723875,2.2812345492315442,4.371465489055276,1549.884515320084,8.21798186142837,0.7780280849532515,1992.0675683747459,0.06515300679941002,0.2531109996113313,0.8642274008550462,0.9978206968926024,0.010294209652465401,0.00865563285977294,98,12,dual-fidelity: 3D FDTD coupler/mode/bend + CMT Eqs 2-7,,0.5164666168820511,0.19566492323246637,0.046833081144562944,0.45411899260534666,0.510055028458762,0.22646313324031087,0.17170244351270555,0.0033619324814507484
14.052437057782965,415.150302043954,291.5041554774222,1.3469205626960852,2.267614218475714,4.381839247291447,1551.3193385243044,6.017351756033804,0.09738188847327103,15930.265502605282,0.3574593009153571,0.047466418794429456,0.9759782688183024,0.9979594444138099,0.005913720771928431,0.011828427932999604,133,16,dual-fidelity: 3D FDTD coupler/mode/bend + CMT Eqs 2-7,,0.905881730702377,0.15122714858501224,0.7093883085227218,0.4483890732435343,0.5942186153595298,0.04432398394369737,0.5493713301769736,0.032764384239646116
13.377649028831193,454.36746572694835,318.8181870371154,1.480411373834145,2.365232380926212,4.299442905651424,1547.4500942953182,6.380070581430118,0.031160392490621747,49660.802403597765,1.2513159711571062,0.013154691282022938,0.993400880167708,0.9979502040261379,0.006510615002558493,0.011311959174129343,133,15,dual-fidelity: 3D FDTD coupler/mode/bend + CMT Eqs 2-7,,0.8383276484186419,0.5437749317683939,0.8463613697171481,0.49300017403652246,0.36725722252124526,0.07434506660070583,0.7559118962762279,0.1226754746080911
7.200720293918342,440.6508187418587,261.89426849237833,1.9331940091094173,2.3337585167712755,4.328291130752707,1548.7908913176816,11.220393620809546,0.1444189144035553,10724.293959098984,0.5675881950966589,0.03695624031427451,0.9813479299849394,0.9974606853784364,0.01569997764450552,0.006384280236109936,74,9,dual-fidelity: 3D FDTD coupler/mode/bend + CMT Eqs 2-7,,0.21994567642771057,0.4064769004719388,0.5609021045327013,0.6443149469963595,0.44590543951135164,0.4749631979950762,0.47748888286409485,0.053900790805417716
13.810477502841543,431.75179692404134,266.009358895019,2.89150926936687,2.31123093190668,4.347597274270283,1550.1460674423554,5.953336644857018,0.17218187611724226,9002.957235678094,0.2030303954440693,0.08463441880650899,0.9567473967529209,0.9979121760874057,0.006121180390617096,0.012032385023063854,138,17,dual-fidelity: 3D FDTD coupler/mode/bend + CMT Eqs 2-7,,0.8816587821873597,0.3174013284769263,0.5815382573580231,0.9645729355600009,0.5253971031527913,0.0390256569494034,0.44570683600499456,0.01723071789515964
5.37428786808648,476.5577504916082,276.0879252208064,1.6459721929300488,2.41416778407122,4.249970019659727,1542.5529409455107,14.994520024198664,0.0625781581439337,24650.021456328934,2.18959832797327,0.010062361567437358,0.994956098746353,0.9971046660618766,0.020367281380428117,0.004817746824172694,58,6,dual-fidelity: 3D FDTD coupler/mode/bend + CMT Eqs 2-7,,0.03709867694552827,0.7658906146614026,0.6320797557478594,0.5483287043307793,0.08000093177368586,0.7873356274942763,0.6286739780943691,0.2170552477679193
12.615720967863187,495.43890124529634,245.87307417651635,1.1207645673102433,2.4362661117614857,4.226317039187602,1551.3769881316587,6.9630003981351365,0.03792192907952,40909.75922871736,1.1157460384699112,0.014884058808574938,0.9925300706736422,0.9979466606320382,0.007257317550055288,0.010596097428718868,128,14,dual-fidelity: 3D FDTD coupler/mode/bend + CMT Eqs 2-7,,0.7620498415866565,0.9548832183138044,0.4805598077670822,0.3728103287660437,0.5976002150744528,0.12259231208462879,0.7206986155597728,0.10903879114989669
8.274762470512824,485.98983280970964,233.4333082892423,2.7478441144006047,2.4239718442254348,4.2395729112175395,1548.3134753745119,9.788706523082055,0.1177319049082272,13151.18001854665,0.5758073190316381,0.03457526010340428,0.9825602983515036,0.9975914904462213,0.013471899722828038,0.007473382046510698,90,11,dual-fidelity: 3D FDTD coupler/mode/bend + CMT Eqs 2-7,,0.3274697142897564,0.8603019044401027,0.4181774820236954,0.9165616855421109,0.41790126582459697,0.35646701392498326,0.514546425601878,0.05472753453231466
12.875035825175607,470.95342425596425,339.39890537823305,0.2556400508625192,2.3967186623874315,4.268332997891179,1548.4993089096995,6.877174154348268,0.011919386348518465,129914.34824177607,4.053684859105147,0.0033968852762941417,0.9983001125531871,0.9979784180798612,0.00699403304414366,0.010582977083624297,126,15,dual-fidelity: 3D FDTD coupler/mode/bend + CMT Eqs 2-7,,0.7880102564972332,0.7097935991346916,0.9495685431657982,0.08369561987556054,0.42880185402377974,0.11548874706825306,0.930601898011767,0.40455964096092445
8.952668755254404,452.66310114466995,344.5650385227534,2.189341261223394,2.3555268197416956,4.308766486640836,1552.342339390972,9.181688454425966,0.03458774409732669,44881.28323786672,1.9011471399713025,0.009419381443885445,0.9952791661418994,0.9976870552552366,0.012231357479780297,0.007881894709715913,92,11,dual-fidelity: 3D FDTD coupler/mode/bend + CMT Eqs 2-7,,0.3953359700252547,0.5267149387531475,0.9754754134056044,0.7299164261130416,0.6542256058292154,0.3062260604991144,0.737529328788726,0.18804057271457328
6.177037452646207,401.6654149472239,252.64186528167107,0.35736505580731837,2.233549910667138,4.405556541603771,1548.8375944257014,13.67712841954176,0.170119818885482,9104.392448644201,0.6226300805534495,0.035463329602404704,0.9821082783469424,0.9973206094240261,0.018165719087724227,0.005138406139877309,57,7,dual-fidelity: 3D FDTD coupler/mode/bend + CMT Eqs 2-7,,0.11746319018803837,0.01624893906714778,0.514503608272417,0.11769095191430495,0.44864494154811446,0.6782993175871704,0.4477420737446456,0.059437333857691
10.583975830378467,474.0622011326803,254.84201880365288,0.6688066277026353,2.3999907359672457,4.265034455246963,1550.5927503107616,8.275809036770852,0.0427653092799729,36258.19095939306,1.2279869331947688,0.013937795819896523,0.9930066486082072,0.9978708437793173,0.009694301535249063,0.008819030308969805,105,12,dual-fidelity: 3D FDTD coupler/mode/bend + CMT Eqs 2-7,,0.5586486662421084,0.7409111853332013,0.5255368298730049,0.22177115965668945,0.5515985419792683,0.2312493044815778,0.6987722820650825,0.1203288576276827
13.78771703291543,488.0407823055118,331.5691110713029,0.21508925204521687,2.423702360703622,4.24002155376573,1551.543038756869,6.50058342610987,0.009809305214385836,158170.53347279414,4.812044113962744,0.0027118128090219767,0.9986431731058787,0.9979919781699892,0.006141066150032394,0.01131792474603107,136,16,dual-fidelity: 3D FDTD coupler/mode/bend + CMT Eqs 2-7,,0.8793801960355075,0.8808310708149604,0.9103040760219023,0.07014400716265308,0.6073403810988867,0.08431953116677578,0.9663512621884259,0.4808413422283178
13.688718179268172,440.2069405729123,275.2988550601092,0.24054141608434698,2.3305274625887686,4.331210257871403,1550.5149038261807,6.396774794043495,0.0462735521756338,33507.58329382444,0.8078130611629485,0.02042788619403757,0.9897333549021992,0.9979904841212088,0.006228315509298517,0.011243678650134915,130,16,dual-fidelity: 3D FDTD coupler/mode/bend + CMT Eqs 2-7,,0.8694692663533802,0.4020338613824248,0.6281227655404024,0.07864982899165517,0.5470322376773329,0.07572762110980388,0.6844408972535767,0.07806448545658835
5.374505080636316,421.0803488660741,165.41095258760004,0.4137824513579874,2.2849162364676188,4.368646552136775,1550.0054670542593,15.766279964803289,0.4568482483900101,3392.823486828878,0.28022143490527035,0.08365765507669506,0.9572577212659634,0.9971414958361042,0.020366650956708886,0.004497554913635176,51,7,supplementary targeted batch (Phase 2.2 step 3); dual-fidelity: 3D FDTD coupler/mode/bend + CMT Eqs 2-7,,0.03712042243275558,0.21058449408336347,0.0770623203988791,0.13654499960441746,0.5171497923015299,0.851211741293841,0.26843166783818057,0.02499519597725886
5.904189388602996,492.4653130195465,311.8818169017037,2.939931588386911,2.425888390525957,4.237975926474043,1556.0799236824028,13.209079904074542,0.043122194707982724,36085.36008475337,2.8112416262715834,0.007345416346729528,0.9963205225494808,0.997186413511276,0.018885938975752487,0.005587007295226473,67,8,dual-fidelity: 3D FDTD coupler/mode/bend + CMT Eqs 2-7,,0.09014794483911669,0.9251188152694183,0.8115772021383504,0.9807551202063971,0.8734641150653913,0.6395604317436284,0.6979043233285911,0.2795849895386232
10.28496821473275,461.0009127521998,194.9975718198156,1.5763305417284674,2.3768666293425467,4.28825280638635,1548.9633528945749,8.221242563299256,0.21084138574100486,7346.581163137031,0.2394070530015534,0.07504918172426422,0.9617436343827475,0.9978233155418224,0.010116294673704646,0.008810752893159725,104,13,dual-fidelity: 3D FDTD coupler/mode/bend + CMT Eqs 2-7,,0.5287145473719619,0.6101730258701351,0.225431842407148,0.5250552618019841,0.4560216579215403,0.22673301115546668,0.4087731473905537,0.020889766435982587
9.154714582710575,462.21671629453385,298.93935958467307,1.639680572872559,2.3748295322924,4.290376926910591,1552.580028350176,9.198307548831735,0.044618869777881015,34796.48937947413,1.413584894021037,0.012807896996493357,0.993575413848142,0.9977243888488935,0.011884214216851763,0.007904016809423138,93,11,dual-fidelity: 3D FDTD coupler/mode/bend + CMT Eqs 2-7,,0.41556309301417643,0.6223427225159099,0.7466740041531826,0.5462261169381116,0.6681679196379646,0.3076015700450969,0.6912974051152931,0.13899775118031069
6.307174655987133,481.7403273649568,336.71307916486376,0.06623006231306924,2.415581572446335,4.2486215380039445,1549.1517059846826,14.10720575171581,0.017537421407918523,88334.06405375007,9.973292045239472,0.0012294409671398103,0.9993850904595586,0.9973554205709863,0.017831943462512385,0.005169008942882194,62,7,dual-fidelity: 3D FDTD coupler/mode/bend + CMT Eqs 2-7,,0.13049142863548777,0.8177660914106971,0.9360997940550185,0.020396970190682543,0.4670700376945195,0.7138954494504549,0.8605286584553532,1.0
13.470638725366243,442.75620959628014,250.7233360354445,1.2728109428739678,2.3332763976824737,4.3289366313499595,1552.860297113441,6.368565943997282,0.10149364517378667,15300.074151977615,0.3634985190034463,0.04672315925059596,0.9763589712546323,0.9979575256676467,0.006424910459443221,0.011333938356428151,131,16,dual-fidelity: 3D FDTD coupler/mode/bend + CMT Eqs 2-7,,0.84763699200766,0.42755100260023937,0.5048826622296337,0.4236224867539575,0.6846078715032805,0.07339286437923936,0.542039178597863,0.033371855998094904
5.13366874212086,442.1358882932602,267.99995785369384,0.7269302094966087,2.3399024809111,4.322755429567506,1546.6137128415062,16.278799723660995,0.0849748717448112,18200.836095241844,1.726345888927715,0.01324264457713163,0.9933566103987371,0.997073099134405,0.021077760757286405,0.004382254816083835,51,6,supplementary targeted batch (Phase 2.2 step 3); dual-fidelity: 3D FDTD coupler/mode/bend + CMT Eqs 2-7,,0.013009920866419382,0.42134183983848955,0.5915206150478521,0.24119539525578798,0.3181969181136786,0.8936313704024371,0.5735762333642296,0.17045769662007976
6.193937006018073,427.8061194645793,306.53107182269764,0.7153289946543557,2.303290741242856,4.354018834032322,1548.898223437989,13.56080632187036,0.06075008448045066,25496.23159678771,1.8571929949426869,0.01122155340352878,0.994373393950417,0.9973133550773637,0.018122024637796653,0.005245280557285261,60,7,dual-fidelity: 3D FDTD coupler/mode/bend + CMT Eqs 2-7,,0.11915503084030193,0.2779067094272551,0.7847445490552365,0.23731840207373592,0.4522013066315355,0.6686717078119839,0.6348053507594417,0.18361932125748368
5.0060639970105205,487.910282956736,161.46661364292618,0.4673214706289073,2.4318340196380452,4.230845527358294,1544.389632249126,17.25750566613101,0.15221230845937814,10146.286117599268,0.9888793374381356,0.024217266602957553,0.9878171558527633,0.9970484127648314,0.02146454356449472,0.004210527190229755,51,6,supplementary targeted batch (Phase 2.2 step 3); dual-fidelity: 3D FDTD coupler/mode/bend + CMT Eqs 2-7,,0.0002352107632041175,0.8795248256595763,0.057282443581366915,0.15443712689535558,0.18773722129493434,0.97463574607468,0.4674245027680483,0.09627754675695677
14.727146880064009,449.82608276780735,274.15224293412825,2.910985789427481,2.350475737776775,4.313400694919454,1551.5563615600524,5.658160645494263,0.10222441005030884,15177.94390592685,0.32707916882472576,0.05303258824805878,0.9731225060350527,0.9979116887596318,0.005371609764561156,0.012786197381405347,149,18,dual-fidelity: 3D FDTD coupler/mode/bend + CMT Eqs 2-7,,0.9734279835942988,0.49831754408967655,0.6223727914820132,0.9710817655844284,0.6081218675567248,0.01459487901679382,0.5405833321131497,0.029708513099738085
8.014970047467624,479.63281124142344,238.04089495978184,2.845231125441284,2.408686280899722,4.25602831405329,1551.8031767721427,10.044709786691556,0.12976700898102655,11958.379783562974,0.5433768521558253,0.037220828833351524,0.9812131120030186,0.9975545997312459,0.013979989448448606,0.007286500557780031,87,10,dual-fidelity: 3D FDTD coupler/mode/bend + CMT Eqs 2-7,,0.30146148952864305,0.7966707162070337,0.44128338089487346,0.9491073096822651,0.6225995073733154,0.37765558920471237,0.49727483390544663,0.05146542469408585
6.544261546979754,475.58166818381306,167.90617331260557,0.37004756320486787,2.404978386665181,4.259794392389783,1548.7654969922332,13.363040446859031,0.1500948195712843,10318.580624008016,0.6725663669234722,0.0319173187042208,0.9839119276112975,0.9973921361336188,0.017239547947488915,0.005441657406215326,65,7,dual-fidelity: 3D FDTD coupler/mode/bend + CMT Eqs 2-7,,0.15422656716097444,0.7561204296162346,0.08957523048733852,0.12192930068899892,0.4444158639940526,0.6523032558190011,0.47048329175627074,0.0644603158479304
7.538190733477691,470.5092896377844,219.59107018220516,2.9573014431451687,2.390327228409215,4.275006252982283,1553.0845713550282,10.534800653455704,0.22261553129290823,6976.532869629587,0.3381869001482613,0.06152156275351712,0.9687509676106046,0.9974831052847061,0.014962828707254081,0.006926198778927308,82,10,dual-fidelity: 3D FDTD coupler/mode/bend + CMT Eqs 2-7,,0.25373036860391085,0.7053479930931434,0.348762107615879,0.9865599268052483,0.6977633073548225,0.41821885030508577,0.39938468739204885,0.03082581553542803
12.252379269789698,444.73018097552824,229.94427878947332,2.082873166442935,2.3450094920995714,4.3181919812679235,1547.1288917781746,6.807020611274993,0.18842644579358817,8210.78424136375,0.21276726937197624,0.0810404079355732,0.9586238011151333,0.9979077097920281,0.007642977367342486,0.010549463046046634,123,15,dual-fidelity: 3D FDTD coupler/mode/bend + CMT Eqs 2-7,,0.7256751373600604,0.4473096494839071,0.40068086860225355,0.6943360077531874,0.34841618629821947,0.10968236160429587,0.42897558663580965,0.01821012877923508
11.086038334999408,409.13223792364005,341.45484607305696,2.296299186614042,2.25381386787055,4.391633364832449,1549.4601290968021,7.334722163062452,0.080045034272232,19357.354808883094,0.5649424138488989,0.03149334014071217,0.9841273595725748,0.9978520154731307,0.009024952824356872,0.009652270102088384,108,13,dual-fidelity: 3D FDTD coupler/mode/bend + CMT Eqs 2-7,,0.6089109268240388,0.09098878589818979,0.9598785733782473,0.7656605402549228,0.48516146200569593,0.15335853939058378,0.5847670574313334,0.05363465744782007
14.84226043951444,483.3561121560248,325.42828041601774,1.683907895912822,2.419502525710533,4.244390894587562,1548.233072828906,5.828019955592026,0.017120223121199343,90432.99622139771,2.1945840920879904,0.0071220724191618495,0.9964326006212554,0.9979475818901059,0.005284213065660526,0.01256118350639303,151,17,dual-fidelity: 3D FDTD coupler/mode/bend + CMT Eqs 2-7,,0.9849521816141839,0.8339394369122282,0.8795093406752453,0.5610063819550997,0.41318502858070383,0.0286535934574786,0.8647945283950489,0.2175567548918222
11.21062434741227,410.7097696795082,324.39591140337143,2.5386244581306268,2.2576052072290023,4.388970972343873,1549.85991240107,7.220190456561113,0.10707106354753165,14475.058536362129,0.41231725165647876,0.04328850543860483,0.978116299098116,0.9978513313299725,0.008866139829068491,0.009817038283030129,110,14,dual-fidelity: 3D FDTD coupler/mode/bend + CMT Eqs 2-7,,0.6213834268875253,0.1067792341486828,0.8743322673590856,0.8466428716989516,0.5086118751097313,0.14387911459379224,0.5319699456014237,0.0382824257005648
10.590220830209262,469.3588423997806,204.24126356988802,0.6987455421830646,2.393508050273847,4.271618580545977,1548.6637862601117,8.230477211869129,0.10275063566552049,15072.060393878312,0.48764119774003545,0.03624906912608402,0.981708169912992,0.9978703541718094,0.009685678165390307,0.00883191543058814,105,13,dual-fidelity: 3D FDTD coupler/mode/bend + CMT Eqs 2-7,,0.5592738629177025,0.6938324863472117,0.27178665286337883,0.2317764021159458,0.4384497351940217,0.22749733362403904,0.5393116416379315,0.045859096937346966
13.116940433758494,400.0420780431058,340.3646454434122,2.784430157147723,2.2234730751241414,4.412758519300002,1552.6376202839565,6.188874759994405,0.10775593977660862,14408.83559182692,0.34046888421672533,0.051063566305056735,0.9741336836876874,0.9979074045659039,0.00675704352888415,0.011438053603968764,126,16,dual-fidelity: 3D FDTD coupler/mode/bend + CMT Eqs 2-7,,0.8122277042465783,0.0,0.9544114889153703,0.9287883221674608,0.6715461363473539,0.05852039702993121,0.5311369738922366,0.031055355329255973
13.750109220649577,420.4053083771576,320.378799501496,0.6648120980907288,2.281331120982758,4.371527644189651,1551.377818658558,6.255727004505161,0.04351682781984919,35650.066799008106,0.8470037118538686,0.019564773315015577,0.9901692919319324,0.9979782813967393,0.006174065652222023,0.011404134095052585,129,16,dual-fidelity: 3D FDTD coupler/mode/bend + CMT Eqs 2-7,,0.8756152192793768,0.2038276146306536,0.8541874522973497,0.22043623359235504,0.5976489319635162,0.0640535445197839,0.6956997205047063,0.08200658742123161
5.04670817064503,486.3778591230434,217.41956490537135,0.4265722765311146,2.424790685748543,4.2386800766955774,1548.1835511270756,17.21859413093466,0.06846118671135468,22614.033228119613,2.3578632332088594,0.009396204552789519,0.9952908094859565,0.9970600475227488,0.02134058282422722,0.004233131133462693,51,5,supplementary targeted batch (Phase 2.2 step 3); dual-fidelity: 3D FDTD coupler/mode/bend + CMT Eqs 2-7,,0.0043041623928370245,0.8641858892776403,0.33787254982512427,0.14081921275106604,0.41028019400372273,0.9714151621605026,0.6130140458532807,0.23398064711229427
10.799639401657226,443.4581599955843,317.10517346498193,2.4713232213953873,2.340148594880088,4.3226269529485055,1548.7269775721227,7.5927173201394,0.06010090969836631,25768.777633231413,0.7971033615060215,0.022344961526467786,0.9887643998817576,0.9978304728621294,0.009400902814340802,0.009463841667035755,110,13,dual-fidelity: 3D FDTD coupler/mode/bend + CMT Eqs 2-7,,0.5802390828095171,0.43457723925975145,0.8377710335622698,0.8241515688902258,0.4421563991677894,0.17471197735248795,0.6367368728078068,0.07698722015698228
5.08001150475964,486.0787584006358,208.72268195656102,1.2530543704007864,2.4260997420360932,4.237198061084437,1546.627910161502,16.267592717186517,0.12010118213135061,12877.707635466963,1.196495879907533,0.019846677824653793,0.9900269300253132,0.9970438564282683,0.021239544728879033,0.004475219110415379,54,6,supplementary targeted batch (Phase 2.2 step 3); dual-fidelity: 3D FDTD coupler/mode/bend + CMT Eqs 2-7,,0.007638211126030941,0.8611920132676689,0.2942598492340461,0.4170200664194706,0.3190297018125471,0.8927038021480451,0.5107291756818627,0.11716124135074603
5.124556039940995,489.40621364574747,202.41472140668762,0.8992045902346524,2.422928790379983,4.2410199243557,1554.191987982905,16.61729585194439,0.10439655524630607,14887.387656767514,1.4128355941898931,0.016499677136049728,0.9917158478434991,0.9970656678680784,0.021105149679980045,0.004419602771537846,53,6,supplementary targeted batch (Phase 2.2 step 3); dual-fidelity: 3D FDTD coupler/mode/bend + CMT Eqs 2-7,,0.012097634034890847,0.8944984805754231,0.2626269991173736,0.2987675209896417,0.7627219415067547,0.9216476175193876,0.537072140815621,0.1389223807466898
12.577558809249144,426.4145607209007,277.19310580143343,2.6618734137646776,2.297711462899226,4.358631235746575,1550.511862560586,6.517062680593199,0.15644870682476852,9910.672283774436,0.24666128831653533,0.07042366645748328,0.9641453902511367,0.9978996600969717,0.007296891715991579,0.010965614339938798,125,15,dual-fidelity: 3D FDTD coupler/mode/bend + CMT Eqs 2-7,,0.7582293683527986,0.2639777750347518,0.6376219609316779,0.8878312616379019,0.5468538436979123,0.08568346660748347,0.4631564238779297,0.02161945412381167
9.230836519804619,424.85190895717,345.13432775899906,2.31439369563051,2.2978974786202464,4.358251706094602,1547.44477769961,8.733463362094426,0.05966326717314093,25936.30639114975,0.9851951653764164,0.018892810315936124,0.9905085510403552,0.9977118241588974,0.011755996449992052,0.00814161969211164,93,11,dual-fidelity: 3D FDTD coupler/mode/bend + CMT Eqs 2-7,,0.42318377889094955,0.2483362694251537,0.9783302570497288,0.7717075180105561,0.36694536266033734,0.26912789629126577,0.637914029802924,0.09590696393512187
5.331283699824036,448.52474552441925,251.8381538222991,0.5980988714339314,2.3578983318304165,4.30624836378907,1543.4731811728147,15.817341073278612,0.08632569327725072,17879.649992681425,1.610677752099591,0.014029223307282112,0.9929606118536213,0.9971256022774857,0.020492479066675888,0.004510173350021075,53,6,supplementary targeted batch (Phase 2.2 step 3); dual-fidelity: 3D FDTD coupler/mode/bend + CMT Eqs 2-7,,0.03279346257197519,0.4852916900479299,0.5104731956009433,0.19814143701992395,0.13398020818381434,0.8554379067166621,0.5703419908220368,0.15882289134387098
10.572552290721832,432.3179494056141,273.4501294276602,1.8171364353718553,2.3174965366997373,4.342138835448466,1546.400948158058,7.8288230310390645,0.11710759442734221,13204.958702464863,0.41181566296481364,0.043648083289251516,0.9779324704245935,0.9978358014229526,0.009710095531990991,0.009108265150815352,105,13,dual-fidelity: 3D FDTD coupler/mode/bend + CMT Eqs 2-7,,0.5575050378657506,0.3230682834709595,0.6188518672245777,0.6055298345556135,0.3057166077366759,0.19425369552762242,0.5152877456332924,0.0382319719894884
9.66672192279306,496.6497487950665,152.71645134272742,2.3842278830608343,2.438705165855169,4.2236000346273315,1550.975309723056,8.657884201320485,0.30638109547206666,5062.242196547212,0.17890508095074945,0.10267741227468953,0.9472711268297532,0.9977501680698025,0.011047993831511584,0.008515813919600757,103,12,dual-fidelity: 3D FDTD coupler/mode/bend + CMT Eqs 2-7,,0.46682094658863665,0.9670033074991785,0.013402560321110908,0.7950453039427176,0.5740386393004092,0.2628724497197714,0.34112027821194724,0.014804005197485886
12.53386394564953,449.0721782848279,209.9800980714269,1.3511812481416496,2.3548001981137254,4.309222089607164,1546.8559497618635,6.793352425909916,0.17873464473225384,8654.483030299292,0.22071494636727762,0.0771238018978665,0.960664456562297,0.9979376763751064,0.007342468362954433,0.010589143796630932,124,15,dual-fidelity: 3D FDTD coupler/mode/bend + CMT Eqs 2-7,,0.7538550073915198,0.49077126828253725,0.3005654776826323,0.4498129455403526,0.3324060053636594,0.10855108940697346,0.43853589695995293,0.019009568251282076
8.617811433912053,440.4183943983247,322.62788601614113,0.32949690144096666,2.325838083398983,4.335528009960303,1554.5192648060765,10.117765610299784,0.02888679886988783,53814.17552730421,2.5854688316151107,0.006604133516888567,0.9966924633421843,0.9977053498541364,0.012829161394533769,0.007124818997982709,82,10,dual-fidelity: 3D FDTD coupler/mode/bend + CMT Eqs 2-7,,0.36181288119036215,0.40415042776856785,0.8654660606612885,0.10837773377776902,0.781919283218672,0.38370218719069266,0.770502583633657,0.25687499718872625
8.83232492584019,489.2623530565594,235.92395288322012,0.5477060451554527,2.4318815949577886,4.230860059361651,1546.309078399401,9.937865830079318,0.042926015768243765,36022.65550914103,1.6060233708053337,0.011161143270259499,0.9944037694667798,0.9977230718967552,0.012442925006597496,0.0073567710180361835,89,10,dual-fidelity: 3D FDTD coupler/mode/bend + CMT Eqs 2-7,,0.383288161519795,0.8930584948633069,0.4306674439554932,0.18130073140740258,0.30032772888836273,0.36881245499640886,0.6975883921075928,0.15835471729417241
10.491588799354956,484.00089997519234,257.56764350844156,0.6816014621828452,2.418679887615037,4.2453404765394644,1549.8854538586756,8.374968610738279,0.034691567441434264,44676.14374804963,1.5659504129316377,0.010763342644717556,0.9946037690232641,0.9978643716529014,0.009822774213829774,0.008746893937267549,105,12,dual-fidelity: 3D FDTD coupler/mode/bend + CMT Eqs 2-7,,0.5493996564376408,0.8403934995028798,0.5392051584998557,0.22604704685641525,0.5101100810771574,0.23945642679748533,0.7366971336576112,0.154323865976882
12.510029653421624,433.7120799975692,318.7432183124272,1.5484893102610173,2.315385965884548,4.344160688716546,1550.5459077013097,6.750560068571531,0.049424798689935295,31371.820397865533,0.8225805285080395,0.020634141941542276,0.9896291517828574,0.997931149100356,0.0073674489918966034,0.010620975707066624,122,15,dual-fidelity: 3D FDTD coupler/mode/bend + CMT Eqs 2-7,,0.751468919213815,0.3370229610137779,0.8459854202461978,0.5157510409900303,0.5488508570940028,0.10500930219661778,0.6724768013775999,0.07954991274619894
11.075700429501,409.65674844067576,185.14939305001406,2.754672626740689,2.252154091007524,4.393066751861737,1551.713991445855,7.2705804693428036,1.0608019727961022,1462.77442089949,0.04268365670256495,0.3602861866744542,0.7998211133281903,0.9978377658389694,0.009038257942098862,0.009763003049649813,109,14,dual-fidelity: 3D FDTD coupler/mode/bend + CMT Eqs 2-7,,0.6078759829769083,0.09623892184333512,0.17604568019445313,0.9188436961889307,0.617368091448898,0.14804973556212486,0.11560052603402021,0.0011017896259622082
13.284287673482572,415.85837375742966,340.19014917601453,0.13087915758462126,2.274025689001552,4.376747428248672,1547.9902866238888,6.516787588534044,0.028629099495697075,54070.51964231533,1.3742712424513195,0.011673037898111438,0.9941463484326081,0.9979892616097638,0.006597812219252878,0.010884821927400439,123,15,dual-fidelity: 3D FDTD coupler/mode/bend + CMT Eqs 2-7,,0.8289810974859896,0.15831465709803233,0.9535364336215288,0.04200195768567893,0.39894372149550617,0.08566069811335537,0.771365842559903,0.13504327682589048
5.625862576750143,403.3529817726797,345.54193814865846,1.396680440098225,2.2359493012423943,4.4041613164898425,1550.5982346867884,14.206645109330793,0.08250824740929157,18793.251382432947,1.4777979693539756,0.01515998997170444,0.9923910570074156,0.997170854814297,0.019650049022043925,0.004958420735143778,55,7,dual-fidelity: 3D FDTD coupler/mode/bend + CMT Eqs 2-7,,0.062284213499832576,0.033140793400656086,0.9803743215710824,0.4650182545879923,0.5519202434662289,0.7221257285683294,0.5793946901497311,0.14545680419328885
6.717335366824992,431.5860231589046,339.90442454519524,0.5507493318942154,2.3181833690867117,4.341462812826722,1544.5435779034246,12.605680275754594,0.03386584119945098,45607.713353609666,3.200851525110753,0.005783753956600943,0.9971039294092663,0.9974187347440292,0.01681956277013136,0.005630009000722733,65,8,dual-fidelity: 3D FDTD coupler/mode/bend + CMT Eqs 2-7,,0.17155325727008605,0.31574200082793036,0.9521035958049497,0.18231776299397742,0.19676733623554324,0.5896189651070158,0.7404459776389071,0.3187749983948475
5.019481948843601,416.02441222691743,308.3299913555254,1.378831997983225,2.2659432542829996,4.3833842817899225,1554.2557619279007,15.936623722963077,0.11141736976040799,13949.851493265132,1.277828244630853,0.018626360530952943,0.9906430434162686,0.9970246573891773,0.021423540715169224,0.0044584798994571845,50,6,dual-fidelity: 3D FDTD coupler/mode/bend + CMT Eqs 2-7,,0.0015785028539354565,0.15997663432941608,0.7937656821939079,0.45905350957369623,0.7664627814554454,0.8653105519586388,0.525256312241267,0.12534228629673272
5.280236027027269,479.01652840957655,178.29065075466025,0.6345604282597019,2.418422485043608,4.2454149549938265,1542.6768725502507,16.143144240548963,0.1501776722239369,10272.345081031044,0.9129317915873686,0.02575925810964805,0.9870363427404039,0.99711212532357,0.02064209309306748,0.0044779568963970685,54,6,supplementary targeted batch (Phase 2.2 step 3); dual-fidelity: 3D FDTD coupler/mode/bend + CMT Eqs 2-7,,0.02768300041119423,0.7905019768914882,0.14165079688749213,0.210326471875555,0.08727048829786262,0.8824035978518037,0.4696675032765019,0.08863814898146877
5.197514019244957,422.786888153756,191.28402408817854,0.23439802259678785,2.290943210224568,4.36385198419736,1548.758950974972,16.452038027051685,0.2624889923662255,5900.281520430915,0.5225450710426296,0.045708553309289086,0.976878419605383,0.997103726899942,0.02088686318309414,0.0043063461694205435,49,7,supplementary targeted batch (Phase 2.2 step 3); dual-fidelity: 3D FDTD coupler/mode/bend + CMT Eqs 2-7,,0.019401571161355713,0.22766625501105092,0.20680932600628982,0.07659677722166447,0.44403188895727336,0.9079697533627626,0.3689480703246736,0.0493700013263801
8.151415655149268,492.9816207930144,168.79983507663306,1.9722044145328703,2.438395615778516,4.223647512454448,1546.0342996518643,10.207927245557812,0.22699987268422142,6810.727606894063,0.3059673943598774,0.0648794418482816,0.9670163174175079,0.9975987865987712,0.01371079111363294,0.007170964307807728,87,10,dual-fidelity: 3D FDTD coupler/mode/bend + CMT Eqs 2-7,,0.3151212721760895,0.9302868451033313,0.09405672151965798,0.6573517778724648,0.2842098093225531,0.3911645787597402,0.39501532550694274,0.027584925812266334
5.372554353921085,453.1777537589479,251.66419950775452,0.11758141378929028,2.3647772263002196,4.299830855398807,1545.8329261608353,16.214904008752228,0.0599849341104459,25770.352990879433,2.4713381579624087,0.008634586728406548,0.9956733466712833,0.9971498697721781,0.020372313319687925,0.004418949262800703,52,6,supplementary targeted batch (Phase 2.2 step 3); dual-fidelity: 3D FDTD coupler/mode/bend + CMT Eqs 2-7,,0.03692513213805592,0.531866401119916,0.5096008580655972,0.03755800395047154,0.27239768134617337,0.888342925457213,0.6367479778145073,0.24539484197567152
6.077449825372966,434.2275263781549,192.24084099903894,2.437676353486166,2.3109453289727653,4.348177900149026,1554.8724846806226,12.827667114491305,0.6430510638602486,2417.9611419141297,0.1555461460641435,0.1421912994969067,0.9261796264780895,0.9972380369372149,0.018425354870437925,0.0055979425001339966,64,8,dual-fidelity: 3D FDTD coupler/mode/bend + CMT Eqs 2-7,,0.10749331745969556,0.34218236865693036,0.21160752436074085,0.812907170846122,0.8026383875090075,0.6079921091730875,0.20689834203281282,0.012454380950757122
5.842395783148154,433.45274440166634,156.50016115491556,2.440140841831861,2.313247081385436,4.346027927912254,1551.70886847104,13.231168696212308,1.1909127343309736,1302.9576590620245,0.08867084483271068,0.24134679972226594,0.8710070035755936,0.9971879497042945,0.019052977616563774,0.005406587813518863,62,7,dual-fidelity: 3D FDTD coupler/mode/bend + CMT Eqs 2-7,,0.08396169059570689,0.33442711767092126,0.03237692207046147,0.8137307746361929,0.6170675889655451,0.6413886507610362,0.09458341363500752,0.005727540448677377
9.473339477007308,430.4648777072539,312.62267088837444,0.5225422218433201,2.305915100837115,4.352094846721682,1551.825312229562,9.093201948860724,0.04132421934045185,37552.441086539686,1.471139411279339,0.011924595783875603,0.9940198208366493,0.997788455965381,0.011356681668362971,0.00787381814122063,90,11,dual-fidelity: 3D FDTD coupler/mode/bend + CMT Eqs 2-7,,0.44746112825407874,0.30451979298982357,0.8152924002492778,0.17289126974825147,0.6238979248289465,0.2989023140828607,0.7051434720549504,0.1447870343781682
14.082601689059613,412.6011552586168,285.2306803567424,1.7202610058420702,2.26106625125352,4.386607493382225,1551.0934399753385,5.948036596639213,0.12966115526441196,11962.668671370895,0.2655010478923585,0.06404855619977202,0.9674458350730691,0.9979483753604494,0.005888355060553334,0.011950135344061972,134,16,dual-fidelity: 3D FDTD coupler/mode/bend + CMT Eqs 2-7,,0.9089015589979185,0.1257112309199345,0.6779283942391551,0.5731551750994833,0.5809679011943799,0.03858698882827955,0.4973399729264668,0.023514504395443572
7.322789594453333,413.29411514626673,187.28042879335877,2.088552296353611,2.259640217962824,4.38790763727979,1553.5041535980324,10.897099184299805,0.8527569590052035,1821.7431557642121,0.09116593269833363,0.2139397413334054,0.8866003940144593,0.997475687841383,0.015429236070387122,0.006524381315418717,73,10,dual-fidelity: 3D FDTD coupler/mode/bend + CMT Eqs 2-7,,0.23216622453889849,0.1326474762315743,0.18673229336039118,0.6962339079509741,0.7223750828455121,0.44820514651979004,0.1554662770190478,0.005978515888064727
13.069098280235105,489.35666260835404,168.92945102562834,0.8738386225414323,2.424945228865661,4.238729625330706,1552.3952083477989,6.757116463277498,0.13059270333762518,11887.304333798387,0.29779561678965066,0.0567833797146279,0.9711934000421194,0.9979636563629631,0.0068032677915002455,0.010902221659880472,131,14,dual-fidelity: 3D FDTD coupler/mode/bend + CMT Eqs 2-7,,0.8074381516210365,0.8940024949391222,0.0947067132015781,0.2902905049926111,0.6573267830538103,0.1055519541176609,0.496191935127257,0.026762944552800233
8.578855546810289,435.3148034964398,267.0272635921157,2.0683404041053866,2.3215312656383302,4.338859745577064,1548.7340655884943,9.478588477105632,0.14530518284125596,10658.491564478236,0.4376040978817085,0.04454087458672952,0.9774758950548451,0.9976488727430195,0.012900577911018365,0.007545098591204887,87,11,dual-fidelity: 3D FDTD coupler/mode/bend + CMT Eqs 2-7,,0.3579129465593396,0.35306556831764013,0.5866427957364319,0.6894793249604638,0.4425721666854146,0.3307995303541601,0.47637084750961817,0.04082597433848536
7.798611486132492,421.20900628270823,282.0937143655656,1.2192416718482568,2.2875658256474853,4.3664484580764125,1548.2788639247858,10.614202499303474,0.11248261519856949,13764.605856572192,0.6621389046078203,0.030211079891581796,0.9847786147700498,0.9975731758130094,0.014417727605545771,0.006687018578469598,76,9,dual-fidelity: 3D FDTD coupler/mode/bend + CMT Eqs 2-7,,0.2798014964224691,0.21187230225067719,0.6621972915736529,0.40572024967290987,0.4158710339826438,0.42479068835267103,0.5228278865255641,0.06341144018610582
8.646663622416717,445.41016334526387,328.84749357058587,2.3781883951772698,2.339142429983855,4.323738132746063,1552.9005886778189,9.394661409154878,0.053048361711996714,29273.299656427193,1.243729014021446,0.015182965390990583,0.9923794811507387,0.9976475068720543,0.012776522613426705,0.007681045660450173,89,10,dual-fidelity: 3D FDTD coupler/mode/bend + CMT Eqs 2-7,,0.36470131879251955,0.4541159951442193,0.8966558425248137,0.7930269762360032,0.6869712864312728,0.3238531540767309,0.6599000758469994,0.12191231915895029
13.306573118196221,421.4350898400813,276.9004605741052,0.011720345361997618,2.2828827835999603,4.370411620589827,1552.195208794313,6.569448385445412,0.05884372463471902,26378.262396369206,0.6456800617997018,0.02569781115604539,0.9870674692461273,0.9979931334206121,0.006576892631207464,0.010872043701465096,123,16,dual-fidelity: 3D FDTD coupler/mode/bend + CMT Eqs 2-7,,0.8312121281227572,0.21413530627560837,0.6361544180483255,0.002180446848214082,0.6455952472447908,0.09001926465627678,0.6409833589895675,0.06175588113245962
11.484454152129842,456.3936182743896,273.63447376560146,0.6251050068026338,2.3656039853335344,4.299193227819414,1550.5090176771257,7.588421423191903,0.04318646440858595,35902.66160729905,1.078915275199417,0.015606982002546248,0.9921658218248871,0.9979217739175938,0.008526834436176588,0.009543191268421862,112,13,dual-fidelity: 3D FDTD coupler/mode/bend + CMT Eqs 2-7,,0.6487969558269252,0.5640558908229192,0.6197763081379043,0.20716657827639787,0.5466869690644189,0.17435641963582993,0.6969822777932797,0.10533406510712232
5.481466553288559,442.6701056348881,219.88193594982337,2.9718091797967565,2.3388123625724395,4.323803364928003,1548.3968631141495,13.634960161959043,0.4410257992414992,3510.898604519665,0.254925622956006,0.09326967960192138,0.9522238814470464,0.997090482801166,0.020058571543794486,0.005250009500971628,61,7,dual-fidelity: 3D FDTD coupler/mode/bend + CMT Eqs 2-7,,0.04782850232558296,0.42668913713130924,0.35022072695225426,0.991408246300234,0.422792608012822,0.6748091851271042,0.2746459960306454,0.022450745496737885
7.048302858949015,403.22034282701975,163.1478592437328,0.890539405360989,2.2286350050219186,4.409747522092301,1555.549136496659,11.837940599261856,0.8673840078326671,1793.3800052222666,0.0976904383568835,0.20167586248483868,0.8934898642487005,0.997466525569977,0.016044708299211643,0.005988693330700899,66,8,dual-fidelity: 3D FDTD coupler/mode/bend + CMT Eqs 2-7,,0.20468692923359036,0.03181313175476374,0.06571347127710894,0.2958717154095177,0.8423293011721161,0.5260755957716351,0.1526158033650466,0.006634801663407938
7.718525740465144,465.47265702978734,216.73833335920943,2.723618171405013,2.3846158036947007,4.280618027138947,1549.8325985259623,10.348265122736848,0.2345014862922461,6609.05234773008,0.31066501403016084,0.06602676592661565,0.9664229064304014,0.9975167624808572,0.014583210784092079,0.007012741302890449,83,9,dual-fidelity: 3D FDTD coupler/mode/bend + CMT Eqs 2-7,,0.2717839874856694,0.6549333588029104,0.3344563433945179,0.9084656527472859,0.5070097030132257,0.40277989816340676,0.389555023368435,0.02805744911578121
8.205859724178676,481.94294908470545,261.39987153926,2.1010653806559665,2.416409528874887,4.247723181890112,1548.7537481260936,10.076569345016196,0.06636337280285694,23337.477929684428,1.0771132167008977,0.018021401108563213,0.9909483331089652,0.9976020010599607,0.013604828965355002,0.007248938841696257,87,9,dual-fidelity: 3D FDTD coupler/mode/bend + CMT Eqs 2-7,,0.3205717528622797,0.8197942520282032,0.5584228270241497,0.7004156374669196,0.44372670123628355,0.38029250343940857,0.618734337548362,0.10515279997826694
5.075041192521362,484.298532601478,283.2179450125356,0.40401672466141036,2.4185055619964433,4.245553751208682,1550.4734570185171,17.171986480957457,0.033653330832909154,46071.91676558593,5.6965945818127794,0.0031633890541567446,0.9984170526117045,0.9970679349265287,0.02125459360179947,0.004250409501455547,51,5,supplementary targeted batch (Phase 2.2 step 3); dual-fidelity: 3D FDTD coupler/mode/bend + CMT Eqs 2-7,,0.007140625413904314,0.8433726804705777,0.6678350280926117,0.133281405546792,0.544601058708183,0.9675575953223718,0.7422855460139559,0.5698163420219706
5.2277168015927895,473.35233271779475,273.72409639231256,0.9003439757887984,2.4065181413717682,4.258077023821176,1544.066664792946,16.030827385939347,0.05121885871190321,30146.448078393176,3.0061073872947803,0.007019320804600587,0.9964841590288325,0.9970913160628587,0.020797160133844167,0.004504162175427365,54,6,supplementary targeted batch (Phase 2.2 step 3); dual-fidelity: 3D FDTD coupler/mode/bend + CMT Eqs 2-7,,0.022425218820151187,0.7338056925732531,0.6202257432755213,0.29914829059741277,0.16879265761324952,0.8731074892962957,0.6652391417231953,0.2991861108731364
5.882765686316227,487.8130638173121,312.27421039656747,1.0841626820122405,2.4213157887320835,4.242691047028096,1553.2475745849479,14.429254714506442,0.027836709036196138,55798.53468185684,5.347852801685743,0.0032459930592802465,0.9983756842695638,0.9972371878833409,0.01894368438959054,0.005087008197682689,61,7,dual-fidelity: 3D FDTD coupler/mode/bend + CMT Eqs 2-7,,0.08800318458106822,0.8785517018005352,0.8135449577245885,0.36057839774156397,0.707324719845294,0.7405504170303087,0.777080427511545,0.5347371679752255
12.42625815956593,458.85741179136267,210.069613794884,0.8943975281047429,2.3696870573737727,4.295309268988473,1551.276352558065,6.990387628247618,0.1216263273828224,12754.445406177376,0.33399220495566784,0.051052768595943744,0.9741392258830646,0.9979483843783441,0.007455925807956577,0.010382486107189896,122,14,dual-fidelity: 3D FDTD coupler/mode/bend + CMT Eqs 2-7,,0.7430824242759158,0.588717457149521,0.3010143767270723,0.29716105586018976,0.5916971527190675,0.12485906594846521,0.5089820464668964,0.03040388030678858
10.560118235754427,409.5673080544808,202.18232195291648,0.2992539288576364,2.250098030233482,4.3946754570299404,1553.0243318613605,8.162706015748881,0.2769158928629609,5608.288913305222,0.17575804776012546,0.09868759149048845,0.9493747460879247,0.9978803282624308,0.00972731589848647,0.008703459387829272,97,12,dual-fidelity: 3D FDTD coupler/mode/bend + CMT Eqs 2-7,,0.5562602452251736,0.09534366012548891,0.26146157377423535,0.09827087858157746,0.6942297905805965,0.22188812743445877,0.3597282928697614,0.014487452001638321
12.659336471962295,444.87587065483103,175.38785856307962,0.24735333723298028,2.3424285353925915,4.3206147365223595,1549.403489678211,6.917860030763222,0.20037205044097842,7732.632801173052,0.19676090168304128,0.08477431923214206,0.9566742814395388,0.997973824854275,0.007212351020021247,0.010404636267186476,121,15,dual-fidelity: 3D FDTD coupler/mode/bend + CMT Eqs 2-7,,0.7664162577445346,0.44876794364065176,0.1270940174672467,0.08092629505223876,0.48183911775130434,0.11885618755742983,0.41807647587060437,0.016600083209668354
5.452314830074011,479.2372247904209,211.4923310401334,2.9189067474599755,2.4043083796350846,4.260758844948931,1554.8785579907058,14.053835340736214,0.24818331681750141,6265.040607600819,0.4730695081835993,0.050825206119267906,0.9742560207054058,0.9970852098425222,0.020142071818485673,0.005212443330296584,62,7,dual-fidelity: 3D FDTD coupler/mode/bend + CMT Eqs 2-7,,0.044910077836328985,0.7927110574807253,0.3081489491489437,0.9737288590746251,0.8029946345779523,0.7094781504097825,0.37984463122588097,0.04439336250793859
6.555966455967509,479.00766530322744,212.950824882599,0.22581055426109142,2.4138649889642747,4.250364359718705,1546.5065993039532,13.42223037722988,0.06549892879631211,23611.173918786724,1.6294257070846925,0.012544177488931035,0.9937081173619692,0.9973986437493901,0.017210816794266254,0.00541371651847253,65,7,dual-fidelity: 3D FDTD coupler/mode/bend + CMT Eqs 2-7,,0.15539836386002193,0.7904132608186587,0.3154629322897752,0.0737269436187797,0.3119138725791672,0.6572022179563655,0.6208523425178304,0.16070870719221397
13.88564902939997,461.2007624435944,187.021664546749,0.17775417594162915,2.373741492443801,4.291405410210468,1551.8178112115445,6.385292453070861,0.11614852065977593,13360.633457890985,0.31193214645419604,0.0534574801224587,0.9729041678796229,0.9979936811214943,0.006055959637332049,0.011388209860828013,134,16,dual-fidelity: 3D FDTD coupler/mode/bend + CMT Eqs 2-7,,0.889184320982721,0.6121734396165492,0.18543465515167973,0.05766705216499056,0.623457931539243,0.07477726429537947,0.5174167689115418,0.028184907199027824
9.803283871911441,446.97623416366395,197.62944377407362,2.6269559057297713,2.3442406287410087,4.319086627282635,1551.603225268475,8.303115909066037,0.4027635894336327,3852.3919886858284,0.13012606871571,0.13861376849148296,0.9281089545460258,0.9977545635342744,0.010835074297465634,0.008690468929683335,101,12,dual-fidelity: 3D FDTD coupler/mode/bend + CMT Eqs 2-7,,0.48049237635881364,0.469791724093932,0.23863002435471728,0.8761622302109061,0.6108707900613985,0.23350940738465265,0.2915075954398673,0.009897430885116593
12.680301848832944,487.00154219185686,181.9423543509024,2.5477987395076864,2.4272319411679772,4.235978582945666,1547.0096684720165,6.643199406899839,0.21054375211893483,7347.687370927638,0.18576767095534436,0.09250167918884529,0.9526270628169003,0.9979056105591236,0.007190835481126126,0.011019876887006607,133,15,dual-fidelity: 3D FDTD coupler/mode/bend + CMT Eqs 2-7,,0.7685151343301632,0.8704287019412675,0.1599631803618562,0.8497088115020438,0.3414228082576914,0.09612340195519699,0.40880049790432965,0.015494298138856274
13.5294946401135,433.5132576460517,189.33883995425228,2.635143250856479,2.316653307340131,4.343012422022287,1549.2165690373922,6.102230653724746,0.5359138665962453,2890.7939607477333,0.06691369550396542,0.23756502484457281,0.8731752259171278,0.9979174721145884,0.006371249489112779,0.011736219096945078,135,17,dual-fidelity: 3D FDTD coupler/mode/bend + CMT Eqs 2-7,,0.853529149451379,0.3350328305197324,0.1970547123445012,0.8788983472182167,0.4708747623165604,0.051349140139081935,0.23934306238597414,0.00353903631307866
5.01197971705859,470.78917932260805,195.44495597262969,0.23626276493117873,2.3864384319138106,4.279101921962488,1556.723604723061,17.563960050070364,0.10627486457785698,14648.088340612328,1.4775425457123281,0.015770016275232508,0.9920836576240774,0.997056830339977,0.021446456523722554,0.004155283970235709,49,6,supplementary targeted batch (Phase 2.2 step 3); dual-fidelity: 3D FDTD coupler/mode/bend + CMT Eqs 2-7,,0.0008274427260556115,0.7081495744670935,0.2276753624384879,0.07721995276103868,0.9112210352507271,1.0,0.5341285073348634,0.14543111168699455
12.20713553773118,494.8075191570688,226.59502810172273,1.6753344058730193,2.4380440790333564,4.2241934230155165,1548.9390053231891,7.070673058693728,0.0647957552554745,23904.945612811905,0.6550093085367071,0.026253815238780214,0.986785784636777,0.9979184495947409,0.007692413336871648,0.010406547250471887,126,15,dual-fidelity: 3D FDTD coupler/mode/bend + CMT Eqs 2-7,,0.7211457167610431,0.9485633416118874,0.3838852110880507,0.55814121973867,0.45459348270516486,0.131504035480837,0.6230985572050641,0.06269428968761818
8.739059787978311,452.4050148620084,184.85029710662138,1.2273711983009226,2.354688153264215,4.309557457828757,1552.5751218908433,9.70302630312267,0.26515586573325045,5855.330100269213,0.23840904338115612,0.07971246806551416,0.9593161793353043,0.9976924018247132,0.012609401261149521,0.007457303679148847,87,10,dual-fidelity: 3D FDTD coupler/mode/bend + CMT Eqs 2-7,,0.3739512430698449,0.5241316005253305,0.17454578857765551,0.40843704434130135,0.6678801174786414,0.3493755348360197,0.3675588310524003,0.020789378827817347
13.039039047670283,422.5846474477945,216.09323199734519,0.9597974445594377,2.2904415408433,4.3642443482946085,1548.750270733105,6.5328276853335865,0.23102370857258908,6703.858579287234,0.16197567496884158,0.10288229072683033,0.9471629792560358,0.997960554113918,0.006832472120127718,0.01090001814891362,124,15,dual-fidelity: 3D FDTD coupler/mode/bend + CMT Eqs 2-7,,0.8044288749549636,0.22564190818586072,0.33122132083396577,0.31901695919870476,0.44352272497905654,0.08698828587039929,0.39214233027166867,0.013101113221849857
13.195315833587532,430.67405601601456,325.39096537660214,2.863555525979021,2.3085908954898917,4.349779912599423,1550.1790089706492,6.2130001327725495,0.07112917883269408,21793.854989059975,0.523333736201965,0.0331887543234661,0.983265602813672,0.99790630813246,0.006681996277857948,0.011522644330749421,132,16,dual-fidelity: 3D FDTD coupler/mode/bend + CMT Eqs 2-7,,0.820073987793274,0.30661358238412534,0.8793222150520588,0.9552311145523593,0.527329381060651,0.060517177344579766,0.6063032464521122,0.04944933143239393
5.911205882665123,493.47296590294724,268.62125137425676,0.8537220871055614,2.434275429056015,4.228432743662008,1550.300077237185,14.527271981369267,0.03725183449260847,41616.74447320967,3.665315580166398,0.005231369782744111,0.9973808852275323,0.9972501964842312,0.01886706501996925,0.005050323996105202,61,7,dual-fidelity: 3D FDTD coupler/mode/bend + CMT Eqs 2-7,,0.09085037700578182,0.9352050088757352,0.5946362472175588,0.28356778915708275,0.5344309804364733,0.748662994223091,0.7238110791201515,0.36549442335109705
6.148813226329212,409.90629485693296,157.42105428365704,1.4574420767403728,2.2469548609689536,4.3972532172654235,1555.979431372185,13.161044355066451,1.1743470068354214,1324.9741535640048,0.08642411985102662,0.2395954094382406,0.8720118064348438,0.9972820101876441,0.018238928950103293,0.005401372219586716,60,8,dual-fidelity: 3D FDTD coupler/mode/bend + CMT Eqs 2-7,,0.11463761886014315,0.09873677949808439,0.036994971610346046,0.48532409791518855,0.867569456225896,0.6355846822476627,0.09762724780135874,0.005501547289386409
13.492833772432727,492.0240014988504,246.48502619159444,2.652411220875136,2.4296130583844353,4.2336573032272735,1552.2435516627227,6.298351111432112,0.0661463725923414,23466.797812620276,0.5690860788886231,0.030334086739943113,0.9847161587280149,0.9979165625737959,0.006404621591391042,0.011710763655879091,141,16,dual-fidelity: 3D FDTD coupler/mode/bend + CMT Eqs 2-7,,0.8498589727949448,0.9207014672800822,0.48362859461482954,0.8846691051035358,0.6484309340349566,0.06758140617912022,0.6197381616672274,0.05405145966482701
5.401577517261231,420.76606866805685,284.5865376587594,0.35136243609434836,2.2830686639606674,4.370139137418093,1550.7783009472382,15.756146313343606,0.07913427919562674,19596.79568336727,1.7490520646804908,0.012713811578393078,0.9936227596133287,0.9971498231036034,0.02028823024186195,0.004503438857350686,51,7,supplementary targeted batch (Phase 2.2 step 3); dual-fidelity: 3D FDTD coupler/mode/bend + CMT Eqs 2-7,,0.03983068629772315,0.20743867772531832,0.6746981791390537,0.1156849451281125,0.56248253595961,0.8503730112175731,0.5870002530618884,0.17274166125109547
5.066503748923482,411.6409810897904,179.36044959775603,1.3756005867668755,2.250646605417816,4.394746914418681,1556.7714956880934,15.814548703724085,0.8143136471594499,1911.7590637447142,0.16285693582353256,0.14540665614860085,0.9244421798313831,0.9970367680407581,0.021280467755342355,0.004496047801380209,50,6,supplementary targeted batch (Phase 2.2 step 3); dual-fidelity: 3D FDTD coupler/mode/bend + CMT Eqs 2-7,,0.0062859286164524755,0.11610027984531099,0.14701557147526562,0.45797360894048283,0.9140302143784461,0.8552067911766462,0.1642274806464396,0.013189757326640019
11.71892259054044,467.0083988154862,247.15395720182102,2.6998877623314717,2.389732387995638,4.275430563980824,1548.0752570062587,7.0674965018001785,0.11461303819918037,13506.973389152592,0.37286032269329555,0.04746068979797526,0.9759812038159469,0.9978699866497492,0.008246640756507159,0.010274151908997806,122,14,dual-fidelity: 3D FDTD coupler/mode/bend + CMT Eqs 2-7,,0.6722699569794996,0.6703055065286162,0.48698311692320323,0.9005352217160164,0.4039278980404232,0.13124112197762483,0.5193956281572067,0.034313539386039
5.9853251546057145,456.76079399775847,302.75181457671715,1.743744657872308,2.371134606216866,4.293763544139867,1546.6721490808825,13.46523034519987,0.06019840920899807,25692.907327685596,1.9184184104235995,0.011122588591506692,0.9944231551047539,0.9972394363656482,0.018668836902616608,0.005342271530161233,63,7,dual-fidelity: 3D FDTD coupler/mode/bend + CMT Eqs 2-7,,0.0982705729497782,0.567731169775071,0.7657925158157691,0.5810031427519153,0.3216246599402919,0.6607611884378819,0.6362012428076059,0.18977785209068887
9.950199728204458,460.35414393575417,251.24318381033174,0.9370907749736768,2.3781787314168517,4.2869076798469345,1546.8522514627816,8.630280629913386,0.06699941966853963,23087.547013323227,0.8191943393001515,0.021854369751873697,0.9890124520187429,0.9978170373765965,0.0106105912086222,0.00837110693714151,99,11,dual-fidelity: 3D FDTD coupler/mode/bend + CMT Eqs 2-7,,0.49520035192889184,0.6036991343062238,0.5074895692666195,0.3114286501838182,0.33218907123878205,0.2605877899755861,0.6167784279450167,0.07920930336886696
5.479523974159856,418.1497592385077,222.65888829178277,0.11571731540347086,2.2789475224229627,4.373111112827463,1548.8039781776952,15.69701255078212,0.16397884639130444,9445.144982187325,0.7897752589971629,0.0292823637088583,0.985250037447927,0.9971752754385699,0.020064124958700757,0.004505838890226239,51,7,supplementary targeted batch (Phase 2.2 step 3); dual-fidelity: 3D FDTD coupler/mode/bend + CMT Eqs 2-7,,0.0476340276984813,0.18125048943630567,0.36414645088787834,0.03693504361133755,0.44667308605956096,0.8454786979110095,0.4544167716639716,0.07625010232943952
7.096767341156349,431.4412365025347,264.45638753267315,2.992672031954519,2.3049686392818987,4.353064631517387,1554.3371114516065,10.91252434392618,0.2461038735491019,6315.776704512088,0.32577069552279003,0.06558521546822803,0.9666513252107877,0.9974118973036281,0.015934280638275445,0.006574834285543493,75,10,dual-fidelity: 3D FDTD coupler/mode/bend + CMT Eqs 2-7,,0.2095387841545479,0.3142927455617424,0.5737504930002457,0.9983803726399008,0.7712345663607946,0.4494818378843338,0.38130979880548954,0.029576896627867687
14.471270127845981,499.3320948443712,227.98191838430563,2.338223175148667,2.445838294419786,4.215496866009575,1548.5253093116382,5.932884664681978,0.06829967142612703,22672.514771707567,0.5141495854991387,0.033414675142806445,0.9831507131956898,0.9979298921904624,0.0055710893545367155,0.012428275365194788,151,17,dual-fidelity: 3D FDTD coupler/mode/bend + CMT Eqs 2-7,,0.9478117627483494,0.993852495367445,0.3908401202207806,0.7796710572501934,0.43032698066069897,0.03733291164823659,0.6134832119254833,0.04852551777043859
9.331329943991435,432.1635321709621,228.79912727569706,0.8684782974673176,2.311678991144152,4.347253559422165,1550.556931454528,9.118511209338294,0.1617767460210898,9584.547653421041,0.3578019285846522,0.0518328245355136,0.9737387614059976,0.9977647793827269,0.011588844122445428,0.00784776613341065,90,11,dual-fidelity: 3D FDTD coupler/mode/bend + CMT Eqs 2-7,,0.43324433236140186,0.32152263005150455,0.39493821915006383,0.28849914572131863,0.5494974863157993,0.3009970810141186,0.4570782555338264,0.032798848408636866
5.041196196998723,406.5463799586889,168.07564159402784,0.44318043842549737,2.2416747232814926,4.400552324629445,1553.0098674301098,16.68573382850377,0.5991963641631022,2591.8212464443095,0.23237009414674958,0.10306538303626571,0.9470663213121531,0.9970581437434426,0.02135735175110615,0.004232946997817588,47,6,dual-fidelity: 3D FDTD coupler/mode/bend + CMT Eqs 2-7,,0.0037523501121318904,0.06510540432644095,0.09042507168456483,0.1463694703151639,0.6933813387204978,0.9273120110035766,0.21951174482789268,0.020181934112773345
5.0037145104669225,434.94490865094633,266.00003273042597,1.1734665542281506,2.3285978378495384,4.332510645288732,1542.6366473262824,16.122185576359016,0.1259186067304539,12251.061915166423,1.1339185609370444,0.02112748912221233,0.9893798617708912,0.9970267331429142,0.02147173124249992,0.004392205818252637,51,6,supplementary targeted batch (Phase 2.2 step 3); dual-fidelity: 3D FDTD coupler/mode/bend + CMT Eqs 2-7,,0.0,0.34936307206413386,0.5814914889668131,0.39042272942749406,0.08491096475301231,0.88066891592748,0.5016673093533228,0.11086672549794278
8.133813393880637,464.1073329511919,269.54842119817044,0.15692122022824243,2.381574587081265,4.283652086083198,1550.1367295541252,10.85001352414065,0.0351697531521152,44075.84900722841,2.295451407676079,0.007745747550636591,0.9961195974627561,0.9976506918432653,0.013745225873874214,0.006684612902269618,79,9,dual-fidelity: 3D FDTD coupler/mode/bend + CMT Eqs 2-7,,0.31335908234001886,0.6412670226876358,0.5992857728194828,0.05070491687476025,0.5248493630791558,0.4443080163003885,0.7342397679362405,0.22770277788296941
7.223934678995921,416.5289640807977,225.45728267801852,0.32102157612818866,2.281048659036051,4.371117689020526,1544.1144077693057,11.77704618484131,0.17822455107761698,8663.870372701022,0.47050113670729143,0.043764479520944116,0.9778729572286248,0.9975125992417174,0.015648126378959782,0.0059840772403553216,68,8,dual-fidelity: 3D FDTD coupler/mode/bend + CMT Eqs 2-7,,0.22226970473350788,0.16502699221207084,0.3781797013318605,0.10554537708925756,0.1715931560495181,0.5210355589147891,0.43873282740000397,0.04413501563019633
10.057163988503945,481.6581722680771,340.9351188671717,1.6986049475617204,2.4171977091200736,4.246842325290504,1547.6627774387619,8.434820865688607,0.017980112668880787,86076.3670361972,3.4765679541667587,0.004459165414603716,0.9977679262160096,0.9978026942072864,0.010450084247303242,0.008656470536946322,104,12,dual-fidelity: 3D FDTD coupler/mode/bend + CMT Eqs 2-7,,0.5059087108974336,0.816943752461914,0.9572722709647589,0.5659179683547858,0.3797327499401605,0.24441020743213782,0.8558254501860484,0.3465087118572249
13.637167530667499,468.34385106055856,328.4416051149717,1.584648527671873,2.3899161096645423,4.275303452265032,1550.0288980728344,6.30476740967606,0.021620495151031708,71692.57166614283,1.8420463491348191,0.00864947574754874,0.9956658697838604,0.9979498935061614,0.006274237656276276,0.01155103920302544,137,16,dual-fidelity: 3D FDTD coupler/mode/bend + CMT Eqs 2-7,,0.8643084505002012,0.683672837796832,0.8946204130735645,0.5278350374745745,0.5185242045372824,0.06811246276192406,0.8226102880552684,0.1820957532343892
6.508985649491455,400.2691251511497,230.88693669059901,1.3828710746230595,2.232098291827815,4.406295178566127,1546.9824761008458,12.358036376655718,0.4228240483113107,3658.690848543828,0.21853079721355906,0.09880985863311854,0.9493103503948966,0.9973552307998477,0.017326427438338492,0.00567617766908057,63,8,dual-fidelity: 3D FDTD coupler/mode/bend + CMT Eqs 2-7,,0.15069504203113634,0.0022726487734114386,0.4054080630515284,0.4604033227447609,0.3398277633160342,0.5691222678202729,0.28213623423098744,0.018789869457866974
14.338625920699622,451.9041119754091,279.23982316478293,1.771218953986601,2.3540365418727927,4.310146696474413,1552.249733207972,5.952380216174561,0.06394719989088662,24273.928113452697,0.5474591967208552,0.03109736748106249,0.9843285185947512,0.9979470639403,0.005677396070249486,0.012172508610347469,142,16,dual-fidelity: 3D FDTD coupler/mode/bend + CMT Eqs 2-7,,0.9345325442388782,0.5191177673140833,0.6478857384353792,0.5901847379697578,0.6487935299417148,0.038946496391634715,0.6258810520303412,0.051876058818460906
5.431168907373879,451.8005598123444,211.17209717970348,0.13670737639010078,2.3505018130922757,4.313548122380388,1554.8775357968384,16.161182213988695,0.10716033352081876,14509.823595264957,1.284807863948173,0.017662306897997342,0.9911295036986856,0.9971632562625095,0.020202858239256688,0.004471799206212307,52,6,supplementary targeted batch (Phase 2.2 step 3); dual-fidelity: 3D FDTD coupler/mode/bend + CMT Eqs 2-7,,0.04279312652604971,0.5180812524762568,0.3065430561460989,0.043949681685242714,0.8029346749242948,0.8838965434991861,0.5324057066293756,0.12604435096109012
14.63815528415821,462.09054446493366,279.53039739706577,2.6221431422773493,2.3767862677274056,4.288393074025724,1550.7896878130941,5.751895033711207,0.06739792268619986,23009.45824448426,0.5071547980976888,0.03402784048910759,0.9828388268230415,0.9979207920058829,0.005440163543473084,0.012638408703724804,149,18,dual-fidelity: 3D FDTD coupler/mode/bend + CMT Eqs 2-7,,0.9645188960965256,0.6210797940591225,0.6493428957947026,0.874553859764743,0.5631504645735134,0.022352975976306092,0.6161629775895848,0.0478219273816241
6.103246943713325,456.22867418036884,224.64525586344968,1.659403630355833,2.372570536956916,4.292329759928867,1544.6412429977067,13.251110485854042,0.18031870341799391,8566.173190681715,0.5789077884709785,0.038941601871299455,0.9803358598606401,0.9972666126509919,0.018357744965366057,0.005416663041860194,64,8,dual-fidelity: 3D FDTD coupler/mode/bend + CMT Eqs 2-7,,0.1100759072216316,0.5624048678427662,0.37410758922638915,0.5528173369466728,0.2024961567798473,0.6430391692156796,0.43667278071008997,0.05503940398211106
9.512225951617587,474.40281735739393,249.09985176275956,0.08656830749234626,2.4028874020756605,4.26197033056293,1548.7052407279118,9.345213777302206,0.03541579540794307,43729.22372316866,1.781408324377996,0.009606583673940738,0.9951851166120097,0.9978050380418223,0.011293923744350877,0.007792227943858889,93,11,dual-fidelity: 3D FDTD coupler/mode/bend + CMT Eqs 2-7,,0.45135411389229163,0.7443206145568045,0.4967412931994091,0.027193778884180314,0.4408813634900082,0.31976053097832835,0.732805535186361,0.17599630675131916
12.053518162703329,497.0218242952426,281.51436602729825,1.53708618976726,2.439750105370113,4.222417183166748,1550.592241944422,7.200075901162563,0.02587613620220804,59923.63890139473,1.7800206139272068,0.009124213962541478,0.9954274388610446,0.9979174353084038,0.007862663069780054,0.010245125877903067,124,14,dual-fidelity: 3D FDTD coupler/mode/bend + CMT Eqs 2-7,,0.7057668416956935,0.9707276312149782,0.6592920040397731,0.511940248671333,0.5515687223231115,0.14221429686736448,0.7900366722169585,0.1758567199876914
5.258977812849475,450.38235428242507,264.1667164945045,0.09931409127947957,2.343476811276919,4.320155403725467,1558.0258889113913,16.76078960470204,0.054445713380147996,28616.135085475416,2.910638455315336,0.007211774553115026,0.9963875879630802,0.9971229049506544,0.02070471982921922,0.004321428839914968,50,6,supplementary targeted batch (Phase 2.2 step 3); dual-fidelity: 3D FDTD coupler/mode/bend + CMT Eqs 2-7,,0.025554807425905497,0.5038855946421426,0.572297864934315,0.03145327390384406,0.9876101737394507,0.9335241386996569,0.6557755860163712,0.2895830994996673
13.58674174641862,460.4629540293965,319.50608883774487,1.1934315859227471,2.3710674215326804,4.294039604251457,1552.7816071202462,6.37817454781748,0.024876063413232435,62420.712687774714,1.588227412698375,0.010121038279778581,0.9949266112232708,0.9979611137230834,0.006319485326455701,0.011408134307100241,134,16,dual-fidelity: 3D FDTD coupler/mode/bend + CMT Eqs 2-7,,0.8592602465721286,0.6047882788805875,0.8498110258115791,0.3970948144472015,0.6799920888333412,0.07418813793359491,0.7974529248595679,0.15656466073273836
8.402177888047323,491.3252009871048,321.43698538075625,1.939655278100488,2.4323874332412116,4.23042180494555,1548.8500614005918,9.957404584323058,0.023496194314541058,65919.1884722394,3.3683316660940847,0.004993147734329891,0.9975003018875083,0.9976315120950581,0.01322949820047141,0.007367327657389586,89,10,dual-fidelity: 3D FDTD coupler/mode/bend + CMT Eqs 2-7,,0.3402254705139931,0.9137067597078947,0.8594939907656174,0.646474229120379,0.4493762269925486,0.3704296154940075,0.8073589978916246,0.33562146001693244
5.083400940941599,485.909187458095,220.33392153844642,0.7613968092677565,2.416164717418553,4.248292298398161,1554.8365524440849,16.86527185490536,0.08008373677725837,19415.13489522403,1.9280291180361664,0.011779373607481882,0.9940928660806887,0.9970593896347727,0.021229288467614866,0.004350156683751145,52,6,supplementary targeted batch (Phase 2.2 step 3); dual-fidelity: 3D FDTD coupler/mode/bend + CMT Eqs 2-7,,0.007977532869908398,0.8594946774244964,0.3524873220374274,0.2527137383033259,0.8005306812052009,0.9421718019857211,0.5853084740300646,0.1907445721806385
14.771249158009459,403.00244043541716,218.22542820824515,2.0994230979628945,2.236329788222004,4.403778055696732,1549.606292636641,5.604371303176322,0.5089456518691826,3044.7382484661557,0.06417768101018426,0.24458810422918612,0.8691443469129935,0.9979356589771439,0.005337956842308718,0.012611214443648554,140,18,dual-fidelity: 3D FDTD coupler/mode/bend + CMT Eqs 2-7,,0.9778431314413275,0.02963201785613047,0.341913753455487,0.699866805392812,0.493735095154901,0.010142906362690034,0.24876799098391886,0.0032638265903238905
13.425111016985293,476.14993391593384,207.4021816121,1.8085496113297523,2.4009335200688113,4.264161544024695,1553.0078248357045,6.409222552850679,0.12916362475954704,12023.569543877446,0.2885940899470262,0.05920449877302282,0.969946133157392,0.9979409898556076,0.006466729467554253,0.011436042736538718,136,16,dual-fidelity: 3D FDTD coupler/mode/bend + CMT Eqs 2-7,,0.8430791420959858,0.7618085373847171,0.28763786909560213,0.6026602162682714,0.6932615246059567,0.07675788248550355,0.4982624148930119,0.025837383062890303
6.705607279381895,494.773148635236,248.77234259970118,1.72290409929394,2.4417261259385543,4.2199210182090585,1545.6933955086026,12.346645131008017,0.061306936862676444,25212.37358458889,1.6090226548817779,0.012800384452787337,0.9935791944013385,0.997381608591281,0.016847696424661152,0.005925189573175169,72,8,dual-fidelity: 3D FDTD coupler/mode/bend + CMT Eqs 2-7,,0.17037914013971467,0.9482193067331446,0.495098916367,0.5740384666712508,0.26421311885794274,0.56817945067594,0.6327715857254996,0.1586564087292935
7.6238233975983,444.5389710048296,165.00266035969628,2.381734683692176,2.347115685769952,4.316213426421459,1545.1462896297824,10.446973122057898,0.7283402793627076,2121.4620877233015,0.10063176090767101,0.19306418442168863,0.8982960623192731,0.9975130996033928,0.01478134930861878,0.006846497388081774,80,10,dual-fidelity: 3D FDTD coupler/mode/bend + CMT Eqs 2-7,,0.26230318820055565,0.4453957158112162,0.07501483662865466,0.7942121052574748,0.23212108616669067,0.4109496450831796,0.18313441936620012,0.006930662875245264
13.809047663897116,496.4546808064951,250.13206750723913,1.4454589388350965,2.438727629542654,4.2235537416866755,1550.6800671948663,6.330662598064009,0.038169318267240876,40626.349581039016,0.996548155968669,0.01669499047952497,0.9916173705217527,0.9979553630242227,0.006122427739190644,0.01165524402452945,141,16,dual-fidelity: 3D FDTD coupler/mode/bend + CMT Eqs 2-7,,0.881515638780008,0.9650507566440807,0.5019175979139094,0.4813194704179769,0.5567203591771159,0.07025572508133641,0.7194357906346557,0.097048936465031
10.831942273016576,468.77527329169203,300.28882451902484,2.4351077641227192,2.386183089818196,4.279206150871648,1553.7741138336194,7.706309426171856,0.04653486765519737,33389.460250459786,1.0589042215504652,0.016589514856504527,0.991670552725801,0.997833483354871,0.009357727770688475,0.009480811088616483,112,13,dual-fidelity: 3D FDTD coupler/mode/bend + CMT Eqs 2-7,,0.5834729736555067,0.6879911980386999,0.7534412344915068,0.8120487776877344,0.7382103590528812,0.18411363440918477,0.6837993850805403,0.10332119692266035
14.719102687222588,478.3974795052874,157.3595771399687,0.22873005171775015,2.4055374204875166,4.259360452610095,1552.5791194321046,6.0709655689820465,0.13924441255364428,11150.02814805204,0.24671446455812607,0.06741907996381746,0.9657022936889932,0.9979918609472521,0.0053777708489837145,0.012082240279545806,144,16,dual-fidelity: 3D FDTD coupler/mode/bend + CMT Eqs 2-7,,0.9726226668995737,0.7843055503210936,0.036686679055800295,0.07470260624449537,0.6681146044944216,0.04876142859057489,0.4845607732130515,0.02162480300582183
5.508541676992643,434.7773301348085,219.29027718813555,2.369354606345765,2.321131575292973,4.339161846462188,1548.0726983733482,13.935364634205143,0.41647154479961906,3717.1151731823293,0.2738793916760008,0.08630792192284778,0.9558724172593078,0.9971147925055226,0.019981329421329786,0.005115486654402554,59,7,dual-fidelity: 3D FDTD coupler/mode/bend + CMT Eqs 2-7,,0.0505390351982382,0.34768567959509117,0.3472537057128677,0.790074825143456,0.4037778142372951,0.6996727071182262,0.2850140967639515,0.024357263699197745
11.260217955692355,498.52550084742205,264.0470665542876,2.124712229724112,2.441098669026542,4.220998003936769,1551.5346028941387,7.5761798322917,0.040789308046179744,38037.776986497636,1.177340690092433,0.014607604265598841,0.9926693284948424,0.9978662139587566,0.008803701991300303,0.009749929861658244,118,13,dual-fidelity: 3D FDTD coupler/mode/bend + CMT Eqs 2-7,,0.6263483203811229,0.9857788190559498,0.5716978503027356,0.7083181437010349,0.606845551865645,0.17334322212156603,0.7074761755186647,0.11523446264021253
5.294640531420728,466.716715742185,235.7091354348595,0.11118600375374099,2.3955672006508477,4.269408064016469,1542.8180472408922,16.50941221994458,0.059086028368096254,26111.3852098738,2.5878969171694215,0.008243053948137163,0.9958699443460791,0.9971312551892284,0.020599765099169057,0.004353645348172603,52,6,supplementary targeted batch (Phase 2.2 step 3); dual-fidelity: 3D FDTD coupler/mode/bend + CMT Eqs 2-7,,0.0291250578178198,0.6673858781551304,0.42959018798778204,0.03542073113539136,0.09555148647871467,0.9127184326885042,0.6391361404304003,0.2571192330119449
5.063422497151482,480.08001666786527,250.29472380686997,1.2081599933810727,2.4065288481422575,4.258412376548377,1554.2880697160049,16.438856782754783,0.07288301768400526,21325.791921169384,2.097066765646098,0.010793539812436831,0.9945885884060621,0.9970409813906005,0.02128981373851518,0.004449996437237898,53,6,supplementary targeted batch (Phase 2.2 step 3); dual-fidelity: 3D FDTD coupler/mode/bend + CMT Eqs 2-7,,0.00597745969464014,0.8011470597844618,0.5027332787201025,0.40201687959941657,0.76835788555167,0.9068787837277371,0.6023593728736456,0.20774769999285858
11.164387769321099,484.9614630519143,197.94586064770098,0.49043424458769225,2.419629087491117,4.244350769284695,1550.4980072199855,7.932137383714235,0.07545504016047123,20548.63404648014,0.6330366582311421,0.027294502467999627,0.986258332046934,0.9979101165066462,0.008924750012136837,0.009246742139053795,111,13,dual-fidelity: 3D FDTD coupler/mode/bend + CMT Eqs 2-7,,0.6167546109232863,0.8500083433866181,0.2402167761199992,0.16216115134236064,0.5460411197614468,0.2028046956526579,0.5956158473752751,0.06048410877939317
13.958883996317507,497.661549562201,337.1878943098347,2.85390543082317,2.440484845621118,4.221623826282455,1550.8545012858342,6.080868301384044,0.016065877490336312,96530.95526333243,2.5256680956927093,0.006168445999699559,0.9969110060583645,0.9979140889225256,0.005993087453848922,0.01214382853995126,147,16,dual-fidelity: 3D FDTD coupler/mode/bend + CMT Eqs 2-7,,0.8965159877712964,0.9771310197267234,0.9384808736757991,0.9520061632318196,0.5669522809431218,0.04958104623144524,0.876648324200426,0.2508597717609579
10.637760543344061,415.0713107586437,162.1499133826536,2.2432113860035208,2.2647856057800526,4.384125265080446,1553.2388250793806,7.684541607030042,1.1776295342123,1318.9536946509418,0.04097633803537282,0.37400485409162804,0.791198550244104,0.9978272737747141,0.009620284204297076,0.009272307657501356,104,13,dual-fidelity: 3D FDTD coupler/mode/bend + CMT Eqs 2-7,,0.5640331377641195,0.15043647809721192,0.06070902148727867,0.7479192050744462,0.7068114930101108,0.18231198130500634,0.09679995833267498,0.0009300541698379863
7.340960958112046,409.04505063872,184.16999208435035,1.3253916286421725,2.254498095432939,4.391073310712892,1548.7894269295195,11.134744824682912,0.686555827537297,2255.882718940845,0.11427388960973145,0.17261600392696758,0.9096065061734291,0.9975013524029122,0.01538933440148364,0.006340802167683482,71,9,dual-fidelity: 3D FDTD coupler/mode/bend + CMT Eqs 2-7,,0.23398538810307026,0.0901160768034221,0.1711342284334579,0.4411943499599114,0.4458195417087718,0.4678743197567286,0.19429452971906602,0.008302894808377427
6.018114697661258,450.6204767741417,316.8078747428742,1.7138344910032992,2.3603209623841472,4.304020804729444,1545.0960303696559,13.35840635322188,0.05489431167520213,28146.74204335884,2.1024529532433873,0.010015076139977446,0.9949798610323842,0.9972472460784898,0.018581808768445736,0.005361277847545535,63,7,dual-fidelity: 3D FDTD coupler/mode/bend + CMT Eqs 2-7,,0.10155318525850751,0.5062691034803914,0.836280154562321,0.5710075074152744,0.22917298803530964,0.6519197066388084,0.6527711781210589,0.20828948484038934
9.164478372966956,417.61633869589673,334.37826857934755,2.6753244670016834,2.2711100066145016,4.379474702239852,1553.5568681503123,8.717565163607787,0.09151236360831282,16976.46970194954,0.6333276332123372,0.030058073973170254,0.9848562971453397,0.9976944412332378,0.011867690486206109,0.008181259423349277,92,12,dual-fidelity: 3D FDTD coupler/mode/bend + CMT Eqs 2-7,,0.4165405612887771,0.1759111677760495,0.9243913008394202,0.8923264496333311,0.7254672030375285,0.26781205300592364,0.5609259271487743,0.06051337731729211
9.750556307808422,477.5285083110735,299.9862122096535,1.102219979623766,2.4116679876268536,4.252687182872815,1546.1225901888758,8.817750678802213,0.02657263826547218,58184.760381804794,2.316799165001645,0.007193041682752513,0.9963969883120118,0.9977956629337552,0.010916793385485603,0.008250968971608564,99,11,dual-fidelity: 3D FDTD coupler/mode/bend + CMT Eqs 2-7,,0.4752137376586436,0.7756075037541311,0.7519237091756586,0.3666129398716857,0.2893887388676194,0.2761040892116557,0.7846873767257518,0.2298501021710384
7.457254297565391,489.9598693664618,254.4941921213022,2.144997030018221,2.426925807891674,4.236535129419211,1551.5732489415666,11.050328411751252,0.06798066103597816,22823.744654680693,1.2144748609354252,0.016574770178547336,0.9916779869602091,0.9974950181898166,0.015136403225546208,0.006648889610272147,80,9,dual-fidelity: 3D FDTD coupler/mode/bend + CMT Eqs 2-7,,0.24562769573956672,0.9000403480998065,0.5237925657447837,0.7150970917257812,0.6091124443730267,0.46088744195279735,0.614690859661483,0.11896970778809351
7.855685818048201,461.4373987519059,257.7278685331099,1.1354617822661797,2.3743336246266162,4.290825053090078,1551.7217948988914,10.810162824731606,0.07139287863942341,21734.96607043976,1.0831600282916805,0.018050775748410484,0.9909335115191077,0.997583736373692,0.014300940731511254,0.006711854925660542,79,9,dual-fidelity: 3D FDTD coupler/mode/bend + CMT Eqs 2-7,,0.2855152968295575,0.614542072366211,0.5400086470680231,0.37772196974107225,0.6178258249144689,0.4410097007536525,0.6058117349480769,0.10576103555056825
6.475193923690577,491.15435478054854,330.3519547447702,0.9190655424169222,2.4356194747574724,4.226716581413861,1545.8176804633686,13.208763387337513,0.020181550004231226,76595.58756087988,7.008805289494779,0.002125748324177353,0.998936560386005,0.997362643483334,0.017410062186676272,0.005527986672949652,67,7,dual-fidelity: 3D FDTD coupler/mode/bend + CMT Eqs 2-7,,0.147312099644313,0.9119966589930381,0.9042003403784473,0.3054048238278993,0.2715034021208085,0.639534234660766,0.8346271732385594,0.7018087513742758
12.975326183984446,421.82152365507477,250.99643264320463,0.7226725680097028,2.2831306959892537,4.370272137637329,1552.7482778487706,6.6264097834323366,0.12313017528554798,12610.623466163615,0.30953707697664373,0.054578975595717984,0.9723276322332314,0.9979664571868295,0.006894788081813007,0.010786324116242097,122,15,dual-fidelity: 3D FDTD coupler/mode/bend + CMT Eqs 2-7,,0.7980504807759036,0.21800335085550163,0.5062521736576691,0.23977254021510414,0.6780370667595925,0.09473377826156261,0.5069220309171918,0.027943992390866614
7.737461089120776,400.87698968459426,245.60292708756634,2.2868817042528216,2.2366334450921364,4.403012047391284,1545.01018449065,10.138148707024357,0.460158626348415,3357.5599717668356,0.15313851988625038,0.1298794918098405,0.9328025022426556,0.9975325400223339,0.014543913553451047,0.0069146564810105985,77,10,dual-fidelity: 3D FDTD coupler/mode/bend + CMT Eqs 2-7,,0.27367963477974017,0.00835712436191344,0.479205087440814,0.7625133254672467,0.224137456775066,0.38538923122791785,0.26653374804565566,0.012212203091531173
5.263840402698414,411.1981898031477,155.33220825964992,0.628128442135638,2.258144779789015,4.388646498595678,1550.4395665668105,15.823803576332466,0.7520925220760627,2061.501106655076,0.17216116220771327,0.1349090392367083,0.9301026614107132,0.9971083117469307,0.020690377891661636,0.00446289240303975,50,7,supplementary targeted batch (Phase 2.2 step 3); dual-fidelity: 3D FDTD coupler/mode/bend + CMT Eqs 2-7,,0.026041608881582773,0.11166812000352556,0.026519929372557993,0.20817697575044,0.5426131190310677,0.8559727875245136,0.17792617703227517,0.014125649139149836
10.438859808086654,459.50703678122755,346.810501390991,2.156055847657604,2.3726040149547436,4.292441505041973,1549.9845576202156,7.974863076242627,0.02691487829234149,57588.39184724297,2.014187193163241,0.008339651840157142,0.9958214439144414,0.9978167680330734,0.009896860457910338,0.009087182294475062,107,13,dual-fidelity: 3D FDTD coupler/mode/bend + CMT Eqs 2-7,,0.544120874861728,0.5952199378422429,0.986735850085878,0.718792821972349,0.5159232906921293,0.20634096522888223,0.7828158869798878,0.19941102479728295
11.519815621971249,493.7560821486794,198.27119811971002,1.8491687876724772,2.439199486834128,4.222773567821962,1546.4417794284316,7.416896096515529,0.11417556567119949,13544.41968679922,0.39009299340840775,0.04501657416973388,0.9772325341648558,0.9978868156921351,0.008483975077864761,0.009890331598255236,120,14,dual-fidelity: 3D FDTD coupler/mode/bend + CMT Eqs 2-7,,0.6523370477385304,0.938038886805912,0.24184826246301472,0.6162346799673448,0.3081116806364159,0.16015981430580473,0.5198985451093969,0.03604693609888902
5.251802732288553,482.2200645424943,173.80762277972627,0.5362532379022278,2.413587082514514,4.250844923281168,1551.5519704491137,16.486840429657605,0.14440790607930953,10744.231479937072,0.9744182806607551,0.02410076176277724,0.9878761249454421,0.9971081048259944,0.020725900488448527,0.004429172311138314,53,6,dual-fidelity: 3D FDTD coupler/mode/bend + CMT Eqs 2-7,,0.024836498917442655,0.8225680645231653,0.11916952883283029,0.17747333434253737,0.6078642946055789,0.9108502374516522,0.47782628343313127,0.09482294063718298
7.115638635773509,449.56753563328897,201.49565715716284,0.41270654712857663,2.350474229530435,4.313381654719352,1551.1184547203725,12.174541876433068,0.14539300009497225,10668.453458606436,0.6057103731322239,0.03417421979373006,0.9827643563979465,0.9974920722378415,0.015891487747583987,0.005919457598827326,69,8,dual-fidelity: 3D FDTD coupler/mode/bend + CMT Eqs 2-7,,0.2114280188988995,0.4957295929230904,0.2580181209509759,0.13618544472859753,0.5824352113558534,0.5539350120932736,0.4765405507174238,0.05773541743909335
8.00839661875057,448.6389592680566,170.24182697382736,2.4785343578376846,2.3524315567919283,4.311450828046345,1547.9926245386412,10.004010765032945,0.6289142451526031,2461.3731307088265,0.1091498929586844,0.17587286327522744,0.907814483650031,0.9975646614588572,0.013993091023653965,0.007185790129007832,84,10,dual-fidelity: 3D FDTD coupler/mode/bend + CMT Eqs 2-7,,0.3008034133248788,0.48643492295065427,0.10128795151749284,0.8265614481314765,0.3990808584548545,0.37428706072555906,0.21013083298451352,0.007787483175531077
12.43843708678039,447.8895848506197,346.2000469326171,2.4826339436356695,2.3489037441538545,4.31474891584425,1549.4985931746144,6.672063625668898,0.03392818348834253,45669.9544114117,1.2292173645466038,0.013725042427311223,0.9931137686955552,0.9979012838554309,0.007442997100982491,0.01080537549457698,126,15,dual-fidelity: 3D FDTD coupler/mode/bend + CMT Eqs 2-7,,0.7443016756791325,0.4789339912484783,0.983674573111788,0.8279314827704469,0.48741768057393964,0.09851240146893626,0.7406937137095704,0.12045262403022806
11.977228018597895,453.89466749150665,320.0119297174923,2.6671888118253606,2.3631456727076476,4.3014518033795115,1548.3315217941376,6.89161719092499,0.04720836602315463,32797.82064549144,0.9047576193859684,0.01913781522580807,0.9903848669957512,0.9978809634858528,0.007948608392436203,0.010476637695009809,123,15,dual-fidelity: 3D FDTD coupler/mode/bend + CMT Eqs 2-7,,0.6981293163525982,0.5390424146308495,0.8523476917601728,0.8896076068156591,0.41895982927823566,0.11668415123403965,0.6805517216593848,0.08781592685128256
5.023749599527153,446.4929558520022,248.53737710405258,1.1097643371828518,2.3427502185533084,4.320449405381703,1551.9424034637652,16.363914410511825,0.12742517794431565,12179.244545704763,1.134633220750792,0.02106383813279963,0.9894120283618956,0.9970337825680655,0.02141051596651203,0.004392008184858325,51,6,supplementary targeted batch (Phase 2.2 step 3); dual-fidelity: 3D FDTD coupler/mode/bend + CMT Eqs 2-7,,0.0020057440216288917,0.4649543056758913,0.49392062296334344,0.36913417779523566,0.6307662401978272,0.9006760421160771,0.5005992913406588,0.11093861156786403
6.38967407556753,428.2933021986868,177.71934528341393,2.8437591680387877,2.301389028620355,4.355731118212621,1551.2385699014128,11.978918503059958,1.0419910556741754,1488.725417990993,0.08833102709909364,0.23449663950782196,0.8749304889487953,0.9972886942940232,0.01762353252622913,0.005958553198695473,68,8,dual-fidelity: 3D FDTD coupler/mode/bend + CMT Eqs 2-7,,0.1387505742331831,0.2827832095185158,0.1387858423273162,0.9486153983702735,0.5894809048237679,0.53774388814138,0.11879499905428305,0.005693358924979872
5.32939801798072,442.32312667398594,185.98235555139237,0.4902532865676567,2.3371508000380232,4.325311621215223,1549.0861080772422,15.965918786829207,0.23614173425906373,6559.984464151466,0.5598269777368768,0.04228338980112833,0.9786299659211707,0.9971283657933302,0.020497986415191297,0.004480593246457092,52,7,supplementary targeted batch (Phase 2.2 step 3); dual-fidelity: 3D FDTD coupler/mode/bend + CMT Eqs 2-7,,0.03260468402087644,0.42321601951845955,0.18022277955177832,0.16210067724378951,0.4632222081032992,0.8677352111496981,0.3882013244813176,0.053120106900898904
6.406055740704274,400.3434534083724,311.37881152860183,2.261322674417801,2.2218895375824648,4.414046944354027,1554.388116788479,12.147776726903203,0.18772456249375433,8280.1530931265,0.49940303202137815,0.04451492592108337,0.977489168266798,0.997309263472465,0.01758243975002307,0.005820500485254279,64,8,dual-fidelity: 3D FDTD coupler/mode/bend + CMT Eqs 2-7,,0.1403905682862953,0.003016644255504612,0.8090547555489322,0.7539717903127269,0.7742264277201931,0.5517197458592,0.4305038509549034,0.04704219416106905
11.20227987567889,488.6338338736832,294.32526845422524,2.5227165999958157,2.4257477998791037,4.237760318680102,1550.657914467478,7.494568781675071,0.035224185636463,44022.534132408284,1.3730350656968913,0.012481435873831607,0.9937396862992683,0.9978513776141532,0.008876688869325284,0.009806086357830205,118,13,dual-fidelity: 3D FDTD coupler/mode/bend + CMT Eqs 2-7,,0.620548048804475,0.8867672746740901,0.7235354870365761,0.8413266476337712,0.5554209287029234,0.16658853522708195,0.7340199023508106,0.13491893250584563
10.011994228824847,402.21463493309955,214.76930155892518,0.9312519526148078,2.229589627231965,4.4087287303456275,1552.7945538269005,8.406777176240439,0.3736128509782501,4156.159376641187,0.13775711972091687,0.1276817945745242,0.9339797671392437,0.9978220998910585,0.01051756615333532,0.008420063462115332,93,12,dual-fidelity: 3D FDTD coupler/mode/bend + CMT Eqs 2-7,,0.5013866957887211,0.021746406698367207,0.3245821396291497,0.309477382598108,0.680751514292428,0.24208912051857315,0.3052946766601679,0.010665021640298632
9.143016815921314,456.80132880875516,270.7083247417677,0.5217216436376197,2.363211307423968,4.301579527885089,1553.100140113441,9.541158193984302,0.04570317913366033,33982.32178928632,1.4112888767795901,0.01264967495311326,0.9936550332217347,0.9977565978322568,0.011904041204896541,0.0076037925870878304,89,10,dual-fidelity: 3D FDTD coupler/mode/bend + CMT Eqs 2-7,,0.41439201133176234,0.5681369066694352,0.6051024000247918,0.17261704190641772,0.6986765366277847,0.3359782266630373,0.6869965364622113,0.1387667998202594
12.168296084908413,470.6357196235666,285.40560113145966,1.8352582302800795,2.396240923188208,4.268819876853398,1548.4001699544867,6.985073851275729,0.043597691353814784,35515.64594071108,0.9825179370350288,0.017298450518493245,0.9913130431309308,0.9979124122962078,0.0077351066053151585,0.010416402832506787,124,15,dual-fidelity: 3D FDTD coupler/mode/bend + CMT Eqs 2-7,,0.7172574385473347,0.706613505587823,0.6788055783314104,0.611585930943885,0.4229865800250337,0.12441926154206398,0.6950134850933635,0.09563766738305345
5.162212490960342,453.9283109810841,249.91012769957123,1.8921832753144647,2.3577690374500966,4.306689172614411,1552.676829395052,15.335974837208823,0.1536484731591661,10105.384046261348,0.8646623213799707,0.02787483672854686,0.9859640780837065,0.9970454667035442,0.020992200158657142,0.004708535549428085,55,6,dual-fidelity: 3D FDTD coupler/mode/bend + CMT Eqs 2-7,,0.015867480092512952,0.5393791722138032,0.5008046250892739,0.6306096292795551,0.6738460569363716,0.8155967555286735,0.4666907296546824,0.08378282838887248
6.608380584297503,469.23607496596435,330.84341894516564,0.46736719683453387,2.399483097290405,4.265390501861904,1543.5370940741695,13.07005716166691,0.02182534054534745,70722.24558728401,6.008348742142244,0.0026061192841501475,0.9986960902676298,0.9974012220841184,0.017082745957130052,0.005519333844073139,66,8,dual-fidelity: 3D FDTD coupler/mode/bend + CMT Eqs 2-7,,0.1606456240159779,0.6926036345010855,0.9066649108629808,0.15445240806977273,0.13772919900821146,0.628053961858964,0.8201348845881504,0.6011750121704411
14.260095578210747,472.30037349370605,176.80407566377514,1.096730740841099,2.3975943206576757,4.267476594267641,1549.8638027592494,6.113493525494732,0.17081881441533847,9073.144595131209,0.20460450424236365,0.08187619176861086,0.9581877729502652,0.9979672416975492,0.0057412871573607645,0.01193299698469743,142,16,dual-fidelity: 3D FDTD coupler/mode/bend + CMT Eqs 2-7,,0.9266707491407874,0.72327601060152,0.13419599328411652,0.36477849911488275,0.5088400750006633,0.052281332186165805,0.4471175307705829,0.017389054061488107
8.94002419962737,471.02991189898796,256.8809574319173,1.6518228927212346,2.3961795018398657,4.268902227794668,1549.0642697484523,9.406908008577602,0.07092241295179234,21841.6746593406,0.8920912586736763,0.02104818554351286,0.9894199383762625,0.9977017605538573,0.01225341673527546,0.007731811682708244,92,11,dual-fidelity: 3D FDTD coupler/mode/bend + CMT Eqs 2-7,,0.3940701038352501,0.7105592091862646,0.5357615989588351,0.5502839412183892,0.4619412195623595,0.32486676613046195,0.6067013932680526,0.08654184528926412
12.01808078838589,448.4824537753421,276.4376023596979,0.1702058648681414,2.349739101420261,4.313999575333755,1549.851957424318,7.313433476146656,0.03822581921209079,40544.63682845288,1.1599567778234112,0.014212280563534406,0.992868430073424,0.9979570188019693,0.007902469160109917,0.009860791246776569,115,13,dual-fidelity: 3D FDTD coupler/mode/bend + CMT Eqs 2-7,,0.7022191508685776,0.48486836692131674,0.6338332994544703,0.055144493022189885,0.5081452535948364,0.1515965425356922,0.7190700561502422,0.11348585286975077
12.56248036878425,437.1459143363055,205.94309182497764,2.364309009603681,2.32031245323067,4.340160521634326,1552.9574685692892,6.619483452984923,0.3559370494303812,4363.011580431266,0.10922346883836297,0.1528413982083316,0.9204121912445904,0.9979081603415193,0.007312587473701865,0.010875931312230993,125,15,dual-fidelity: 3D FDTD coupler/mode/bend + CMT Eqs 2-7,,0.7567198421546855,0.3713942395790967,0.2803208974408356,0.7883886444775141,0.6903077362981183,0.09416050793669221,0.3141178525143742,0.007794884012585779
5.434910658482487,435.70929136730905,167.51613980241444,1.0660587846055702,2.314364870945837,4.345327136327853,1554.9389695750792,15.217714684049724,0.5098404236907673,3049.8542236387943,0.2422749818078618,0.09649595584010294,0.9505282974009227,0.9971364021875174,0.02019208879674822,0.004716486887374864,54,6,dual-fidelity: 3D FDTD coupler/mode/bend + CMT Eqs 2-7,,0.04316771906686408,0.357014230705726,0.08761930963608917,0.3545282824934095,0.8065382458160991,0.8058087390695314,0.24907296343267207,0.021178245131347164
13.969415856204453,454.9209970230836,170.09748941749177,0.5749890401433996,2.366526752784435,4.298205618395135,1547.3327499547652,6.244507315773944,0.21041335379306098,7353.776374272084,0.16817660655296038,0.09824019500155347,0.9496103437718265,0.9979822093935258,0.005984099701018597,0.011559912849923382,136,16,dual-fidelity: 3D FDTD coupler/mode/bend + CMT Eqs 2-7,,0.8975703486948425,0.549315553853584,0.10056413464361243,0.19041839597895954,0.36037406048818305,0.06312492659536895,0.40895097223068677,0.0137248513876986
8.290904477561286,428.0412876059463,329.0299451402333,0.14297822761322543,2.305118375996976,4.352468965139792,1547.9533547818314,10.453820714986932,0.030389061510818927,50937.846640335985,2.5763634070302754,0.00672915488776018,0.9966297432408084,0.9976713196036728,0.013440946329835148,0.006809301934742966,78,9,dual-fidelity: 3D FDTD coupler/mode/bend + CMT Eqs 2-7,,0.32908571579777124,0.2802606464257384,0.8975707916768537,0.04604532837124062,0.39677738052105255,0.41151639855427247,0.7605241572286774,0.25595910241504993
11.865355983736826,455.5790722652428,299.43541282456135,1.7874048511101552,2.362908976311957,4.301787677962926,1551.32003618855,7.134970578263392,0.04719633698127687,32869.50080053818,0.9285035565318699,0.01843454408661461,0.9907398527935501,0.9979030665480484,0.008076340561769561,0.010156515210879818,119,14,dual-fidelity: 3D FDTD coupler/mode/bend + CMT Eqs 2-7,,0.6869296324163059,0.5559026181187513,0.7491615875271134,0.5955938794818056,0.5942595388162901,0.1368257365189136,0.6809482977746404,0.09020447881010067
12.772892384649781,495.5015414958457,243.86439768916563,2.3998794552821145,2.4396524545159255,4.222386318825842,1548.527678757538,6.655367571591796,0.06092492026872352,25416.983262799473,0.6576527327289272,0.026223628351993402,0.9868010800804824,0.9979121689637478,0.0070965802910844845,0.01105704712735763,134,15,dual-fidelity: 3D FDTD coupler/mode/bend + CMT Eqs 2-7,,0.777784517316969,0.9555102216251596,0.4704867957761424,0.8002758801897233,0.43046596716810315,0.09713052221591738,0.6342398454089692,0.06296018595414664
11.457575171469717,498.8520136599449,246.26334832846823,1.6163152413736097,2.447020576959409,4.214055838813616,1546.8192519018621,7.520307312508066,0.04414599318986377,35038.72356544971,1.060259274680476,0.01613098143645918,0.9919017181976957,0.9978909284320189,0.008559557497135401,0.00977895079928408,119,13,dual-fidelity: 3D FDTD coupler/mode/bend + CMT Eqs 2-7,,0.6461060591403943,0.9890470788865908,0.48251693537678997,0.5384176906526261,0.33025338926418996,0.1687188314993062,0.6925576050759786,0.10345749875771126
13.616344967017787,482.1840261532377,173.53588318751002,0.09610715205388767,2.418333071922273,4.245620066063323,1547.484708265622,6.556748582589989,0.0925085579103839,16728.016771861494,0.404118641823492,0.04128932238760575,0.9791377214735393,0.9979941724980657,0.00629288259428651,0.011147010281987143,134,15,dual-fidelity: 3D FDTD coupler/mode/bend + CMT Eqs 2-7,,0.8622238711689167,0.8222073349730498,0.1178068224995583,0.030381551529770644,0.36928760221476686,0.0889681423969516,0.5582477393787679,0.03745774544238657
12.110254991074576,432.0795986853446,189.47538569928759,0.6947397493040915,2.316120278725151,4.3433279807040055,1547.017713007798,7.085840466842683,0.26027682118886897,5943.739845682263,0.15719000017437393,0.1066640914550332,0.9451644875602165,0.9979445474012827,0.0077993488103427515,0.01007245924421441,116,14,dual-fidelity: 3D FDTD coupler/mode/bend + CMT Eqs 2-7,,0.7114468540964223,0.32068249015815714,0.19773945522655012,0.23043771199670693,0.34189468310911963,0.13275939357600847,0.37028113892924186,0.012619732645696642
12.934264741382915,404.2420846814136,296.56654175431913,0.10807511189272867,2.2419137204923056,4.399791391508273,1548.1465356689982,6.661895909003761,0.06616494686976337,23398.28880564678,0.5829567922281121,0.028653828422215255,0.9855689583067156,0.9979840216910671,0.006935250108943028,0.010592989212781763,118,15,dual-fidelity: 3D FDTD coupler/mode/bend + CMT Eqs 2-7,,0.7939397556990202,0.0420403502035548,0.734774914076714,0.03438110669094794,0.40810894829665517,0.09767085192404126,0.6192070628852268,0.055446684427432745
5.066805822324263,491.6774859791725,157.6522115347768,0.1767296165641467,2.441837382007282,4.219628159237093,1541.189082803349,17.337861958751546,0.12223749738233307,12608.153110193636,1.2447487835571533,0.018847257500317276,0.9905315454339063,0.9970726257027256,0.02127955173399146,0.0041845880869374515,51,6,supplementary targeted batch (Phase 2.2 step 3); dual-fidelity: 3D FDTD coupler/mode/bend + CMT Eqs 2-7,,0.0063161696558553075,0.9172329885245117,0.03815416761676367,0.05732465615085593,0.0,0.9812865806436771,0.5068864422049943,0.12201489554947513
7.770406676523644,448.23474807992477,287.90089868867426,0.11966792377791115,2.343910735906226,4.319514375414801,1554.0204485483846,11.330292397564108,0.03632953047936746,42775.682152868874,2.380503022962928,0.007585741430162044,0.9961999089388827,0.9976019877250235,0.014475792593182579,0.0063780913180789146,74,8,dual-fidelity: 3D FDTD coupler/mode/bend + CMT Eqs 2-7,,0.2769778689315176,0.48238893413000217,0.6913188737142505,0.03825529170094955,0.7526598139486727,0.4840591699431767,0.7288006208461241,0.23625793412068022
9.714948466051414,439.2765159836741,260.3788499725077,2.980985083426191,2.3324831050848913,4.329339817671292,1547.3552422533755,8.21935041195934,0.19182575516349012,8066.462404563916,0.27409696516496523,0.06827077698647091,0.9652612200920169,0.997736512018322,0.010972328074463866,0.008710362911737955,101,12,dual-fidelity: 3D FDTD coupler/mode/bend + CMT Eqs 2-7,,0.4716489810702142,0.3927206914429285,0.55330265832119,0.9944747282414973,0.3616934094665956,0.22657640381171182,0.425754226857538,0.02437914894129452
5.1433557083053,441.4683579334773,185.01714363395234,0.20439182339690617,2.3279345039187187,4.333726852838243,1554.7486219370185,16.897959985903753,0.20079554395271915,7742.943848908875,0.7122274606289786,0.033519005048604736,0.9830976528053534,0.9970911243803591,0.02104868481319482,0.004254307286166072,49,6,supplementary targeted batch (Phase 2.2 step 3); dual-fidelity: 3D FDTD coupler/mode/bend + CMT Eqs 2-7,,0.013979698163328438,0.41466013370954746,0.17538248233149542,0.06656904897948622,0.7953728702282503,0.9448772945433068,0.41831854129922236,0.06844973864801165
9.76738345084367,428.472185325453,341.61443041963446,1.3195047641937365,2.3020438857988617,4.355188999180495,1551.075726587123,8.592024192844292,0.04027518621920016,38511.94425632941,1.4204969271459869,0.012371985593468646,0.9937947546684534,0.9977905977842382,0.01089064733037862,0.008321207663121272,95,12,dual-fidelity: 3D FDTD coupler/mode/bend + CMT Eqs 2-7,,0.47689832919914443,0.284573756520553,0.960678849105456,0.4392270272578849,0.5799288726339296,0.25742142644824767,0.7097266301461511,0.13969301749717888
10.706584617377983,410.0837143448757,239.29616655301714,0.4004002505705049,2.2549780999641715,4.390923070974299,1550.519653802928,8.009639051168278,0.16382093404791206,9464.722337314068,0.2922331707373121,0.05997558677481227,0.9695485615610946,0.9978866456298402,0.009526393710968521,0.008849393235686294,99,12,dual-fidelity: 3D FDTD coupler/mode/bend + CMT Eqs 2-7,,0.5709232231848875,0.10051267607358458,0.4475782551019301,0.13207282130935144,0.5473108609108899,0.20921926198279434,0.45479290553184143,0.026203430252206433
13.97810636508327,443.071395269816,330.4071253610217,1.1517171418395358,2.338195340230413,4.324407994133703,1549.5782171242122,6.141447788775622,0.028919585430929148,53582.310881502366,1.2912166132854783,0.012629568265032524,0.9936651507097185,0.9979650161762504,0.005976693484121778,0.011716960686465286,136,16,dual-fidelity: 3D FDTD coupler/mode/bend + CMT Eqs 2-7,,0.8984403690963592,0.43070588239822194,0.9044770072695812,0.3831543248085927,0.49208824708112053,0.05459501758050513,0.7697182119939913,0.12668899306087927
10.422576820505821,442.8409255205836,278.0693121581981,1.9101018501254556,2.342226018047684,4.320655235707502,1546.0294524857425,7.949550363950266,0.09175199414146155,16850.0910192982,0.5407888485631698,0.03336007784953059,0.9831784792958344,0.9978230010138245,0.009919851400916668,0.009009934081434473,105,12,dual-fidelity: 3D FDTD coupler/mode/bend + CMT Eqs 2-7,,0.5424907595726802,0.4283989743851054,0.6420159174467307,0.6365978118379267,0.2839254851731248,0.2042459126019011,0.5595685680806076,0.051205103064634695
5.297892925985309,433.47528124318546,242.17073470378364,0.43666875610540085,2.3148400009424206,4.34461718140442,1550.5334145401264,16.06537631199444,0.11808133237661156,13131.062999821312,1.1682722809893482,0.01981895476169944,0.9900409310923971,0.9971223311132952,0.020590219874702588,0.004440927465490407,51,6,supplementary targeted batch (Phase 2.2 step 3); dual-fidelity: 3D FDTD coupler/mode/bend + CMT Eqs 2-7,,0.029450660111589255,0.33465270224531324,0.4619934979913584,0.14419334063374853,0.5481180356189768,0.8759669939378802,0.51426834030581,0.11432229117300742
5.36977200200398,483.90163402200403,250.565047298148,0.42139923650255895,2.419213757725125,4.2447423829113875,1549.2855922139306,16.22088972036181,0.045738321571866636,33872.81253378757,3.4256861503694624,0.005906054869758021,0.9970425994561325,0.9971401347982279,0.020380392360373766,0.00449566923245711,54,7,supplementary targeted batch (Phase 2.2 step 3); dual-fidelity: 3D FDTD coupler/mode/bend + CMT Eqs 2-7,,0.036646586547016906,0.8393998878744449,0.5040888836600834,0.1390904419978388,0.4749235106917389,0.8888383437548323,0.6864102022489499,0.34139062233388906
9.362226568724708,434.8510300258183,188.80289196610101,1.750605079631419,2.3160168008544373,4.343736983530061,1552.1250934453858,8.858358474969918,0.4319237192742558,3593.5166886721563,0.13026385712647678,0.13923346002645923,0.9277750481520511,0.9977413827563507,0.011537932523605689,0.008102355895186836,93,12,dual-fidelity: 3D FDTD coupler/mode/bend + CMT Eqs 2-7,,0.436337441663835,0.3484233853881623,0.19436706675041748,0.5832958171612541,0.6414824344291409,0.2794650672472943,0.2788711555043666,0.009911290720439885
11.954751888123909,473.0072141774537,279.80795479909546,1.271616352846943,2.3971679666732277,4.267966803896366,1551.310351998208,7.234936692699193,0.03735296195299542,41531.120181322185,1.1969154930501633,0.013982085150010957,0.9929843477366544,0.99792182997203,0.007974107772388817,0.010095430035617088,120,14,dual-fidelity: 3D FDTD coupler/mode/bend + CMT Eqs 2-7,,0.6958791958668832,0.7303511970099977,0.6507347769943012,0.42322326844336694,0.5936914854191848,0.1450996136221991,0.7234369488965151,0.1172034493203712
9.439077423590646,427.2457455928952,308.64960989834566,0.9947292439551155,2.3007538544261563,4.356132430972618,1549.770883756385,8.953428795420905,0.05764053788689441,26886.822027883136,1.020418208666222,0.017740569923179867,0.9910900211770978,0.9977711828160527,0.011412265280174928,0.00796860103898892,91,11,dual-fidelity: 3D FDTD coupler/mode/bend + CMT Eqs 2-7,,0.4440311006359031,0.27229759595689823,0.7953684895322869,0.33069076663485364,0.5033896497849946,0.28733373506559373,0.6444522384488268,0.09944997293613411
9.523460945693788,435.22899990587774,311.45677381180144,0.9483747003088157,2.315111520284073,4.344594255343361,1553.500709694852,8.956920421286668,0.046546300202344924,33375.3854321721,1.2771863447452594,0.013930872017774914,0.9930101348839422,0.9977803192875386,0.011275856522418259,0.008025474507452928,92,12,dual-fidelity: 3D FDTD coupler/mode/bend + CMT Eqs 2-7,,0.45247886667645104,0.3522067094379776,0.8094457169697763,0.3151996088451287,0.7221730710270899,0.2876227258247827,0.6837227951455135,0.1252777189890843
9.688381306393712,494.3906433614391,246.69006532014743,2.1200127753887963,2.432702746540072,4.230339645228504,1552.9687602309643,8.71828713888317,0.06163772961938065,25195.099978871818,0.9287204979101134,0.019677044155840127,0.9901125975585604,0.9977599379903215,0.0110139466825473,0.008464809681310312,102,12,dual-fidelity: 3D FDTD coupler/mode/bend + CMT Eqs 2-7,,0.4689893012706933,0.9443905852453123,0.4846568147456133,0.7067476398645723,0.6909700804432757,0.2678718086014456,0.6326470870199883,0.09022630046956048
13.431392323050455,407.0657730925712,310.268199186806,0.4757921609048897,2.249638212030918,4.394452331604477,1548.322774125585,6.370865724599298,0.06105482543649497,25359.547964575606,0.6057757450798322,0.027595641536741697,0.9861056527894252,0.997980878014567,0.00646094369198177,0.011094656458725462,124,15,dual-fidelity: 3D FDTD coupler/mode/bend + CMT Eqs 2-7,,0.8437079734453422,0.0703043173573337,0.8034853114365306,0.15726793460763486,0.41844671019831053,0.07358320989954883,0.6338288918136995,0.05774199306053765
10.47086714816298,462.18599445953106,333.0644582771091,2.3345565783719073,2.377005881636605,4.2881769547817274,1550.7654991447505,7.927823521340088,0.03244859043936647,47791.45960261403,1.6278865380558107,0.010562401824953396,0.9947047794069588,0.9978136070206871,0.009851822544305775,0.009159736530816415,108,13,dual-fidelity: 3D FDTD coupler/mode/bend + CMT Eqs 2-7,,0.5473251796099293,0.6220352095013749,0.9178028695954609,0.7784457225849774,0.5617316102615915,0.20244765099481934,0.7489419882287328,0.16055388554098587
5.395156661076407,474.3965556803039,262.33753005575494,0.19135318341980811,2.399141086674075,4.265958487502797,1551.8131361334688,16.33328228486471,0.04072044236506279,38108.94592502976,3.9716181493302094,0.004905798887710418,0.9975440847964012,0.9971530691240915,0.02030680217443668,0.004456591805854106,53,6,supplementary targeted batch (Phase 2.2 step 3); dual-fidelity: 3D FDTD coupler/mode/bend + CMT Eqs 2-7,,0.039187884368181776,0.7442579377278382,0.563124950805425,0.06221168477394378,0.62318370169773,0.8981407185772253,0.7078157352215876,0.39630472984992976
7.244124782194712,484.8335655131566,301.1125743915601,2.7727316375707707,2.42361283096813,4.239909145235474,1546.920624021449,10.993188756822747,0.04684638756262551,33021.12936570581,1.8551609301473124,0.010696575134154054,0.9946373333360486,0.9974426647724105,0.015603169354281183,0.006638013417100375,80,9,dual-fidelity: 3D FDTD coupler/mode/bend + CMT Eqs 2-7,,0.22429096746237842,0.8487281412863396,0.757572134811113,0.9248788108570799,0.3361996557944939,0.45615817458784236,0.681784352832306,0.18341492029753778
6.6257977752096755,409.88118957718785,304.932195274816,1.0538886669163792,2.2613732508237994,4.38580494786261,1545.468150991696,12.370321617419222,0.09961833056637806,15513.893298602447,0.9548623477110738,0.022265985455763193,0.9888043358239469,0.9973869401266465,0.01704039938715917,0.00568605603323854,64,8,dual-fidelity: 3D FDTD coupler/mode/bend + CMT Eqs 2-7,,0.16238928616994372,0.09848548590658958,0.7767265816322765,0.35046116849307934,0.2510007687810557,0.5701390780947863,0.5445602357464695,0.09285585204992379
11.734477468796559,414.0788258897224,237.03610984889104,0.9345041998848236,2.2710158161437812,4.378872688009899,1546.723500247027,7.199714300266351,0.1999631525144854,7735.04258558327,0.21050556791790048,0.08129759667011574,0.9584896469601977,0.9979233578618196,0.008228381472607418,0.009827857626488471,111,14,dual-fidelity: 3D FDTD coupler/mode/bend + CMT Eqs 2-7,,0.6738271801081608,0.14050211011773872,0.4362446339716844,0.310564246401912,0.3246368068874187,0.14218436831214767,0.41813307762497937,0.017982629169293305
5.709059280369106,447.51103435783244,153.52099855199188,0.6069522552053723,2.34430305488985,4.319074849084117,1552.4720777772147,14.933637535723165,0.37992714068606986,4086.2363109246976,0.3114136063651173,0.07363722325344225,0.9624774162267693,0.997213213942045,0.019418459366825715,0.004821047646823612,56,7,dual-fidelity: 3D FDTD coupler/mode/bend + CMT Eqs 2-7,,0.070613165290429,0.4751448555025127,0.01743716407001362,0.20110013651706224,0.6618357754395094,0.7822965777099419,0.30221252384215463,0.028132748383905695
5.174956022993341,499.5494833543274,272.6027279357313,0.7716957810378764,2.4499538819122257,4.210653171817182,1545.2221731407365,16.51536041587906,0.03501229803101396,44133.69758740131,5.072421446945338,0.003677418052064248,0.9981595974331638,0.9970820856134237,0.020954113332179093,0.0044276178974362425,54,6,supplementary targeted batch (Phase 2.2 step 3); dual-fidelity: 3D FDTD coupler/mode/bend + CMT Eqs 2-7,,0.017143254964927267,0.9960284655207845,0.6146023599280602,0.256155536759594,0.23657224673458127,0.9132107459331061,0.7344780294651122,0.5070321295156813
14.383561348799192,412.8177238386729,349.3113171602345,2.4563182838346456,2.2621376165905547,4.385791488474389,1550.7395682762913,5.737181832520946,0.06245769085133636,24828.64075086297,0.5455914868254939,0.03151280154009002,0.9841174718802171,0.997926545282558,0.005641157619029206,0.012387338326916875,139,18,dual-fidelity: 3D FDTD coupler/mode/bend + CMT Eqs 2-7,,0.9390311000475946,0.12787899391002194,0.9992768179268197,0.8191370905436792,0.5602105623063026,0.021135211145381166,0.6299855407886132,0.05168818995897312
8.603732339356728,454.26467104505633,324.46410295634837,1.569688813850456,2.359914407860091,4.304623888957756,1551.52768724133,9.729035276688819,0.0365762253570629,42419.02142976951,1.9248209863383088,0.009372578003404249,0.9953026785840555,0.9976666738236398,0.012854926386949394,0.007435768892402886,87,10,dual-fidelity: 3D FDTD coupler/mode/bend + CMT Eqs 2-7,,0.360403401070289,0.5427459990075769,0.8746742310028794,0.5228356723839596,0.6064398948171511,0.35152821479245755,0.7272796462012975,0.19042187321938117
9.792829430335594,470.02417004565365,205.1215915076276,0.021437392479915024,2.392409807419023,4.272797886825167,1550.609863776094,9.097724805132202,0.06966828829387609,22257.039777341484,0.8254124628221409,0.0215413584221647,0.9891706837436274,0.9978315092474667,0.01085122820395186,0.008004494781056836,95,11,dual-fidelity: 3D FDTD coupler/mode/bend + CMT Eqs 2-7,,0.47944576590316823,0.7004921442100096,0.2762012780798594,0.005427772747966867,0.5526023803772249,0.2992766565003613,0.6101235010522507,0.07983477083420068
11.536334189365009,465.2478556789842,265.9075544139713,1.5980193049443692,2.380325533977419,4.284997511611174,1552.9769935589575,7.409473375082825,0.061276055365406465,25343.945270271008,0.7375965253159509,0.023495945867025407,0.9881821968306121,0.9978950591928194,0.008464027875049629,0.009838525331338662,116,14,dual-fidelity: 3D FDTD coupler/mode/bend + CMT Eqs 2-7,,0.6539907472901673,0.6526831891417966,0.581027733256814,0.5323033981617159,0.6914530294323878,0.1595454592790766,0.6337170926693451,0.07100155746144222
9.49314407767562,494.9960058074913,191.04099451854077,1.214151061377416,2.441302247817838,4.220428857311006,1546.377778686506,9.086982951215077,0.10359471336006255,14927.188159802947,0.5618276783556487,0.032867120577835585,0.9834291430612397,0.9977696179240156,0.01132467605583003,0.008069813116370873,98,11,dual-fidelity: 3D FDTD coupler/mode/bend + CMT Eqs 2-7,,0.4494437977232185,0.950450015961443,0.20559059328126902,0.4040190259341639,0.3043575372765055,0.29838758744257754,0.5375571354476667,0.05332135300681648
7.2622013015612765,436.05539271070796,247.81386310229107,0.25016333697421816,2.3201399128450806,4.340187667560169,1551.1340172649843,11.943958466860522,0.08491178374137319,18267.594306927695,1.0300672814613405,0.01952174525301162,0.9901910193225286,0.9975208983498711,0.015563028216009037,0.005996910814660834,69,8,dual-fidelity: 3D FDTD coupler/mode/bend + CMT Eqs 2-7,,0.2261006360165011,0.36047856372598847,0.49029238055534435,0.08186536479506162,0.5833480761408547,0.5348503572216972,0.5742412995314593,0.10042055209601103
9.197132560990209,425.7133724226584,308.0155220852009,1.3723295027508877,2.300386808807017,4.356241056765709,1547.1876978482424,9.035622199767886,0.07085519092776894,21835.911774275977,0.8422851750391185,0.02200770039856983,0.9889349319350744,0.9977366203271003,0.011812594960414962,0.007869153133516793,90,11,dual-fidelity: 3D FDTD coupler/mode/bend + CMT Eqs 2-7,,0.41980962299406266,0.25695916669545216,0.7921886971738172,0.45688045011183026,0.3518656215832619,0.29413662152472786,0.6066534576781369,0.08153196010783573
10.074173556506855,406.26048981624524,215.04262172371,1.4282605387489584,2.2471201224084596,4.396233393312007,1548.5096786887616,8.20953514259918,0.4287368147720041,3611.7954543097403,0.1177644948986996,0.14854624815085526,0.9227425165500638,0.9978120790886277,0.010424784969269045,0.008600074645463458,96,13,dual-fidelity: 3D FDTD coupler/mode/bend + CMT Eqs 2-7,,0.5076115652860398,0.06224376082367805,0.3259527721399501,0.47557196200762386,0.42941012255377553,0.22576402520842256,0.27979281763612635,0.008654007171271252
10.962683729845697,485.2551541737731,325.9967485780214,0.18910795889292062,2.4191319945407743,4.244925740629109,1551.3532684568145,8.153335125995682,0.012044400668986365,128802.86127075292,5.240753683647043,0.002525059263452209,0.9987366723699234,0.9979081462750464,0.00918499861854831,0.009003642603333176,108,12,dual-fidelity: 3D FDTD coupler/mode/bend + CMT Eqs 2-7,,0.596561704862327,0.8529480715056182,0.8823600668366707,0.061461356441844,0.5962088708941143,0.22111252871679327,0.929041057684428,0.5239643015851878
14.15568923642362,419.49641011139926,229.09307984974214,2.9580193710096396,2.2840697644963193,4.369093743742422,1547.6017714484865,5.761690480484958,0.4040323416607007,3830.390817446331,0.08373524925174722,0.1948078633214258,0.8973249894428296,0.9979115520816059,0.005827345343174505,0.012331651457491133,140,17,dual-fidelity: 3D FDTD coupler/mode/bend + CMT Eqs 2-7,,0.9162184673850076,0.19472991439290352,0.3964123180513901,0.9867998500782508,0.37615427215355596,0.023163713927212816,0.29046718385291065,0.005231079668022148
12.763400042811988,497.1697519718862,324.8104928800668,2.1229009935343304,2.4409616540001915,4.221014425317588,1549.7465420147619,6.716325368596472,0.016672591370043365,92951.74982812112,2.707848330221514,0.005675060288690967,0.9971584326030187,0.9979202298290587,0.007106186179623177,0.010977279248743633,133,15,dual-fidelity: 3D FDTD coupler/mode/bend + CMT Eqs 2-7,,0.7768342241670271,0.9722083268105933,0.8764112901446224,0.707712849302616,0.5019618165297253,0.10217580504750738,0.8697848270321596,0.2691848836892873
9.309164379678515,490.46097238582274,305.9484625817454,1.3494901782259168,2.430522562049564,4.232484003194207,1549.2096429831977,9.225223428476284,0.022479961770990844,68915.13690127213,3.046134594208291,0.005352159438097625,0.9973203299652035,0.9977482815229599,0.01162550697678095,0.007954724077165768,96,11,dual-fidelity: 3D FDTD coupler/mode/bend + CMT Eqs 2-7,,0.43102530313857107,0.9050561845582173,0.7818229089070587,0.44924780933497943,0.47046849514554817,0.3098293117309942,0.8154328743685411,0.3032123602012572
12.385011830414685,497.74685889589955,332.7790040568208,2.1168043424798952,2.439618696790475,4.222649096767672,1551.72860736998,6.926287895756786,0.015235333756125425,101850.64746258686,3.1438632725453997,0.004784135284589033,0.9976050644996801,0.997910690075933,0.0074998784634614304,0.01066662129611867,129,14,dual-fidelity: 3D FDTD coupler/mode/bend + CMT Eqs 2-7,,0.7389531899181078,0.9779849312971499,0.916371387820304,0.7056754183186377,0.6182254295492307,0.11955373511735437,0.8863929683798273,0.31304267452578977
9.936699756567513,418.1529047861543,295.9039839849611,2.562007056098449,2.2744755641089998,4.376804232811258,1552.1145317415946,8.113106180546538,0.14913596725211237,10407.378986705236,0.3445107561105338,0.0537570574560962,0.9727501953450864,0.9977674247501053,0.010631023239550643,0.008782558203187196,99,12,dual-fidelity: 3D FDTD coupler/mode/bend + CMT Eqs 2-7,,0.49384884870764034,0.1812819750828848,0.7314523519829862,0.8544570682406567,0.6408629080148535,0.21778290694926175,0.47203986555398986,0.031461918396021034
10.640258903810194,469.19716562294286,210.6519109290444,0.9092192089123209,2.391981285235654,4.273201055809583,1549.6689238474935,8.150254253068624,0.10312286291193887,15027.404011958277,0.4816587983633276,0.03675566265406366,0.9814501196423261,0.9978672779745011,0.009616859784622829,0.00892751038748811,106,13,dual-fidelity: 3D FDTD coupler/mode/bend + CMT Eqs 2-7,,0.5642832525279599,0.6922141678769392,0.30393445173747063,0.30211429189787115,0.4974089048213312,0.22085753467092903,0.5387726254206879,0.0452573404489898
5.592369807032233,413.102979842743,228.81881955623643,1.7790878695164116,2.2731850009930703,4.3769513817367915,1543.2163057659293,13.958213182396776,0.42615900893864367,3621.2218289350167,0.2645680147190484,0.08816035065860749,0.9549029528393933,0.9971517886209001,0.019744058751127874,0.005030489300576024,57,7,dual-fidelity: 3D FDTD coupler/mode/bend + CMT Eqs 2-7,,0.05893120007286256,0.13073428994679337,0.3950369710293491,0.5928144394513739,0.11891245937233651,0.7015638087259362,0.28026629823278015,0.02342065262618894
9.90611846165422,434.66546166068304,255.69321887345552,1.9056844183774682,2.320573173837598,4.339648688343887,1548.2992387945642,8.327283552962399,0.15582513012875973,9936.133135362636,0.3356868521297915,0.054746305090835085,0.9722415825859152,0.9977845630396251,0.010677453260212954,0.008586935084806154,99,12,dual-fidelity: 3D FDTD coupler/mode/bend + CMT Eqs 2-7,,0.4907873075654168,0.34656592188183516,0.5298053860908951,0.6351215567213719,0.41706617922293565,0.23550968634520866,0.4636225026245584,0.03057434116509828
7.446200016054861,488.442417839493,329.32801346490703,2.2241675263486025,2.423650933798813,4.240113404988371,1552.1723929640439,11.03042896013244,0.026360300914162915,58882.954258313854,3.5623191275040487,0.004942705656315915,0.9975255858090478,0.9974909508136781,0.015160265762051732,0.006660444646426156,80,9,dual-fidelity: 3D FDTD coupler/mode/bend + CMT Eqs 2-7,,0.24452103437227787,0.884851278390052,0.8990655300418743,0.7415549652042245,0.6442569206078093,0.4592404276815509,0.7868541865306682,0.35513423511146663
6.280687637643099,401.18802664114986,281.7765792868199,1.6707368729642678,2.2377036953458544,4.4022751327583585,1544.8889049595493,12.581743035807449,0.2239263023969617,6899.0953203026265,0.43329033539046313,0.051455584152422164,0.9739324493246838,0.9973022615716605,0.017899376529145174,0.005564545743867775,62,8,dual-fidelity: 3D FDTD coupler/mode/bend + CMT Eqs 2-7,,0.1278397719079029,0.011470477198211237,0.6606069381886905,0.5566047768761027,0.21702346508252984,0.587637755947969,0.39735709710185585,0.04039206239030526
6.537308694992772,478.26791499259326,278.690543431759,0.7183176678763139,2.407517248352312,4.257208692697071,1550.7240742613672,13.200560518553175,0.036669624131246546,42289.06379599294,3.12961406653469,0.00602873399335792,0.9969810760524204,0.9973804281924382,0.017256637288391947,0.005526528445961714,66,7,dual-fidelity: 3D FDTD coupler/mode/bend + CMT Eqs 2-7,,0.1535305063017372,0.7830086624928857,0.6451312374632353,0.23831718244824568,0.5593017173227034,0.6388553093209243,0.726722262816343,0.3116093780119751
10.522027378077278,461.30302062922493,336.5798476957757,0.382223463769483,2.3811037971293207,4.28400563596551,1546.0135861170759,8.307800566607511,0.016308515293187987,94797.9358220819,3.69285946896367,0.004006310082189228,0.9979948346147944,0.9978753419544755,0.009780259596792342,0.008693918317658011,103,12,dual-fidelity: 3D FDTD coupler/mode/bend + CMT Eqs 2-7,,0.5524469100393413,0.6131970022690169,0.9354316714408765,0.12599834726008968,0.2829947987344455,0.23389714157826316,0.8733574482992895,0.36826500297219017
12.948798893698985,411.7928695465815,329.60203538615906,0.6897778269498929,2.263461970249502,4.3845185464642835,1547.7451678246318,6.580708351140402,0.046533530343385275,33260.85849071288,0.8376533552147682,0.019901863481974088,0.9899990588470404,0.9979669291221783,0.0069209010487360206,0.01075610361909363,121,15,dual-fidelity: 3D FDTD coupler/mode/bend + CMT Eqs 2-7,,0.7953947923614361,0.1176206212317117,0.9004396816864692,0.22877949435323777,0.38456558954057907,0.09095121617678312,0.683098378705946,0.08106605546712317
6.901317635597171,455.2630428393643,346.08645088018125,0.6717925801649782,2.361074770489002,4.3035629679835425,1552.2623141131635,12.44549534864609,0.023533564600266038,65959.5067929325,4.926446775177985,0.0033423339739726728,0.9983274342749614,0.9974478441712983,0.016384320303079968,0.00581175955470415,68,8,dual-fidelity: 3D FDTD coupler/mode/bend + CMT Eqs 2-7,,0.18997200921903673,0.5527392927046003,0.9831049172187083,0.2227690307844848,0.6495314982881009,0.5763609685531371,0.8074700698819615,0.49234885607629547
10.663018792160214,415.3162019781345,210.3919697400906,0.1253946536678428,2.2645051310889026,4.384406164642018,1553.924501934312,8.155121222903972,0.1962900301003234,7916.471871445048,0.24711475005635075,0.07054051688645892,0.964084790417078,0.9978921326786839,0.009585719641083701,0.008742306600614152,98,12,dual-fidelity: 3D FDTD coupler/mode/bend + CMT Eqs 2-7,,0.566561780457322,0.1528877391345794,0.30263091145621596,0.04016909926684815,0.7470317956899938,0.2212603582728099,0.42234467867366166,0.02166506684990583
8.769956942243322,487.44288326379444,183.40118444550953,1.3438840670705192,2.419927042850457,4.244219766773795,1553.8898106391966,9.797098089044312,0.14804778966484294,10495.866329088467,0.4356222238497185,0.04393314635564078,0.9777867117343941,0.9976923863682036,0.012554005248384997,0.007512834255971446,90,10,dual-fidelity: 3D FDTD coupler/mode/bend + CMT Eqs 2-7,,0.3770444053845263,0.8748463457264555,0.16727884972337817,0.44737431116924065,0.7449968802923632,0.35716155712962494,0.47357783170123724,0.040626621957816834
7.107156028654266,453.169620338159,192.62513314873303,2.3339280889334164,2.358340747918305,4.30607664305255,1550.9528725219573,11.261336232900021,0.39695899209624175,3907.085878900893,0.20554344455879198,0.10186113884650726,0.947701884114141,0.9974332974476403,0.01591070882424554,0.006412046486682219,75,9,dual-fidelity: 3D FDTD coupler/mode/bend + CMT Eqs 2-7,,0.21057881186687186,0.5317849889013734,0.21353465371993302,0.7782356886099883,0.5727225222213682,0.4783518876789354,0.2940684814993226,0.017483500017368408
14.519466180673728,440.3408856183889,185.8638570946401,1.0128191086295038,2.329406537308376,4.33225010636474,1551.6199372497153,5.941213778105521,0.26394406512338325,5878.593771465918,0.1282340870911109,0.12793379793250553,0.9338448490340858,0.9979693429760755,0.005532957988600226,0.01212303752292868,140,16,dual-fidelity: 3D FDTD coupler/mode/bend + CMT Eqs 2-7,,0.9526367447853522,0.40337459655377106,0.17962853932280662,0.3367361923045353,0.6118510782817685,0.03802228585503315,0.36827912920576217,0.009707120585391738
10.726784158971306,407.2914113790562,335.9510745734482,0.7439664397407393,2.2489901715840537,4.395011564265579,1549.2462402717385,7.895010255775105,0.05037553408364786,30753.94173884563,0.9774823974385125,0.017679372673348154,0.9911208944052445,0.9978776335114586,0.009499011631559634,0.008955219715054174,100,13,dual-fidelity: 3D FDTD coupler/mode/bend + CMT Eqs 2-7,,0.5729454308061591,0.07256286440262667,0.9322785309323522,0.2468887083615676,0.47261521194339545,0.19973180144745611,0.6688633473527951,0.09513115345214122
11.094449577149474,471.566590614034,322.54559096216445,2.1616198875452906,2.3919902850225596,4.273334968958771,1553.3610582758413,7.59840651612285,0.029191587563819427,53212.626921363626,1.7074774294102977,0.009829378997523758,0.995073173692506,0.997856490962935,0.009014141818203841,0.00962412390543252,114,13,dual-fidelity: 3D FDTD coupler/mode/bend + CMT Eqs 2-7,,0.609752989397669,0.7159311438212107,0.8650533714747907,0.7206522604020779,0.7139814246241359,0.17518285399553085,0.7684605659677152,0.16855975948400062
6.991940094176145,435.19131995566494,173.19112054061787,1.0980069736578906,2.319113529679958,4.341009411806352,1550.366692330223,11.93049284845165,0.44332269236584615,3497.151666332486,0.19364876441724466,0.10715563821855939,0.9449044193893055,0.9974507595664507,0.016174095303201755,0.0059965969980440145,69,9,dual-fidelity: 3D FDTD coupler/mode/bend + CMT Eqs 2-7,,0.19904436492325434,0.3518295485334803,0.11607792374555681,0.36520500151111385,0.5383384759072196,0.5337358508465764,0.27393332997140457,0.016287040118690057
5.095492937655559,430.1327614674496,189.5305517030949,0.1459766595188256,2.3053189447472637,4.352570355569879,1551.6659809528696,16.97238766275109,0.22065018913630025,7032.244055745508,0.6511599198150025,0.03686113902671578,0.981396383207766,0.997080819195469,0.021192739035994806,0.004200024358107813,48,6,supplementary targeted batch (Phase 2.2 step 3); dual-fidelity: 3D FDTD coupler/mode/bend + CMT Eqs 2-7,,0.009188081525103699,0.3011954451418198,0.19801609898742575,0.047047369986099784,0.6145519010732176,0.9510374364553281,0.4008295322688374,0.06230708808277157
5.085144513555998,495.460458446188,193.673628583993,1.0146800331808616,2.4292448694249424,4.23447732622389,1557.478967634257,16.721906943164868,0.11476189101976045,13571.39511901281,1.290332614684329,0.018264263252827855,0.9908257852655895,0.9970522722025693,0.021224014434957562,0.004417434496646815,53,6,supplementary targeted batch (Phase 2.2 step 3); dual-fidelity: 3D FDTD coupler/mode/bend + CMT Eqs 2-7,,0.008152084644402289,0.9550989970858254,0.21879259702654735,0.3373580919845283,0.9555289693788215,0.9303059445663457,0.5202599738160194,0.12660007357215183
7.885492624121817,422.2248687855397,186.3070794825614,1.3069685520932268,2.287995541272526,4.366248623781624,1549.8925922191054,10.490528280864282,0.4969583402029048,3118.7575835557855,0.1437118704217427,0.13526102072650617,0.9299134256873023,0.9975827804125248,0.014240325841097488,0.006780793304992416,77,9,dual-fidelity: 3D FDTD coupler/mode/bend + CMT Eqs 2-7,,0.288499302685797,0.22204067079280426,0.18185118914038495,0.4350375686965783,0.5105288016669763,0.41455456694307186,0.2531312972755333,0.011263997008730698
5.271229951241028,474.1499791857471,177.47991673046948,0.796224104327458,2.405380575215021,4.25930690224244,1546.2393379394575,16.04142610512349,0.1836237282842343,8420.694604054697,0.7363627906550307,0.03223988916396076,0.9837479915283381,0.9971051015051461,0.020668601848104637,0.004512633162577476,54,6,supplementary targeted batch (Phase 2.2 step 3); dual-fidelity: 3D FDTD coupler/mode/bend + CMT Eqs 2-7,,0.026781388114274333,0.7417898077757129,0.13758516780358357,0.2643526215868249,0.29623690623949334,0.8739847115478233,0.43356125687582336,0.07087745878625007
7.646332569010701,413.46090393860715,347.07922708781234,1.4243403298717947,2.2595073806194943,4.388052277516827,1553.9305562593502,10.752646453126545,0.058381439924741596,26616.859026815586,1.3598330181436145,0.014399138088918297,0.9927743257715127,0.9975450119217197,0.01473401254725738,0.006615960664450847,74,10,dual-fidelity: 3D FDTD coupler/mode/bend + CMT Eqs 2-7,,0.26455661646616097,0.13431696388810907,0.9880834424848537,0.47426187308196854,0.747386929137775,0.43624925374845464,0.6426190757230322,0.1335909673743776
6.972152779791486,449.1032406974002,214.83237268903395,0.08057368822244507,2.3558918916482816,4.3081836104402935,1546.0443940989494,12.538135421752258,0.09644277623085286,16030.691509732345,0.9653584754718348,0.021255318472801033,0.9893152589176005,0.9974777491153751,0.016219766309646076,0.005715901786639468,67,8,dual-fidelity: 3D FDTD coupler/mode/bend + CMT Eqs 2-7,,0.19706342601093865,0.4910821903393735,0.324898425628348,0.0251904457544672,0.28480192748175215,0.5840284925340963,0.5505129055667628,0.09391163461891362
7.92380880913573,401.0837256513895,316.445412522373,0.8644335253746283,2.2283898233218244,4.409327276148877,1551.3094192731478,10.536122240720943,0.08724723510820898,17780.614105984285,0.8463020594522339,0.023194912897829063,0.988334501624916,0.9976013065214405,0.01416278359739967,0.006697031397837437,74,9,dual-fidelity: 3D FDTD coupler/mode/bend + CMT Eqs 2-7,,0.2923351957428354,0.010426466911153778,0.8344624968576763,0.2871474291951151,0.5936367738098165,0.41832823387646456,0.569333003049593,0.08193600973848797
5.015154372953809,458.9673643800953,270.22529254185105,1.4153065506715596,2.380675921901561,4.284374671364497,1542.577262042792,16.04147015402191,0.08621116996753958,17893.009254179087,1.7033154707204023,0.013670039939820687,0.9931414602463132,0.9970224575860592,0.02143675644494493,0.004464428458194114,53,6,supplementary targeted batch (Phase 2.2 step 3); dual-fidelity: 3D FDTD coupler/mode/bend + CMT Eqs 2-7,,0.0011452624803588243,0.5898180376328819,0.6026801139212751,0.4712428874978111,0.08142755407706863,0.8739883573349392,0.5704776683721355,0.1681411171486744
9.984666125691689,423.03264862852745,166.70875053852245,1.5205350444656818,2.2879363416307315,4.366430489439281,1551.4703328796365,8.344821194699762,0.6951335956386677,2231.902389143187,0.07447584998573314,0.22656271001469697,0.8794528355661281,0.9978023490042053,0.010558604697229638,0.008550955086306246,97,12,dual-fidelity: 3D FDTD coupler/mode/bend + CMT Eqs 2-7,,0.49865083675075983,0.23012621693857435,0.08357045369151317,0.5064090453997875,0.6030756135660981,0.23696122113012397,0.19235317909561753,0.004299696917430888
9.605186246027383,440.9428430215493,201.39018519045516,1.2047871706310087,2.3276131309674017,4.333961096429363,1554.0715023211412,8.839286540332978,0.24490489692520614,6345.612202257246,0.22596579410339762,0.08091375778689466,0.958689857155642,0.997779990243909,0.011145299298485333,0.008158896126553215,94,12,dual-fidelity: 3D FDTD coupler/mode/bend + CMT Eqs 2-7,,0.46066051398868163,0.40939994418195563,0.2574892053231758,0.4008897208506067,0.755654516450957,0.2778865439226803,0.38216590864829064,0.01953773955774617
5.149056443747627,454.1519374674704,186.68137194864613,0.2949958237106638,2.357518737622804,4.3069509877326455,1553.2496850955704,16.860008432918903,0.16632684970962752,9338.53847293582,0.8656286417398449,0.027429492291249274,0.986189894345278,0.9970898477334276,0.021031592503638636,0.004282520767279923,50,6,supplementary targeted batch (Phase 2.2 step 3); dual-fidelity: 3D FDTD coupler/mode/bend + CMT Eqs 2-7,,0.014550407681911588,0.5416175819621883,0.18372817257835145,0.09684786859100758,0.7074485177763983,0.9417361653011861,0.4523547920238052,0.0838800284435278
11.360337680878569,406.94039574467655,220.01339535567996,2.514586917253161,2.2492850769540076,4.394699995379011,1548.3243728772213,7.112717863071566,0.5724735666854311,2704.621598237061,0.07497850485924443,0.21999014691223778,0.8831816648276628,0.9978595009212491,0.008678988954156612,0.009933076482628152,111,14,dual-fidelity: 3D FDTD coupler/mode/bend + CMT Eqs 2-7,,0.6363714622616345,0.06904934133777023,0.350879963110916,0.8386098007350546,0.4185404894680323,0.13498395011208253,0.22725045508589375,0.0043502578734107645
12.915877414035359,494.2240356947693,222.5538641749344,2.7962826244412575,2.4334156894433634,4.229497580389136,1552.1151276999612,6.54526373826593,0.0998639922015346,15542.290003464434,0.39032848971161743,0.044644806807702386,0.9774227300366498,0.9979033544256366,0.006953445907716554,0.01127690413799068,136,16,dual-fidelity: 3D FDTD coupler/mode/bend + CMT Eqs 2-7,,0.7920989716730434,0.9427229105827272,0.3636197811155116,0.9327492810422302,0.6408978656274913,0.08801757838809783,0.5448924335334112,0.03607062415772914
10.458133078817188,451.7062294567464,301.5396413320079,1.2502344404631192,2.3595290591222384,4.304835503684952,1547.5528768972958,8.12254795561239,0.04241303050884799,36487.67509255094,1.2301044513925954,0.014079239738596414,0.9929354260279989,0.99784513352924,0.009869716204348233,0.008867411407696297,104,12,dual-fidelity: 3D FDTD coupler/mode/bend + CMT Eqs 2-7,,0.5460503520618936,0.5171370441628715,0.7597137690857981,0.41607767811868834,0.3732862248596433,0.2185643726186301,0.6999183821186346,0.12054185415875979
7.545721861906371,404.8720174081605,220.46283391047524,0.9784771665981038,2.2352387200103934,4.405115692216878,1554.2188762790117,11.043654139037244,0.35536887247351495,4373.536898324839,0.2155665971753025,0.09331999385183173,0.9521974617421369,0.9975433280449341,0.014946779188113058,0.006417855998838714,71,10,dual-fidelity: 3D FDTD coupler/mode/bend + CMT Eqs 2-7,,0.2544843216198686,0.0483457193893022,0.3531337854562029,0.32525950844645857,0.7642991500710856,0.4603350336442302,0.3145555482225383,0.018491707049527222
6.359802335546573,466.56734531573284,182.96043803054815,2.2896655457323676,2.3930171896543175,4.2720313555197205,1544.6803770629394,12.461691987620725,0.3685199581371743,4191.578618621145,0.2585843313191142,0.08566043034092265,0.9562110487016333,0.9972994050073047,0.01769871202944336,0.00579008919875586,69,8,dual-fidelity: 3D FDTD coupler/mode/bend + CMT Eqs 2-7,,0.13576006773817484,0.6658907412234819,0.16506861629314312,0.7634436534184889,0.20479167534290413,0.5777015128077452,0.30683619894179615,0.022818766980739605
14.070507064769908,425.4597120391492,209.03317582159957,0.945956011581931,2.2979569041741543,4.358284599352709,1548.5402580192147,6.074092517225608,0.23855995394528576,6491.199517813353,0.1449540123983018,0.11380136145258087,0.9413812397469046,0.9979714738387114,0.005898512446852534,0.011738936986022054,134,17,dual-fidelity: 3D FDTD coupler/mode/bend + CMT Eqs 2-7,,0.907690747292016,0.2544201299095985,0.2958168985873601,0.3143913107633205,0.4312038391095041,0.04902023614373012,0.38628652077412273,0.011388941357442265
7.300255579610159,497.39606806169667,217.6026215594924,0.9514518253448747,2.437828117287376,4.224707993842232,1552.7912695796656,11.878099819170757,0.06434250070638786,24133.212923530435,1.387032857736963,0.014318616587043524,0.9928148787225928,0.9975060547479622,0.01547886121287997,0.006210329092129773,75,8,dual-fidelity: 3D FDTD coupler/mode/bend + CMT Eqs 2-7,,0.22991030915868138,0.9744736583902033,0.3387905333250032,0.3162279488032573,0.6805588675421217,0.5293994465781346,0.6248249411462333,0.13632693983741614
5.019212659964784,474.92875226541634,260.4623303756649,1.4980791914366178,2.411614965142637,4.252681706308579,1542.218910720169,16.06556789746719,0.07763591763320495,19864.76050951655,1.9177358130904563,0.01200333844747643,0.9939802118515859,0.9970210293967601,0.021424362842884688,0.004489264210804585,54,6,supplementary targeted batch (Phase 2.2 step 3); dual-fidelity: 3D FDTD coupler/mode/bend + CMT Eqs 2-7,,0.0015515439241720335,0.7495850080736788,0.5537212917384211,0.4989045564066385,0.060407450280406116,0.8759828508576499,0.5894673544977865,0.18970919111567044
5.266140787085368,438.580304045738,274.5476207250871,0.4841191429787032,2.3245391935425452,4.336499985729843,1552.2624007963873,16.180685657750246,0.07221132109803487,21496.108604480716,2.02462656477152,0.010953080957712353,0.9945083805792124,0.9971131727895519,0.02068359649821681,0.004427328971638473,51,6,dual-fidelity: 3D FDTD coupler/mode/bend + CMT Eqs 2-7,,0.026271903951283204,0.3857518944368073,0.6243555125694354,0.16005071668401397,0.6495365829361729,0.8855107814605659,0.603804381003701,0.20046109838884418
13.380511262428508,479.8243496952273,348.3056719618751,2.251541864251317,2.4127832617233542,4.251578231347466,1548.6452074532588,6.348580567609133,0.01659738049913185,93306.60386645127,2.538618648125669,0.006093811162891769,0.9969484384044685,0.99792720531746,0.006507960031366133,0.011514791014368775,138,15,dual-fidelity: 3D FDTD coupler/mode/bend + CMT Eqs 2-7,,0.8386141910893063,0.7985879378613797,0.9942337578793223,0.750703155532144,0.43735994307156395,0.0717387383883303,0.8704769946300618,0.2521624395475128
10.339994318707411,459.75680543389996,270.04615148374035,2.2687996006716005,2.3689400789478676,4.296116924922432,1553.347523138306,8.048025618194515,0.08497882375827977,18279.23068877449,0.5974839704293691,0.030368906704007863,0.9846984783658357,0.9978065465025716,0.010037279606652374,0.00903574094552558,106,12,dual-fidelity: 3D FDTD coupler/mode/bend + CMT Eqs 2-7,,0.534223296484527,0.597720019992696,0.6017817661595612,0.7564704934660474,0.7131874830982345,0.21239639595248644,0.5743569760136116,0.05690794155683187
14.507257544647818,472.61881298468126,306.0480147204812,1.3689133439087622,2.396157747788732,4.269011425891666,1551.5470783311832,5.988172124532866,0.02483003977684172,62486.69322625361,1.4868422414309812,0.010884801580635546,0.9945427081927475,0.9979587443055816,0.005542592365813539,0.01220564983817646,145,16,dual-fidelity: 3D FDTD coupler/mode/bend + CMT Eqs 2-7,,0.951414519186674,0.7264634597824654,0.7823221380728923,0.4557388089371931,0.6075773336815024,0.041908878722087865,0.7976448378861433,0.14636654776975344
7.4605749073668015,416.1680826028233,290.74881218362384,1.224001773223837,2.2675170587907707,4.382127299963339,1553.3807701535309,11.099659893829994,0.11231626810803527,13830.416522202804,0.7098824727912518,0.028704176738543752,0.9855434152088157,0.9975230290958047,0.015129242466267161,0.006412143164378572,72,9,dual-fidelity: 3D FDTD coupler/mode/bend + CMT Eqs 2-7,,0.24596012716711463,0.161414716084304,0.7056004501475078,0.40731102105590217,0.7151376802004502,0.4649704517041123,0.5236943357229621,0.06821386144262734
5.836803344323729,461.97060395290754,193.0913381647528,2.0565021592290775,2.384897605999889,4.2802020274247,1544.0024454325148,13.562329502185548,0.32143274341234274,4803.50081650464,0.33627961768992454,0.06863933877801083,0.9650702882287845,0.9971981816845557,0.01906816764028131,0.005302273773213259,63,7,dual-fidelity: 3D FDTD coupler/mode/bend + CMT Eqs 2-7,,0.0834018228204904,0.6198792385449523,0.2158725556898004,0.6855231190547036,0.1650256905705721,0.6687977765984436,0.3315898494283399,0.030633966158252954
11.61084861596255,492.8199287026446,191.92191069792062,0.7275473594571598,2.4351062353619732,4.2274206845702675,1548.648646324254,7.596152903818165,0.08005492885482643,19344.825715011397,0.5652263778423783,0.030432420942812604,0.9846662272349892,0.9979243394435162,0.008374628391841716,0.009673067059060165,117,13,dual-fidelity: 3D FDTD coupler/mode/bend + CMT Eqs 2-7,,0.6614505027833332,0.9286683733508604,0.21000816838297662,0.2414016397070713,0.4375616597130301,0.17499632967823942,0.5846494428975176,0.05366322076577596
6.918602124095301,485.35589225703825,278.91712924560113,2.3054343706959335,2.419548548031241,4.244468936066327,1551.147667430374,11.72184082335093,0.05678933441372726,27314.066689526593,1.6384106919871333,0.012452829319137522,0.9937540795794815,0.9974020765386401,0.016344014135130803,0.006250624633984763,75,9,dual-fidelity: 3D FDTD coupler/mode/bend + CMT Eqs 2-7,,0.19170238632730996,0.8539564185545665,0.6462675088509782,0.7687134141895811,0.5841487649487883,0.516466386860921,0.6473161261225727,0.1616124872012662
11.287354601888488,441.5153521463932,243.56410158553078,2.59075929620607,2.337877017274657,4.324577230558358,1547.1065663771403,7.245893287258696,0.19828027737509443,7802.624582022443,0.22094525500653164,0.08006232185357112,0.9591338166003891,0.9978536504371194,0.008769723557985692,0.009893267693910093,115,14,dual-fidelity: 3D FDTD coupler/mode/bend + CMT Eqs 2-7,,0.6290650123664355,0.41513052657762156,0.4689808856548287,0.8640657377103382,0.34710662716611196,0.1460064560794406,0.4197133235871127,0.019032734494334225
5.063365467427709,407.8888155197619,274.2334941430152,1.5144709308599755,2.258905195716656,4.387362592491941,1543.2754091796105,15.453470571103026,0.22101860460974335,6982.558829853263,0.5997672652392896,0.04073392015188621,0.9794212984452164,0.9970318250593242,0.021289986758465797,0.00452959069830049,51,6,dual-fidelity: 3D FDTD coupler/mode/bend + CMT Eqs 2-7,,0.005971750360023834,0.0785426357342358,0.6227802460455283,0.5043824880586646,0.12237933618256579,0.8253215034383792,0.3995415234345232,0.05713761319528039
5.183768964536252,462.33602703977334,158.64246793135635,0.07189385335463387,2.374113815964487,4.291108431975232,1553.3526942481221,17.041897497538457,0.18464228569817281,8412.76790077937,0.7802919177264311,0.03037495407061205,0.9846954076918344,0.9971051649552198,0.020927814359227727,0.004252867931064609,50,6,supplementary targeted batch (Phase 2.2 step 3); dual-fidelity: 3D FDTD coupler/mode/bend + CMT Eqs 2-7,,0.018025532291447696,0.6235369743218871,0.04312005665846129,0.02228974431402162,0.7134908090753278,0.9567905442333613,0.43339017818230013,0.07529619374166004
5.082249558214417,471.42292407433666,264.9677235585973,1.019368885748294,2.405558944133406,4.259060707867936,1541.893091843017,16.297360730161927,0.0627519004871877,24571.257282603434,2.454103904181966,0.009003769981015439,0.99548793564713,0.9970513984264868,0.02123277193754678,0.0044162889580016155,53,6,supplementary targeted batch (Phase 2.2 step 3); dual-fidelity: 3D FDTD coupler/mode/bend + CMT Eqs 2-7,,0.007862266148871594,0.7144931004652024,0.5763147157374406,0.3389250528315401,0.041295628489088985,0.8951676058314996,0.6280926076525902,0.24366128602573717
10.773822140636113,400.1995015034706,274.763137999582,0.28009337612108076,2.226589311137295,4.410445569073192,1550.7537419325226,7.955334619402947,0.11089942189105827,13983.424940266155,0.43042652596392383,0.040647890541466135,0.9794652160534002,0.9978943660382299,0.009435552567924926,0.008873034004698905,98,13,dual-fidelity: 3D FDTD coupler/mode/bend + CMT Eqs 2-7,,0.5776544765323872,0.0015757445104080498,0.6254362779908026,0.09186764121945055,0.5610419579405678,0.20472465701464138,0.5256929798824886,0.040103998054355355
5.1101862776554565,457.67857133931994,243.31448853425138,0.36236702225960477,2.3650764626871084,4.299803380249952,1553.0502292920467,16.939691821966562,0.07411409320525295,20954.857060599803,2.0995376398831906,0.010644725801542253,0.9946633974357646,0.9970780715545139,0.021148411425903662,0.004268287579560514,50,6,supplementary targeted batch (Phase 2.2 step 3); dual-fidelity: 3D FDTD coupler/mode/bend + CMT Eqs 2-7,,0.01065905471488881,0.5769177459333595,0.4677291384100802,0.11936255183690422,0.6957488771493483,0.9483313057832843,0.5991719190948672,0.20799623983623214
7.83742548040676,415.72476710855665,236.49916427912183,1.4047492020361554,2.2671362071322383,4.3823464491893,1552.7942537802119,10.512372702801486,0.2719099740904538,5710.6925149559165,0.2654395461592361,0.07535317417084177,0.9615855790459621,0.9975731286830726,0.014338202191601649,0.006766954353728267,76,10,dual-fidelity: 3D FDTD coupler/mode/bend + CMT Eqs 2-7,,0.2836872259411707,0.15697730913840913,0.43355198575439935,0.4677147424512308,0.6807339142107757,0.4163625602168006,0.3630152684764701,0.02350831807042226
5.342298130505558,406.62007770783407,178.47951794938172,2.91342941882425,2.244443348948231,4.3984082747680375,1551.1666127658748,13.786638561058908,1.762627299399765,880.0309704122365,0.06607511601243272,0.32337275387843256,0.8225735505847288,0.9970591542447372,0.020460339718983565,0.00512115603451582,57,7,dual-fidelity: 3D FDTD coupler/mode/bend + CMT Eqs 2-7,,0.033896134410602616,0.06584308868032238,0.1425979188004059,0.9718983985525751,0.5852600568390336,0.6873631234336822,0.02329573632747504,0.0034546854333968773
9.171853615568821,418.4097446030781,182.44248203275413,1.9194444619651394,2.273920962441059,4.377312303438369,1553.0209316477826,8.922700048960223,0.7181880607698178,2162.41541245216,0.08003818309198624,0.21971651134919135,0.8833365658970587,0.9977177555114749,0.011855224242527107,0.007990754824113655,90,12,dual-fidelity: 3D FDTD coupler/mode/bend + CMT Eqs 2-7,,0.4172789083314223,0.18385283669800911,0.16247119604681984,0.6397200057544717,0.6940303414985791,0.28479041452954373,0.18660771779520785,0.004859199857024611
8.565763448794494,414.106989448075,310.69951740127385,1.7280865945445931,2.269785267003161,4.379874005338502,1547.6815170233792,9.501045900713052,0.10227904223637534,15131.951602035528,0.6275749451991292,0.030818701234028436,0.984470059862651,0.9976574951387875,0.012924668359611553,0.00744593879059299,84,11,dual-fidelity: 3D FDTD coupler/mode/bend + CMT Eqs 2-7,,0.3566022762026061,0.14078401582839237,0.8056482647909434,0.5757703972514535,0.380831972934178,0.3326582598249704,0.5400320450426469,0.059934726993323355
13.701732850803978,403.10909489802015,171.81357794803694,1.5043071113825117,2.2400365836436773,4.400960473960236,1547.1731384481466,6.085094224287332,0.8833472617903322,1751.4891429135118,0.040574620467466745,0.35911902575968363,0.8005504195491476,0.9979528363274918,0.006216775067300381,0.011582888297998738,129,16,dual-fidelity: 3D FDTD coupler/mode/bend + CMT Eqs 2-7,,0.8707721854244127,0.030699585444644604,0.10916989094859841,0.500985855951291,0.3510115990586891,0.04993081241918897,0.1483222579932139,0.0008896462769922281
7.133468081149772,473.9327146605315,286.71304805063824,0.14031406319201367,2.4027418739851694,4.262103889296986,1548.1047803304907,12.39087031328836,0.026174690033203118,59145.104616967335,4.138777110782456,0.00408711685893179,0.9979543492269916,0.9975031639976971,0.01585116296043211,0.0058631988952028485,70,8,dual-fidelity: 3D FDTD coupler/mode/bend + CMT Eqs 2-7,,0.21321295249040445,0.7396150786589623,0.6853620987951775,0.04515499512275319,0.4056596715838782,0.571839828246111,0.7876611291492907,0.41311888472440594
8.329281778594972,447.3862206464072,271.13910669470476,2.2303413052378067,2.3471096304956816,4.316409619457809,1550.0503999120467,9.7522958011441,0.11536606366966867,13435.930382008659,0.5802139089914838,0.03399569653083643,0.9828551792960973,0.9976138038853348,0.013367640492113872,0.0073833634551432855,86,10,dual-fidelity: 3D FDTD coupler/mode/bend + CMT Eqs 2-7,,0.3329277272748933,0.47389552125368944,0.6072626641612724,0.7436181714275731,0.5197854553365084,0.353453414364204,0.5184376520218231,0.05517078379283561
12.121578453444831,498.7056617648722,335.3746129486418,2.256612634304499,2.4418328074786033,4.220154087687357,1551.1473520959403,7.042877793457137,0.015244839074879921,101749.0145010375,3.2287571392216172,0.004662108181335895,0.9976662226509746,0.9978982741995692,0.007786773794855886,0.010487795357925368,127,14,dual-fidelity: 3D FDTD coupler/mode/bend + CMT Eqs 2-7,,0.7125804635795148,0.9875821562205906,0.9293877195470656,0.7523977488304543,0.5841302681214886,0.1292035098485392,0.886211611384462,0.3215819631752639
12.675372010621832,446.1173589450027,272.26323106313316,0.04007049736937983,2.3481197281986543,4.315367984575099,1547.0781310781035,6.932597905460625,0.03923347089684151,39432.60934384092,1.0524641339678342,0.015571858486772587,0.9921835220931798,0.9979804035439268,0.007195888906608454,0.01036384078273872,121,14,dual-fidelity: 3D FDTD coupler/mode/bend + CMT Eqs 2-7,,0.7680216005360379,0.4611947341167397,0.6128998677198311,0.011654743078160919,0.34543867479783863,0.12007599453600595,0.7140181670024264,0.10267340257721343
14.78187483659752,406.3263645902853,263.9556091920878,2.575646354117528,2.2452500852009507,4.3977070582237525,1549.990236579447,5.556695053208159,0.26883298431763014,5765.625228294571,0.12054265604698465,0.1385851639421554,0.9281243645427291,0.9979213641841139,0.005329880322485553,0.012743711694234593,142,18,dual-fidelity: 3D FDTD coupler/mode/bend + CMT Eqs 2-7,,0.9789068847014045,0.06290314039345438,0.5712392144238873,0.8590151654871065,0.5162564060037336,0.006196894904623172,0.3647543043922803,0.008933456333958603
13.5590490425177,498.02742843717283,270.38310135623533,0.08719218053189813,2.445872609590389,4.2153342803753455,1546.6684176487583,6.626127844961275,0.016237358589734956,95253.69591988575,2.635277789788963,0.005649432191452645,0.9971712830845799,0.997993888425811,0.0063444729850815835,0.011097892270963998,135,15,dual-fidelity: 3D FDTD coupler/mode/bend + CMT Eqs 2-7,,0.85648788678251,0.9807933177563513,0.6034714857970247,0.02740227011149552,0.32140578230371564,0.09471044311171288,0.8742286972679854,0.2618851715137846
5.214791428412944,471.11317608715945,303.1780688201617,2.389857178955854,2.3948715576890396,4.270279261903293,1550.2753122033982,14.879224782127267,0.06321037922175098,24525.644859126893,2.197154923331888,0.010233798698560758,0.9948699419026786,0.9970436709618165,0.02083550157555024,0.004880877981319856,58,7,dual-fidelity: 3D FDTD coupler/mode/bend + CMT Eqs 2-7,,0.021131239546844222,0.7113926496856715,0.7679300746175196,0.7969265501830041,0.5329783177898998,0.7777930072886574,0.6277550826650559,0.21781534919221443
6.612390470204829,477.4683724622815,193.75894802990695,1.8706391574646362,2.4020654539042687,4.263042798749556,1554.072967181783,12.432793673745891,0.21107134224246302,7362.7852586287145,0.44453032190166075,0.04910542298525702,0.9751382348235265,0.997360071576964,0.017072987370730073,0.005887459885145095,70,8,dual-fidelity: 3D FDTD coupler/mode/bend + CMT Eqs 2-7,,0.16104705994979654,0.7750055684809948,0.2192204527848855,0.6234098317451712,0.7557404419681654,0.5753096913506244,0.40917337565018286,0.04152266808649038
11.503347860343958,480.0314785380634,196.1473365435487,2.1797442756259158,2.4094850740002767,4.255185461749301,1551.7317700027584,7.356964293575857,0.1742938753433782,8902.962120416883,0.2528888938394119,0.0694669913344972,0.9646413886338813,0.9978761967042519,0.008503907722410001,0.009962830125396293,119,14,dual-fidelity: 3D FDTD coupler/mode/bend + CMT Eqs 2-7,,0.6506884344314344,0.8006612129392489,0.2311976259575884,0.7267092233988776,0.6184109426618555,0.15519944973727262,0.44367792301149317,0.022245875362906908
5.08226150238681,430.0607289941439,251.19342646594671,2.2376517020762954,2.303385690317937,4.354249194220165,1552.997837025633,15.095852938432017,0.2757202009591432,5632.513800669106,0.468709796136904,0.052502839267367915,0.9733946582618133,0.9970150420482442,0.021232735797918807,0.0047330522464152005,54,7,dual-fidelity: 3D FDTD coupler/mode/bend + CMT Eqs 2-7,,0.00786346189860344,0.3004744295186113,0.5072400485848253,0.7460612223568336,0.6926756615404457,0.7957226302663303,0.3605112569899917,0.0439548285943249
12.228635294459554,412.96798390311073,161.52633116715873,2.047388482055019,2.2618294362102325,4.386071420002377,1551.2615071201196,6.755551642888349,1.1046375691058414,1404.317171989544,0.03713278281049655,0.3928465706044211,0.779200506542173,0.9979080218414469,0.00766888168960576,0.010520842614505085,118,15,dual-fidelity: 3D FDTD coupler/mode/bend + CMT Eqs 2-7,,0.7232980909478898,0.12938303575437474,0.05758191208286619,0.6824774324824183,0.5908263518406656,0.10542243891481838,0.10819196701939669,0.000543439343697577
5.064574373607796,413.40694475292963,154.9283173873648,0.8377702014268084,2.2660027997870795,4.38279667650076,1549.0764957579463,16.20707418513507,0.8386284398606901,1847.1547375799385,0.1612400688265174,0.1460549435244367,0.9240914762487333,0.997052328858124,0.021286319412596965,0.004354635960249168,49,7,supplementary targeted batch (Phase 2.2 step 3); dual-fidelity: 3D FDTD coupler/mode/bend + CMT Eqs 2-7,,0.006092775843670528,0.13377685448878315,0.024494517303875477,0.27823685159077277,0.46265837050435343,0.8876948758784693,0.15798267754256942,0.013027120206481743
8.757812957738484,496.2484244323712,284.61276461367197,2.301068421810257,2.4409730664530542,4.220914213433575,1548.4364204215956,9.482194391788653,0.03775739669430878,41010.14783826432,1.808380826948903,0.010060335067325852,0.9949571171325295,0.9976624427303666,0.012575749308310517,0.007751782810552294,94,11,dual-fidelity: 3D FDTD coupler/mode/bend + CMT Eqs 2-7,,0.3758286521504824,0.9629862146215049,0.674829700781779,0.7672543640562013,0.42511295303721763,0.33109798043497635,0.7211438327792509,0.17870941187975106
11.29390570631503,482.08278293363173,337.69132971651527,1.017703870432817,2.4175352591094894,4.246492762565045,1548.0095400488015,7.701181444959047,0.0141873974026246,109111.59362903496,3.9369912695088756,0.0036575943589893193,0.9981695275057292,0.9979009630710338,0.008761540436216596,0.00948962431760927,114,13,dual-fidelity: 3D FDTD coupler/mode/bend + CMT Eqs 2-7,,0.6297208536506496,0.8211939317157431,0.9410054767764435,0.3383686237752825,0.40007308523593704,0.18368920772638134,0.8989023779683968,0.39282168763025127
14.24778262012363,455.62659834402115,273.2345118294983,1.0692196311822302,2.3659116266382387,4.298844997690297,1548.9944115713013,6.0706995464722695,0.05015181507782979,30886.108691528752,0.7112192614881591,0.023556912591278532,0.9881513484323752,0.9979680606310184,0.0057513697919173105,0.01191578669853181,140,17,dual-fidelity: 3D FDTD coupler/mode/bend + CMT Eqs 2-7,,0.9254380796978138,0.5563783347467726,0.6177705987050227,0.3555846012319084,0.4578434918798951,0.04873941075418078,0.6696423470781236,0.06834832609824001
10.503473132651308,437.4007957994472,265.20011561815517,0.3614506217920931,2.3240313961780923,4.336830784146747,1550.5512016037908,8.274050407723053,0.06319172577916841,24537.250446718146,0.8101610328720066,0.02152832352752892,0.9891772725211954,0.9978747288036797,0.009806153006093488,0.008673362009651877,100,12,dual-fidelity: 3D FDTD coupler/mode/bend + CMT Eqs 2-7,,0.5505894155841335,0.3739454988731033,0.577480104000442,0.1190563012922085,0.5491613858199108,0.23110374835294478,0.6278410217482147,0.07830066280307342
8.232832482498363,499.4533490736861,315.32774022022943,1.5064421318428818,2.440443509040461,4.22188202794435,1553.4074577214426,10.388663759192013,0.020299552027695435,76524.22356917389,4.287730040471026,0.00372125971098998,0.9981376359445675,0.9976232218438136,0.013552636794574758,0.007116368526044743,86,10,dual-fidelity: 3D FDTD coupler/mode/bend + CMT Eqs 2-7,,0.32327203777660746,0.9950662006548524,0.8288576488035817,0.5016993553460483,0.7167031144884527,0.4061235647153863,0.8344578468957595,0.42810173462387763
10.781119413049852,468.4188247628781,261.1300872777096,2.4642641721095626,2.3895840901277507,4.275651918353326,1550.4197516704928,7.706929665383768,0.08603759985242117,18020.258053803238,0.5578285946427768,0.032229939269265505,0.9837530486513038,0.9978295675775998,0.009425745856405755,0.009446878926581534,112,13,dual-fidelity: 3D FDTD coupler/mode/bend + CMT Eqs 2-7,,0.5783850178578613,0.6844232939205966,0.5570699261868685,0.821792515435476,0.5414508206076382,0.1841649696345555,0.5717649611750442,0.052919093909726836
13.602605685315236,473.81991284078936,154.99020725803535,1.838296394548676,2.3999166775590464,4.265099585864762,1550.2815667362713,6.30143886973724,0.3269153699324351,4742.149526517136,0.11132306482144834,0.14790623199140854,0.9230892524607746,0.9979420008853223,0.006305215350971993,0.011588757046155581,138,16,dual-fidelity: 3D FDTD coupler/mode/bend + CMT Eqs 2-7,,0.860848410243661,0.7384859785374759,0.02480487958137906,0.6126012506595758,0.5333451949908248,0.06783697010581144,0.3292547740514324,0.00800607778722233
5.150204293194134,473.3197974119727,283.8441044918457,1.8730725501720134,2.401388479520314,4.2635133353861985,1548.2880627875184,15.45277971451901,0.06669989490280052,23212.75116015978,2.1590155565507,0.010439593484343111,0.9947665085414049,0.9970430360226329,0.02102815262707813,0.004693758295760904,56,7,dual-fidelity: 3D FDTD coupler/mode/bend + CMT Eqs 2-7,,0.014665320680707897,0.7334800274568544,0.6709750618327637,0.6242230437289192,0.4164106191250513,0.825264323437892,0.6177608830904059,0.213978993580155
9.08116654729297,440.5755937221207,151.88518889884364,2.985947082540961,2.333937461529838,4.3281205367261055,1548.5195098264137,8.750652121066878,1.1547420866550395,1341.0089817649548,0.0504661122232317,0.3327917923954189,0.8168281383526041,0.9976767011544239,0.012009424699843342,0.008193971030320905,95,11,dual-fidelity: 3D FDTD coupler/mode/bend + CMT Eqs 2-7,,0.40820008444965566,0.4057239287635108,0.009233986328440259,0.9961329715374706,0.42998679555828373,0.27055055516021076,0.09981243625968672,0.0018846098307024439
6.241569417590343,474.19431823216,296.64461858900864,2.20087038380161,2.4076658198698877,4.256877058224938,1544.4000028086102,12.763860773218084,0.05501742608441992,28071.10606081153,1.9657593671050786,0.010672666042793473,0.9946493522630006,0.9972786161162928,0.017999433951958688,0.005670428143373281,68,8,dual-fidelity: 3D FDTD coupler/mode/bend + CMT Eqs 2-7,,0.12392358587190849,0.7422336235120712,0.7351664499447319,0.7337693268858116,0.18834553560278547,0.6027110613992046,0.6522823780674881,0.19453977553549115
5.093195910701156,450.95591435318704,162.9729425922892,1.048599411698755,2.3588695798791077,4.305430218965136,1546.8147795588884,16.16393229442474,0.4128562755103018,3746.6180637486555,0.32854728284371326,0.07373146991939125,0.9624284545256383,0.9970532986182151,0.02119967721582101,0.004432830029693283,52,6,supplementary targeted batch (Phase 2.2 step 3); dual-fidelity: 3D FDTD coupler/mode/bend + CMT Eqs 2-7,,0.008958122573213686,0.5096266965770014,0.06483630786204343,0.34869355995417217,0.3299910514197706,0.88412415890347,0.28645020597954357,0.02985618748269779
11.332614196135427,478.468284682887,175.62199610857647,0.40321850835591466,2.409604590828567,4.254960074213421,1549.2757538674207,7.8033693700144795,0.11601433267218775,13354.175455588604,0.3975818537467869,0.04346431581486763,0.9780264230505904,0.997921223075059,0.008713344464132057,0.009361475763354617,112,13,dual-fidelity: 3D FDTD coupler/mode/bend + CMT Eqs 2-7,,0.6335960209538815,0.7850142812157932,0.1282681589072302,0.13301465079599312,0.47434641483141815,0.1921469770227099,0.5173289429568361,0.03680022420542467
5.108250284589123,429.59018702231174,243.97638853071027,0.6227295192195649,2.314722704637777,4.344303321597942,1543.5284934617273,16.30965430541869,0.1394340878481325,11069.950808176069,1.014158843497042,0.023416888244759626,0.9882221975624917,0.9970698124497773,0.021154246719956537,0.0043344004823555075,50,6,supplementary targeted batch (Phase 2.2 step 3); dual-fidelity: 3D FDTD coupler/mode/bend + CMT Eqs 2-7,,0.010465239428765543,0.2957644966578228,0.4710484019366458,0.20637271752225816,0.1372247059176662,0.8961851059254916,0.4832514567695682,0.09882035706357704
7.9474116436276265,424.0495454760296,214.22809384163813,1.2316552429363388,2.285455573425327,4.368709738422921,1555.248675634248,10.509423339009572,0.2988809227533317,5203.572918964133,0.23906178476042692,0.08276809229464817,0.9577222497704393,0.9975935883166683,0.014115227751678273,0.006811788172178827,77,10,dual-fidelity: 3D FDTD coupler/mode/bend + CMT Eqs 2-7,,0.2946981123255018,0.24030493884819157,0.3218681178042556,0.409868723011937,0.8247049249915356,0.41611845076346343,0.34612232014334454,0.020855036657638056
12.462825224140293,456.00854007556285,204.85742274171358,2.8516091227353,2.3637311478252605,4.301009976830699,1551.373234037954,6.638700175567465,0.29194934823150936,5313.843800081888,0.1346332570282813,0.1266058444392555,0.9345555925469305,0.9978909403555176,0.007417174895970031,0.010921229615365683,128,15,dual-fidelity: 3D FDTD coupler/mode/bend + CMT Eqs 2-7,,0.7467432101570295,0.5602014154069104,0.2748765375537265,0.9512387633584772,0.597380008159194,0.0957510148987087,0.3499316135489567,0.010350799114241733
5.305456968048001,494.8495830596386,268.2982901466541,0.012848199329696204,2.427990170704246,4.235851218555867,1557.6894986251293,17.028852066799573,0.028592795227508665,54478.39171479469,6.898914848616951,0.0023613649002228055,0.9988186197202059,0.9971368183759421,0.02056803779975253,0.004336912536862379,52,6,supplementary targeted batch (Phase 2.2 step 3); dual-fidelity: 3D FDTD coupler/mode/bend + CMT Eqs 2-7,,0.03020790816279508,0.9489843840880666,0.5930166771480446,0.002557362731815511,0.9678782562411066,0.9557108154542431,0.7727309828640679,0.6907551119158127
5.275809350872629,405.4635876507659,183.62629916274838,0.08980202408066257,2.237650299939104,4.403404102898453,1553.6981202829738,16.30866089726237,0.36638790602142796,4240.5824393999155,0.3649228251741516,0.0648727812595942,0.967019761297775,0.9971273047407833,0.020655118453764273,0.0043327039398558375,48,6,supplementary targeted batch (Phase 2.2 step 3); dual-fidelity: 3D FDTD coupler/mode/bend + CMT Eqs 2-7,,0.027239838955501996,0.054267095784829,0.16840774392827562,0.028274449946311623,0.7337527437976776,0.8961028846943757,0.30894760948875644,0.033515123845267746
12.732485091894286,445.0881089651966,307.9828035299778,1.5324711259049335,2.346256012410576,4.317050092508483,1546.7693786922634,6.649229136683971,0.04530859550731508,34138.54173525501,0.884281297821832,0.019084493570261655,0.9904117862938316,0.9979371634162872,0.007137561156444151,0.010798515715660813,126,15,dual-fidelity: 3D FDTD coupler/mode/bend + CMT Eqs 2-7,,0.773739280201681,0.45089236240061237,0.7920246217733411,0.5103979471647867,0.32732793601132143,0.09662246349701538,0.6878297068913419,0.08575625838332954
13.09585572728892,408.1474716836427,347.33645553303813,0.70468724935116,2.254769587015965,4.390665151855485,1546.7915788658918,6.488835634619818,0.03926297168978817,39395.682809923266,0.9860078273513713,0.0167691129871409,0.9915799952665741,0.9979691730427055,0.006777376374931624,0.010880098162615202,122,15,dual-fidelity: 3D FDTD coupler/mode/bend + CMT Eqs 2-7,,0.8101168813886407,0.0811316782401872,0.9893733790323699,0.23376205262700744,0.3286301495780414,0.08334720385794421,0.7138479773283171,0.09598870782841229
9.217532749465207,481.2263476782298,178.664405629491,1.174430728502162,2.4154008334118844,4.248791451931586,1548.5373147406062,9.322104337327119,0.1625541584095326,9526.285453979477,0.3675109144103558,0.05091588958404829,0.974209479740344,0.9977445555661771,0.011778304787713448,0.0078343626135958,94,11,dual-fidelity: 3D FDTD coupler/mode/bend + CMT Eqs 2-7,,0.42185191768767855,0.8126213647737358,0.1435250844392959,0.39074494543137644,0.4310311928321057,0.317847836188111,0.4559706494087402,0.03377545408941642
10.418807824738021,420.68659053901274,275.14438489084375,2.7590858861887178,2.288168026813173,4.365864560338545,1546.8336643912735,7.690186502841016,0.20200669757711032,7657.338508792827,0.23646393907673147,0.07683139651267634,0.9608166336441744,0.9977973849543653,0.00992518068336474,0.009227591361962882,105,13,dual-fidelity: 3D FDTD coupler/mode/bend + CMT Eqs 2-7,,0.542113439526531,0.2066431341306816,0.627348136137882,0.9203185569706065,0.3310987943297494,0.18277919136377926,0.41629899695197203,0.020593725033743314
14.255823807073458,469.58816009168214,205.6410498883165,1.284486849425439,2.3907403284017144,4.274515574291582,1551.3035234337394,6.091682449720793,0.12111515393464821,12808.50061315034,0.289559643454526,0.05843478710623135,0.9703428326595547,0.9979616321447212,0.0057447831517538584,0.011978324330075453,142,16,dual-fidelity: 3D FDTD coupler/mode/bend + CMT Eqs 2-7,,0.9262430954680423,0.696127862737211,0.2788062324019835,0.4275244410501111,0.5932909367819935,0.05047609886823069,0.5097502990453278,0.025934505981540006
13.836904564918624,409.74510454673054,281.8873978479827,2.701581338453537,2.2520629058002584,4.3931596407460844,1551.9570202431373,5.918875388699462,0.2019519816629746,7684.782330252665,0.17140219894521713,0.09938316645296877,0.9490083421904316,0.9979180128896658,0.006098171914724337,0.01200458975768649,134,16,dual-fidelity: 3D FDTD coupler/mode/bend + CMT Eqs 2-7,,0.884304436599525,0.09712333036004699,0.6611626656552293,0.9011011954668533,0.6316236284650881,0.03617340846618795,0.41694888177823863,0.014049306682073173
10.02366024888319,483.7894102596249,292.1719320805872,0.20874265704205108,2.4191426830555263,4.244814272467455,1549.1798797596157,8.87905091192033,0.01842292982122878,84089.76719731584,3.5106699841602316,0.004322790096410603,0.9978362640752186,0.9978445926299808,0.010500095935605075,0.008241740014823515,99,11,dual-fidelity: 3D FDTD coupler/mode/bend + CMT Eqs 2-7,,0.5025545992563762,0.8382765738709509,0.7127370417673778,0.06802304777252932,0.4687226496316048,0.2811777143903934,0.8515838108076944,0.34993896057893703
13.927503296210661,487.7860501152038,198.42788728894527,0.065320807378766,2.4241805837502146,4.2394623672748075,1550.7629298234358,6.452146860589892,0.05493798382159986,28227.518047608537,0.6789611463643997,0.024357238664769756,0.987746304136457,0.9979972496048505,0.0060199474494438574,0.011393164339856472,137,16,dual-fidelity: 3D FDTD coupler/mode/bend + CMT Eqs 2-7,,0.8933744169280314,0.8782813056810219,0.24263401959737474,0.02009310760137838,0.561580899500078,0.08031059081054236,0.6532917474253346,0.06510355274635173
5.392582835894802,488.5268864023347,191.64340797399478,1.2642901985440753,2.426385159568343,4.237031868261143,1549.9568608154377,15.453877932148316,0.1467260524252238,10563.610450879842,0.8903940297834868,0.026361951156741736,0.9867309911233447,0.9971204303674133,0.020314251578292534,0.004733453093113056,57,7,dual-fidelity: 3D FDTD coupler/mode/bend + CMT Eqs 2-7,,0.038930214713946545,0.8856967741877652,0.20861154662965767,0.4207749515499127,0.514298656779785,0.8253552194154823,0.4747465296605515,0.08637112474177355
13.447354257221788,479.396043979161,222.97835011170503,2.0602792531551612,2.4119080443158074,4.252508752773421,1548.7381894748823,6.3452751068202815,0.10219371823603646,15154.925529745062,0.36385904439312233,0.047208433136953554,0.9761104275967174,0.997933734082985,0.006446264270878899,0.011519661035444266,138,15,dual-fidelity: 3D FDTD coupler/mode/bend + CMT Eqs 2-7,,0.8453059475767044,0.7943007726618347,0.36574847229998164,0.6867853806021809,0.4428140648296359,0.07146515592000048,0.540307631318088,0.03340812045969199
5.518689422484427,405.68762461963496,179.0144874897987,0.5718072654185252,2.246758034156957,4.39638214390707,1547.6085346000204,15.089288918821694,0.5516752403405502,2805.2890929900695,0.2191619193555316,0.10505570487590876,0.9460149550213734,0.9971708089836115,0.019952455799635224,0.004656413167260218,52,7,dual-fidelity: 3D FDTD coupler/mode/bend + CMT Eqs 2-7,,0.05155494183044575,0.05650961429513166,0.1452806577229465,0.1893550832929264,0.37655098381125507,0.7951793472562234,0.2338889523194864,0.018853352655822046
12.36311102992011,472.70560528741373,341.91464087566715,0.792296684060548,2.4012703935835207,4.263612757828406,1547.4393750703366,7.060629765283238,0.013775756877342213,112330.62465086764,3.5571433764434524,0.004047203395839125,0.9979743466663664,0.9979496171837491,0.007523321473688871,0.010304360422504853,123,14,dual-fidelity: 3D FDTD coupler/mode/bend + CMT Eqs 2-7,,0.7367606666141773,0.7273322152669369,0.9621843297253896,0.26304012269727695,0.3666284562588982,0.13067278405269436,0.9041840579055612,0.35461361761559007
7.829844192999575,410.37933701739473,199.53752243755957,1.1904653794305586,2.255238242751765,4.390782456809511,1550.9211075600101,10.562909398342754,0.48337032825149445,3208.5567046909755,0.1490593033746534,0.1309065082360227,0.9322518392387206,0.9975784586098049,0.01435370083074042,0.006705048057476789,75,9,dual-fidelity: 3D FDTD coupler/mode/bend + CMT Eqs 2-7,,0.282928251431624,0.10347173822540479,0.24819856332950258,0.3961035421965671,0.5708592591187264,0.42054532165025754,0.2582878396143153,0.011801883611219576
9.912884419584032,449.78495459884425,164.9905251959989,0.06258538388508442,2.355554783508648,4.308542549166638,1547.4670983044855,8.865530072710499,0.19552984606039808,7914.224500675367,0.27684835152869103,0.06460574265415639,0.9671578244246611,0.9978401601444432,0.010667163413324464,0.0081132558656071,95,11,dual-fidelity: 3D FDTD coupler/mode/bend + CMT Eqs 2-7,,0.49146465816902607,0.4979058679245322,0.0749539818069821,0.019178960386691594,0.36825464046026624,0.28005863756534305,0.42229310222215505,0.024655904886876436
12.893583395946369,496.32900736218573,343.85917622192903,0.15054056667544294,2.4395687870993945,4.222559782732761,1549.7714244757526,6.971373887868367,0.008141336784896798,190358.34844110286,6.983910870401431,0.00163493148024601,0.9991821998613436,0.9979819381986679,0.0069755717476476945,0.010570801134875255,128,15,dual-fidelity: 3D FDTD coupler/mode/bend + CMT Eqs 2-7,,0.7898670827422954,0.9637928168203994,0.9719356898787292,0.04857257550727327,0.5034213671989219,0.12328535917733004,1.0,0.6993046761245306
14.099269587252381,447.0814342304383,326.9618229706856,2.572175097729086,2.347265917884597,4.316238883846762,1549.4050027260203,5.916015667335159,0.044210850705905906,35045.80839289399,0.8080638756835543,0.021100909228405997,0.9893932942827104,0.9979229679181278,0.005874385573825248,0.012185247582046022,142,17,dual-fidelity: 3D FDTD coupler/mode/bend + CMT Eqs 2-7,,0.9105702082888081,0.47084473377451,0.887199674404476,0.8578551113432827,0.48192786982222974,0.03593671843125543,0.6925943319401552,0.07808971434146295
7.757536477582168,418.61579298482275,154.13395974088044,2.8269418503914823,2.2790428222770696,4.373113676027636,1549.6329710537268,10.04234030234079,1.7521768028509779,884.4044553793369,0.041578048257513545,0.4112597624197421,0.7672941010983063,0.997519302372391,0.014502365998799765,0.0070714699791628,80,10,dual-fidelity: 3D FDTD coupler/mode/bend + CMT Eqs 2-7,,0.2756894132372885,0.18591529680186067,0.020511011672918873,0.9429952433480995,0.49529999267549546,0.3774594745269835,0.024196269066400964,0.00099057888700979
6.215387911141624,407.95752230751845,276.3897161690886,0.7839832067063297,2.2505505882719286,4.393940433884985,1549.4621364421723,13.357396329120093,0.13812590354620294,11217.752041157719,0.7557969172827796,0.02913613392564823,0.9853242441320278,0.9973156445108533,0.018066713827461264,0.005280652053965514,59,7,dual-fidelity: 3D FDTD coupler/mode/bend + CMT Eqs 2-7,,0.12130251441677856,0.07923036260406985,0.6335931621425411,0.2602618537435758,0.4852792084890313,0.651836110158774,0.4856607844053669,0.07283229514159857
9.353991951108728,447.6309352926895,254.3807617999971,2.4594343197640964,2.3424655387571027,4.320825402198299,1554.121777749711,8.737782814338743,0.15395345824302173,10094.750683004908,0.36771201857869185,0.05144114179168132,0.973939863753568,0.9977194295840536,0.01155147966168229,0.008279925345927388,96,12,dual-fidelity: 3D FDTD coupler/mode/bend + CMT Eqs 2-7,,0.4355130612478559,0.47634501486539305,0.5232237409520221,0.8201784340769022,0.758603562987818,0.26948540360486595,0.4664994832972671,0.03379568271851849
9.50328145811386,489.60394130374937,220.32581753569167,1.7027247546974575,2.4294660189078305,4.233622059352581,1548.878524860649,8.938689284616657,0.08793502850071751,17613.896888064475,0.6586115146514521,0.028118351525214223,0.985840579644998,0.9977559525905855,0.011308328261349036,0.008205122631811054,99,11,dual-fidelity: 3D FDTD coupler/mode/bend + CMT Eqs 2-7,,0.4504586666937457,0.8964776536347013,0.3524466824832546,0.5672947607333261,0.45104583122459907,0.2861137926716617,0.5676217095632391,0.06305662773385215
13.791746004888036,470.2704640974656,306.9082903836403,0.8566730576187964,2.390012180990113,4.275319536123423,1552.970902529198,6.363313559351354,0.02177420623075645,71321.58509344874,1.8234933022751523,0.00864914561514474,0.9956660355685812,0.9979728388728142,0.006137541348695376,0.011488027456555375,136,16,dual-fidelity: 3D FDTD coupler/mode/bend + CMT Eqs 2-7,,0.8797835427050967,0.7029574470256734,0.7866362061296874,0.2845539697179823,0.691095742966031,0.07295814122024832,0.8216678411705166,0.18022954276872435
10.377079406696854,486.55098024575983,345.68271096539706,0.472520130072448,2.418933090180556,4.24525417582434,1553.4283356260694,8.55760009883943,0.011305995094608069,137398.63874228226,6.332548383007525,0.0019916997002359777,0.999003653797004,0.997862796921014,0.00998437547726092,0.008598999905565997,103,12,dual-fidelity: 3D FDTD coupler/mode/bend + CMT Eqs 2-7,,0.5379359424978685,0.8659187609736633,0.9810802621642719,0.15617445936376315,0.7179277666513072,0.2545722537581249,0.9407765800152781,0.6337855460263581
8.742206424552142,416.47074054101506,150.63922345193822,2.984015786572317,2.2692477377190343,4.380772544711926,1552.6992238344735,8.995024626922032,2.005783695008084,774.1110009512843,0.031790241837606426,0.4873891790811898,0.7159684496671695,0.9976402958963617,0.012603748443516012,0.007916601489188815,89,11,dual-fidelity: 3D FDTD coupler/mode/bend + CMT Eqs 2-7,,0.3742662577661723,0.16444419837069257,0.0029857801259929625,0.9954875545354781,0.6751596657090789,0.2907764896408984,0.0,6.044814795388273e-06
8.073562595345757,487.5049998229426,160.54295578290123,2.451921685292235,2.424332976315426,4.239269578904747,1550.2225353090287,10.139365188201282,0.3502396927664954,4426.176036942109,0.1979822504974316,0.10007645166994689,0.9486430036267876,0.9975741977752559,0.013863748620794989,0.007232099322013231,87,10,dual-fidelity: 3D FDTD coupler/mode/bend + CMT Eqs 2-7,,0.30732728090422773,0.8754681071008802,0.052650529603109404,0.8176677976459161,0.5298825407474319,0.3854899155029159,0.31672886081777285,0.016722936019607497
12.797037003695465,410.9830200026227,330.7609628940363,0.2938261639663856,2.258178430511464,4.388573061889398,1549.9870206381574,6.735273710883348,0.039099699148327,39641.916802433465,1.0269460157908528,0.016017060619518207,0.9919591419914843,0.997975615741415,0.007072205334439285,0.01052919493664813,118,15,dual-fidelity: 3D FDTD coupler/mode/bend + CMT Eqs 2-7,,0.7802016727965279,0.10951435822496194,0.9062514143158854,0.09645698169549288,0.5160677659305967,0.10374409902669653,0.7149798365599777,0.10010659079874035
9.11641327208472,493.6591330622633,302.31369619926255,2.1821005524535657,2.436650461878221,4.225708938460194,1548.5118421713144,9.164041319658736,0.02921025951124686,53012.60132848491,2.276415563402738,0.0076411834646554835,0.9961720817887563,0.9977043118919355,0.011949255803695666,0.008013760953932088,97,11,dual-fidelity: 3D FDTD coupler/mode/bend + CMT Eqs 2-7,,0.41172868905533144,0.9370684660671273,0.7635954613386832,0.7274966641384935,0.4295370277022997,0.3047654633246293,0.7677764414511153,0.22578800387984302
11.748471228778737,492.50793341417267,252.33172258652365,0.7498496799309092,2.4310506101337706,4.232054345759515,1551.7008964848287,7.52613835728107,0.03194699742111154,48571.10281855214,1.4731977441356436,0.01115098068210226,0.994408879343853,0.9979294438509005,0.00821198927513216,0.009791277751625043,118,14,dual-fidelity: 3D FDTD coupler/mode/bend + CMT Eqs 2-7,,0.6752281172509896,0.9255454280036829,0.51294831994859,0.24885481987797442,0.6165999697130202,0.1692014485151608,0.7518814904205956,0.1449940775849963
7.51553843724426,430.5618978773903,192.93969758217042,1.9601091522206433,2.3061336620931114,4.351916879915359,1551.837971318829,10.76056108901571,0.5176080011089318,2998.0950217039654,0.14587729353602644,0.13714514072734243,0.9288998112135978,0.9975094491974814,0.015011206757981918,0.0066484260685541205,76,9,dual-fidelity: 3D FDTD coupler/mode/bend + CMT Eqs 2-7,,0.2514626118891898,0.30549092524760196,0.2151121159593189,0.6533096796821232,0.6246404792819721,0.43690432296899795,0.24596363366783963,0.011481812190734799
11.140811768064694,403.9990740218179,195.16233560503773,0.23990614946129507,2.240877157141924,4.400531628267331,1548.3933255739655,7.699063113832153,0.33077673405502656,4681.082936493295,0.136235209123589,0.12378215461155001,0.9360650860856043,0.997916361899992,0.008954784292726472,0.009162347624310414,102,13,dual-fidelity: 3D FDTD coupler/mode/bend + CMT Eqs 2-7,,0.6143943806576863,0.039607912802285185,0.22625809172836356,0.07843753015917537,0.4225851036528334,0.1835138802015805,0.3269003396657856,0.010511935977009872
11.1334866500126,455.08913330291955,156.19724452894118,1.4722551172563443,2.3620078013796353,4.3026368575205804,1551.2277691881484,7.642349031706544,0.41992517043728617,3694.0576045317507,0.10843735835822824,0.15583964506418235,0.918781995326322,0.9978791637419918,0.008964136577744643,0.009476775096301751,111,13,dual-fidelity: 3D FDTD coupler/mode/bend + CMT Eqs 2-7,,0.6136610516619155,0.5509985293093261,0.030857870682689574,0.4902744464663347,0.588847358637209,0.17881983614293823,0.2838837681519258,0.007715810876173585
14.130896730898147,476.8797477592076,298.29158419300984,2.6708958266962695,2.405120765004322,4.259711237290478,1550.624754311822,5.978953445226352,0.03871131617369383,40056.11039816685,0.9409658730738347,0.01803308033062459,0.9909424401393733,0.9979200859050128,0.005847969674061266,0.012236748468131697,146,17,dual-fidelity: 3D FDTD coupler/mode/bend + CMT Eqs 2-7,,0.9137364509792193,0.7691136757325442,0.743425571999598,0.8908464487452072,0.5534758265927977,0.04114587797861414,0.7168679864424844,0.09145803601463741
5.045562214833878,482.57546422214256,211.95259297781942,1.4649987046821777,2.416384156679203,4.247788122859541,1549.716645725434,16.19492571563137,0.1352580544917722,11457.481416159982,1.0546045598184932,0.022787846215642,0.9885404158578232,0.9970287629269972,0.021344068049842554,0.00450218597192898,54,7,supplementary targeted batch (Phase 2.2 step 3); dual-fidelity: 3D FDTD coupler/mode/bend + CMT Eqs 2-7,,0.0041894389688302966,0.8261254700897107,0.31045704806207397,0.4878494364601639,0.5002081656705477,0.8866893857257919,0.48950194456083146,0.10288870333906096
7.374175552584607,493.2006477476854,199.00194438258146,0.8774196803059131,2.4407158038987484,4.22098869155437,1544.3356545800523,11.682411063623476,0.0873288430193893,17684.14193048646,0.9766998089980362,0.020649082509376925,0.9896216031850876,0.997519958116189,0.01531666648721352,0.006251459609872664,76,8,dual-fidelity: 3D FDTD coupler/mode/bend + CMT Eqs 2-7,,0.23731055297226009,0.9324792154187503,0.24551277285808917,0.2914872534992296,0.18457100943801696,0.5132029111517942,0.5683447164326626,0.09505243459000651
5.367397099846542,412.02289061619194,231.07713482290188,0.5055123116959996,2.2681295179459493,4.380823970187301,1544.790781392547,15.554715283350106,0.21476505514954902,7192.933600472622,0.5991961019814119,0.03935412941049828,0.9801254361506498,0.9971370549462543,0.020387290834547316,0.004515598778462995,51,6,supplementary targeted batch (Phase 2.2 step 3); dual-fidelity: 3D FDTD coupler/mode/bend + CMT Eqs 2-7,,0.03640883138706153,0.119923038145156,0.40636185928472274,0.16720006874646925,0.2112677515325063,0.8337012060127731,0.4049337003865207,0.05708016113053238
14.821627984506625,424.96932259164225,300.6476103642872,0.884578649524833,2.2909512979175872,4.364191439783795,1552.8753952071227,5.805279190033843,0.05697065661530187,27257.460023552412,0.5936751549839776,0.02829738419633417,0.9857497734230862,0.9979716084972521,0.005299772403912634,0.012336505022371854,140,17,dual-fidelity: 3D FDTD coupler/mode/bend + CMT Eqs 2-7,,0.9828866343556194,0.24951153192756598,0.7552404560905376,0.29387969905167166,0.6854934926138645,0.026771412675270997,0.6469392675698672,0.056524821129241724
6.446966623673178,498.18269760786563,225.00079684897952,2.4268090092320436,2.435439805031244,4.22760838544227,1555.9751865252565,12.54825199932202,0.10987539799420955,14161.270083474525,0.9001794638905396,0.024347171758062256,0.9877514000202368,0.9973122215012048,0.01748023432444142,0.005896943517946596,71,8,dual-fidelity: 3D FDTD coupler/mode/bend + CMT Eqs 2-7,,0.14448622060347516,0.9823474987074488,0.37589053866253064,0.8092754288127969,0.8673204628012738,0.5848658094588409,0.527988747842421,0.08735542018821882
10.62885165325568,430.9443781547276,171.330892601642,2.3705942794995276,2.313836397186508,4.345214989702514,1546.6857366836289,7.6669554565564795,0.7565426783616974,2044.4130660718256,0.06249558568881079,0.26226604881745813,0.8589144027099218,0.9978229010609133,0.009632505253640152,0.009298150302860459,107,13,dual-fidelity: 3D FDTD coupler/mode/bend + CMT Eqs 2-7,,0.5631412548790271,0.30931939653108786,0.10674934422905188,0.7904891097188614,0.3224216789605827,0.1808564316063974,0.17641414269131392,0.0030946282954703716
5.998830527669108,411.8896677142292,268.07244199197305,0.9679457674458015,2.2644947244173244,4.383710622518461,1547.1830434258497,13.6813774022105,0.16042818575650114,9644.08489773844,0.6760688312342682,0.033266954094008296,0.9832258366753753,0.9972654496210515,0.018632942453408154,0.005151595197658327,58,7,dual-fidelity: 3D FDTD coupler/mode/bend + CMT Eqs 2-7,,0.09962261691625801,0.1185895313352941,0.5918841049371585,0.32174003542004437,0.3515926033588837,0.6786509923583023,0.45820316731330885,0.064812621083931
8.914935266895016,487.37769638720016,290.0111708706679,2.0661750873784888,2.4235367307169535,4.240155563498325,1550.716489637506,9.38575861326899,0.037669205754520166,41166.689304337815,1.7719032971597573,0.010182245718358645,0.9948958509721715,0.9976866989568653,0.012297303873441716,0.007819050259561953,94,11,dual-fidelity: 3D FDTD coupler/mode/bend + CMT Eqs 2-7,,0.3915584116393388,0.8741938517290165,0.7019013627946123,0.6887557009002843,0.5588568198973076,0.32311629799853675,0.7218359142912306,0.17504021682143986
13.567755841073254,481.89540367506595,344.12955750128697,0.8708657719568709,2.418469728914482,4.245456091958456,1546.9395868023526,6.458961940091513,0.011472204187939018,134842.4035573464,3.947736692282392,0.0035244546090495675,0.9982362172306465,0.997970564341816,0.006336606043171745,0.01130875924047288,136,15,dual-fidelity: 3D FDTD coupler/mode/bend + CMT Eqs 2-7,,0.8573595379689775,0.8193183419061608,0.9732915846115293,0.28929701236237154,0.3373119709938631,0.08087465324873729,0.93736514800119,0.3939025462401395
5.723193162243346,423.2182184072756,208.44151497993298,0.19952608940190028,2.2959042697962957,4.359723132627781,1545.8636102214698,14.958605002113018,0.19305674378638382,8007.3017906691675,0.6210231014557187,0.03675783036589818,0.9814490153003883,0.9972285361108552,0.019379387853525665,0.0047266615975750425,54,7,dual-fidelity: 3D FDTD coupler/mode/bend + CMT Eqs 2-7,,0.07202813025447,0.2319836945945883,0.29284986691739834,0.0649429763844326,0.27419754114498524,0.7843630554324778,0.42441703480204124,0.059275691339727585
9.836081622900899,462.5799816569415,202.86399301291843,2.9514560356237025,2.3797056717542624,4.285469528713006,1549.207512434279,8.237689097521752,0.3015171238734844,5138.041556420263,0.173118366520318,0.10607615833575218,0.9454754579915059,0.997747598090905,0.01078455203965834,0.008801628628582072,104,12,dual-fidelity: 3D FDTD coupler/mode/bend + CMT Eqs 2-7,,0.48377581037661194,0.6259788603527285,0.2648799842572159,0.9846064585335893,0.4703435218118684,0.22809423844433263,0.3438201182074031,0.014221932230518833
9.012899831199453,455.136443964599,215.25120105546102,1.9454051612439134,2.3602934280361065,4.304318535351252,1552.6761901774546,9.211713538033337,0.2077829991923452,7472.585323210869,0.2884345066480947,0.0659300148728429,0.9664729614051069,0.9977006963553869,0.012126824310922915,0.007867668915205009,92,10,dual-fidelity: 3D FDTD coupler/mode/bend + CMT Eqs 2-7,,0.40136579700180974,0.5514720897002132,0.32699874550749886,0.6483957742385217,0.6738085618319939,0.30871114110052944,0.4118623637112878,0.025821330927364324
13.07975549159118,433.87798421088473,159.45761643788228,0.4153094302890914,2.315934396810227,4.343692930652059,1550.427428264015,6.643825745467666,0.351122691976277,4415.628678219313,0.10741376461827011,0.15046524705704217,0.9217020955509203,0.997977539974214,0.0067929436796814865,0.010791709030289903,124,15,dual-fidelity: 3D FDTD coupler/mode/bend + CMT Eqs 2-7,,0.8085050616757123,0.3386835943957383,0.0472078232711237,0.13705529848134765,0.5419011127719258,0.09617524200484275,0.3162954699539305,0.007612849817294806
8.30139369598604,405.17533196227737,220.8664301682304,2.7296119115896254,2.237464744206476,4.403471422717111,1553.2431386679755,9.461801756149953,0.714817615443666,2172.9223022909473,0.08982009912594621,0.2075859948956821,0.8901763898825434,0.9975953973341887,0.013420870674644461,0.007490394433978557,83,10,dual-fidelity: 3D FDTD coupler/mode/bend + CMT Eqs 2-7,,0.3301358078180144,0.05138177413278845,0.35515772010644026,0.9104686920967597,0.7070645186703388,0.3294101468921908,0.1874882167461187,0.005843141428180587
12.3244558344796,484.4792282746648,318.3493630787747,1.0649098362637166,2.417744741121481,4.246411481076821,1551.3860689699666,7.098562449870997,0.016610593989902434,93397.38662645375,2.870855291460109,0.005250028893343679,0.9973715311290253,0.9979403267934348,0.007564877639966553,0.010343665733792742,124,14,dual-fidelity: 3D FDTD coupler/mode/bend + CMT Eqs 2-7,,0.7328908346944579,0.8451813703216259,0.8440103344042219,0.3541443171114675,0.5981328771625842,0.13381235161764518,0.8706536498861026,0.28558139792981435
5.549739825964484,470.3163800249042,305.58465191468804,2.897416115365185,2.3970499101661047,4.267959951449612,1547.2339250187588,13.699115306226986,0.06907033113913333,22400.8470714011,1.7669457514591516,0.012753525931559371,0.9936027747890204,0.9971085953142359,0.019864366242445083,0.0052864338753069754,63,7,dual-fidelity: 3D FDTD coupler/mode/bend + CMT Eqs 2-7,,0.05466344616312243,0.7034170466967392,0.7799984890789889,0.9665469358672354,0.3545772061683815,0.6801191022146329,0.6112934340605118,0.17454154812618664
5.6369042821397,469.97997291699096,218.983028311289,2.029465406590087,2.393954114201501,4.271182146903435,1549.266830439972,14.134947516858347,0.18493589680595512,8377.318071815704,0.6288223258091634,0.037247156061581764,0.981199696258829,0.9971544783695219,0.019619154644219587,0.005131963846970744,61,7,dual-fidelity: 3D FDTD coupler/mode/bend + CMT Eqs 2-7,,0.0633896158520314,0.7000497490123392,0.3457129291666355,0.6764877458570259,0.47382298611955653,0.7161915470502567,0.43262310178975033,0.06006019828473555
5.0127437569982085,495.7904837065402,288.30729735896034,0.8019723745447135,2.436998609825097,4.225501060419281,1551.2406591589265,17.06191792894151,0.03291468812643894,47129.131322769004,5.903390016635672,0.0030412712084695826,0.9984782064679882,0.9970401429762668,0.021444121618508914,0.00430299254732318,52,6,supplementary targeted batch (Phase 2.2 step 3); dual-fidelity: 3D FDTD coupler/mode/bend + CMT Eqs 2-7,,0.0009039319563539846,0.9584024150839494,0.693356861764926,0.26627362768350743,0.5896034560940544,0.9584475716162751,0.7464068790853189,0.5906174431908128
9.558378200650562,404.1667622864964,206.93374978793773,1.4416374629648931,2.2400457687852717,4.4012143591694315,1549.332244301112,8.626231203917087,0.5192007192612272,2984.0718373920263,0.10430014358635636,0.16926689218087762,0.9114456142958407,0.9977687398130518,0.011219889668453328,0.008182243731573998,91,11,dual-fidelity: 3D FDTD coupler/mode/bend + CMT Eqs 2-7,,0.4559744875429567,0.041286403809373734,0.285288800237855,0.48004237693288826,0.47766001995786095,0.26025263187505043,0.24511197481985958,0.007299657477523181
6.679155191043229,429.5225582165551,200.8820029555514,1.8866677490448107,2.305238553378952,4.3525573067618675,1550.6019409240114,12.002655900585523,0.4705574413350813,3295.2447559315856,0.18924126645760833,0.11274339976530517,0.9419429920301413,0.9973718943234862,0.01691132329632673,0.005946161683647211,68,8,dual-fidelity: 3D FDTD coupler/mode/bend + CMT Eqs 2-7,,0.1677309803094599,0.2950875599473128,0.2549407980619749,0.6287664035455574,0.5521376432250817,0.5397085569792839,0.26313061618880956,0.015843699524453157
6.366598610463115,401.4178226940627,252.16847969734232,0.5936894691950698,2.225755404063567,4.411427412411049,1553.8752133282992,13.19638642968539,0.19935598977938307,7794.474673411581,0.5032334848845856,0.04349687520307566,0.9780097774546656,0.997351365688529,0.017681579416488437,0.005354686711967055,59,8,dual-fidelity: 3D FDTD coupler/mode/bend + CMT Eqs 2-7,,0.13644045342262184,0.013770641786461127,0.5121296975419883,0.196667865273392,0.7441406340031893,0.6385098332713132,0.41952348447674004,0.04742749104926341
6.041278956979964,412.23978806081664,249.77324271488123,0.372918421997373,2.2523623248989044,4.393519515128903,1556.7166823550385,14.146718923936987,0.14745874764523711,10556.963945606385,0.75667329639641,0.029352903069938582,0.9852142391023698,0.9972921334163685,0.018520572164556857,0.005031560562998381,56,7,dual-fidelity: 3D FDTD coupler/mode/bend + CMT Eqs 2-7,,0.10387219539638513,0.12209409293519129,0.5001181810049005,0.12288870883000143,0.910814984302493,0.7171658289461882,0.47463219855830874,0.07292044820271666
9.671205765910884,419.9527426489093,267.4057281951829,2.0533409609809667,2.2875944539543602,4.366233129969382,1545.8576769228569,8.399857779903186,0.18677893350491306,8276.402739403125,0.28483893546061134,0.06506806420289941,0.9669187844886976,0.9977604404016444,0.011040936892230235,0.008433445786095681,96,12,dual-fidelity: 3D FDTD coupler/mode/bend + CMT Eqs 2-7,,0.4672698311181967,0.19929761662251907,0.5885407014016047,0.6844666827916321,0.2738495068422573,0.24151642410792973,0.4304215549053813,0.025459660273973592
12.338609949214877,493.9192166090294,213.46456480766733,2.609415486940556,2.435293493108464,4.2272980186737215,1550.0568847985844,6.846052818925273,0.1122114613289258,13813.712667504595,0.36439479924884743,0.04801123463562534,0.9756991162055927,0.9978946134313539,0.0075496347260083805,0.010756798483315027,130,15,dual-fidelity: 3D FDTD coupler/mode/bend + CMT Eqs 2-7,,0.7343078252017815,0.9396717960924896,0.3180392099820894,0.8703004230656366,0.520165844578926,0.11291293319338902,0.5234748073846516,0.0334620108705958
13.251755844573164,445.6074313331263,181.75973033618945,1.1252112812532984,2.3409629786993245,4.322049540849488,1551.8163771565144,6.494191161462368,0.27237500396316416,5697.352380273415,0.1365717228264549,0.12111214484752274,0.937490189363322,0.9979590886045154,0.006628469721687819,0.01111677582332979,129,16,dual-fidelity: 3D FDTD coupler/mode/bend + CMT Eqs 2-7,,0.8257242853424779,0.4560905670932365,0.15904736644078848,0.37429636965694857,0.623373813011752,0.08379046376825172,0.3625904279501964,0.010545785155469787
12.959095592730158,428.61029666011035,288.79420009935916,1.7752775158258765,2.3012208578196667,4.3559226278723635,1551.953465570327,6.485435755425215,0.09211830165157665,16847.395552735576,0.4135931408071997,0.04151328483164119,0.9790233476114647,0.997934702368497,0.006910753448117919,0.011046744027049851,126,16,dual-fidelity: 3D FDTD coupler/mode/bend + CMT Eqs 2-7,,0.7964256109648473,0.28595619454413085,0.6957985576643625,0.5915410628713965,0.6314151191427522,0.08306580667870074,0.5595395069043597,0.03841076460382495
10.32775310525454,476.21533289494914,180.72016093946843,1.7128946495666708,2.4047919891425127,4.260026669666538,1549.8878894867287,8.220316738242218,0.21073153300235178,7354.798151966331,0.2396077943665663,0.0750220055063346,0.961757762897532,0.9978222858619552,0.0100548039046143,0.008881206862612113,106,12,dual-fidelity: 3D FDTD coupler/mode/bend + CMT Eqs 2-7,,0.5329978095088131,0.7624631544407192,0.15383418499294071,0.5706934231670673,0.5102529496847298,0.22665638356236364,0.40897621067493667,0.020909958571490708
7.700467962254914,467.38045804115893,164.40812414553696,0.16571748347903636,2.3873210659453576,4.277937665033614,1550.6414942720169,11.471906867381222,0.1561597675473163,9929.839923731786,0.5074804237525019,0.03930772616473765,0.9801491079602441,0.9975905209610781,0.014620785668687202,0.006332937276354686,75,9,dual-fidelity: 3D FDTD coupler/mode/bend + CMT Eqs 2-7,,0.2699761951379446,0.6740296673432874,0.07203338568222901,0.05364452734785105,0.5544577559973619,0.49578014885614824,0.4635074121829269,0.04785468135510876
13.54947424009677,441.0054480108978,195.521503053147,2.0852282987983637,2.3296554639029394,4.332091874629176,1552.5991284099096,6.211217837967979,0.3453395161790702,4495.862928136015,0.10430228059045296,0.15769515537508946,0.9177716734705372,0.9979341050670971,0.006353135479709488,0.011609560828187536,134,16,dual-fidelity: 3D FDTD coupler/mode/bend + CMT Eqs 2-7,,0.8555293383749474,0.41002659454309887,0.22805922697057057,0.6951230660232894,0.6692882873128569,0.06036966247658607,0.319566600507106,0.007299872434098261
7.8685697812483335,437.92232320593075,180.36035915455741,1.4642680853186074,2.3316324417123857,4.330003383571083,1545.613120127396,10.478686352354089,0.431860013107779,3578.9678905549854,0.16572708920293422,0.11853928207112668,0.9388613944181928,0.9975757219696277,0.014274708408464381,0.006807868367130226,79,10,dual-fidelity: 3D FDTD coupler/mode/bend + CMT Eqs 2-7,,0.2868051304851936,0.3791657751006078,0.15202986870975949,0.48760527183346286,0.25950434079922713,0.4135744482127179,0.27813421091001184,0.013478459786953802
5.172267402539636,425.6245888064792,162.59791732249198,0.18360170631201148,2.303263156361826,4.353769925173731,1544.8558496830371,16.536104791874322,0.3678834564695889,4199.307749547424,0.37232193549889836,0.06420624163868484,0.967364335894866,0.9970989685001508,0.02096214310530693,0.0042725173349384485,49,6,supplementary targeted batch (Phase 2.2 step 3); dual-fidelity: 3D FDTD coupler/mode/bend + CMT Eqs 2-7,,0.016874092976915292,0.2560704789770884,0.06295564959608484,0.05962122986845355,0.21508451495328815,0.9149276919056275,0.3071708557731105,0.034259384193936926
11.52891691878811,486.2873141252038,181.17069063469796,0.8400561704280203,2.423936926512245,4.239630414089996,1548.7793832749405,7.604989329469163,0.1139478852403012,13591.997604946922,0.39513272688507817,0.04381332052115592,0.9778479838292065,0.9979173679461147,0.008472978884917529,0.009635396385248353,116,13,dual-fidelity: 3D FDTD coupler/mode/bend + CMT Eqs 2-7,,0.6532481927613755,0.8632795708486082,0.1560934791355764,0.27900079625972257,0.4452304029267419,0.17572769250334577,0.5205355314483585,0.036553871883046936
10.895265245980056,427.78356212740755,248.45897481080016,2.3466140296124163,2.3054716973569915,4.352131557391298,1547.2083711976302,7.49030994662121,0.2267856868291438,6822.336950934954,0.20083205289062805,0.0883672443429884,0.9547946143841678,0.9978398415554992,0.009273666683311478,0.009509525814176845,109,13,dual-fidelity: 3D FDTD coupler/mode/bend + CMT Eqs 2-7,,0.5898123352661012,0.2776809196997555,0.4935274550017418,0.7824751847480366,0.35307827498377486,0.1662360450053935,0.395324704657646,0.017009591418663362
5.234659660591719,415.3535173095603,249.23699614852956,0.4920229737056094,2.278539121706523,4.372982391061502,1543.6821202353196,15.952584917223021,0.15466174816629588,9981.020766527978,0.8765676861584457,0.02693348354506123,0.986441339591432,0.9971052129824083,0.020776594180390646,0.004403669739940483,50,6,supplementary targeted batch (Phase 2.2 step 3); dual-fidelity: 3D FDTD coupler/mode/bend + CMT Eqs 2-7,,0.023120279265764935,0.15326125035401286,0.497429038115552,0.1626920864247676,0.14623611601438874,0.866631609203624,0.46444130084638013,0.08498036303184524
14.963690879922273,427.3117824929671,303.472306494447,0.30743362472129054,2.29702821425834,4.359354315211235,1552.700995325914,5.826446974736655,0.04055458517484556,38286.69406015758,0.842110012271265,0.019591840493376523,0.9901556238827427,0.9979877204553522,0.005193561134161656,0.012302486290555161,140,17,dual-fidelity: 3D FDTD coupler/mode/bend + CMT Eqs 2-7,,0.997108772441386,0.27295859834200337,0.7694056032254994,0.10100443929274933,0.6752635775174128,0.02852340283882129,0.7086610413367255,0.08151434086755485
